use master
go
if  exists (select name from sysdatabases where name ='QLPKT')
drop database QLPKT
go 
create database QLPKT
go
use QLPKT
go


create table DN(
TENDN CHAR(40) not null primary key,
MK char(40))
go

create table DN2(
TENDN2 CHAR(40) not null primary key,
MK2 char(40))
go

create table DN3(
TENDN3 CHAR(40) not null primary key,
MK3 char(40))
go
 create table BenhNhan
 (
 MaBN nvarchar(10) primary key ,
 Hoten nvarchar(100),
 Namsinh int,
 Diachi nvarchar(500),
 Dienthoai varchar(10),
 Chuandoan nvarchar(max),
 BSCD nvarchar(max),
 NgayXN datetime
 )
 Create table Nhanvien(
 MaNV nvarchar(10) primary key ,
 Hoten nvarchar(100),
 Namsinh int,
 Gioitinh nvarchar(10),
 Diachi nvarchar(500),
 Dienthoai varchar(10),
 Chucvu nvarchar(max),
 )

 create table Xetnghiem
 (
 MaXN nvarchar(10) primary key,
 LoaiXN nvarchar( 40),
 TenXN nvarchar(40),
 GiaTien int,
 Donvi nvarchar(255),
 Chiso nvarchar(255)
 )
 create table Ketqua
 (
 MaBN nvarchar(10),
 MaXN nvarchar(10),
 Ketqua nvarchar(255),	
 )
 create table Thietbi
 (
 MaTB nvarchar(10),
 TenTB nvarchar(100),
 Soluong int,
 Nhasanxuat nvarchar(100),
 Dongia int,
 MaloaiTB nvarchar(10),
 Hinhanh image
 )

 create table Loaithietbi
 (
 MaloaiTB nvarchar(10),
 TenloaiTB nvarchar(100),
 )

--Đăng nhập
insert into DN(TENDN,MK) Values('admin','admin')
insert into DN(TENDN,MK) Values('hieukien','hieukien')
insert into DN2(TENDN2,MK2) Values('hieukien','hieukien')
insert into DN2(TENDN2,MK2) Values('BS001','123')
insert into DN2(TENDN2,MK2) Values('BS002','123')
insert into DN2(TENDN2,MK2) Values('BS003','123')
insert into DN3(TENDN3,MK3) Values('TN001','123')
insert into DN3(TENDN3,MK3) Values('thungan','thungan')
insert into DN3(TENDN3,MK3) Values('thungan1','thungan')
go
select * from DN2


--Nhân viên

begin
insert into Nhanvien(MaNV,Hoten,Namsinh,Gioitinh,Dienthoai,Diachi,Chucvu) values ('BS001',N'ĐOÀN THỊ NGA',1997,N'NỮ','0907053353',N'LONG AN',N'Bác sĩ')
insert into Nhanvien(MaNV,Hoten,Namsinh,Gioitinh,Dienthoai,Diachi,Chucvu) values ('BS002',N'NGUYỄN THỊ DIỄM PHƯƠNG',1998,N'NỮ','0907053355',N'BẠC LIÊU',N'Bác sĩ')
insert into Nhanvien(MaNV,Hoten,Namsinh,Gioitinh,Dienthoai,Diachi,Chucvu) values ('BS003',N'ÁI VIỆT',1990,N'NAM','0907053355',N'MỸ THO',N'Bác sĩ')
insert into Nhanvien(MaNV,Hoten,Namsinh,Gioitinh,Dienthoai,Diachi,Chucvu) values ('BS004',N'NGUYỄN THỊ TUYẾT VÂN',1988,N'NỮ','0907053355',N'CẦN THƠ',N'Bác sĩ')
insert into Nhanvien(MaNV,Hoten,Namsinh,Gioitinh,Dienthoai,Diachi,Chucvu) values ('BS005',N'TRẦN VIỆT TOÀN',1998,N'NAM','0907053355',N'LONG AN',N'Bác sĩ')
INSERT into Nhanvien(MaNV,Hoten,Namsinh,Gioitinh,Dienthoai,Diachi,Chucvu) VALUES ('BS006',N'NGUYỄN NGÂN',1985,N'NỮ','090191929',N'CẦN THƠ',N'Bác sĩ')
INSERT into Nhanvien(MaNV,Hoten,Namsinh,Gioitinh,Dienthoai,Diachi,Chucvu) VALUES ('BS008',N'NGUYỄN KIỀU NGÂN',1985,N'NỮ','0866273332',N'CẦN THƠ',N'Bác sĩ')
INSERT into Nhanvien(MaNV,Hoten,Namsinh,Gioitinh,Dienthoai,Diachi,Chucvu) VALUES ('BS009',N'LÊ TUẤN HƯNG',1995,N'NAM','0847263522',N'LONG AN',N'Bác sĩ')
INSERT into Nhanvien(MaNV,Hoten,Namsinh,Gioitinh,Dienthoai,Diachi,Chucvu) VALUES ('BS0010',N'NGUYỄN yẾN NHI',1995,N'NỮ','0906328428',N'CẦN THƠ',N'Bác sĩ')
INSERT into Nhanvien(MaNV,Hoten,Namsinh,Gioitinh,Dienthoai,Diachi,Chucvu) VALUES ('BS0011',N'NGUYỄN THỊ ÁNH HỒNG',1995,N'NỮ','0943742372',N'CẦN THƠ',N'Bác sĩ')

select BSCD from BenhNhan
delete from Nhanvien
Select MaNV ,Hoten,Namsinh,Gioitinh,Dienthoai,Diachi,Chucvu from Nhanvien
select top 1 MaNV from Nhanvien where MaNV ='BS' order by MaNV desc
Select MaNV ,Hoten,Namsinh from Nhanvien
Select * from Nhanvien
update Nhanvien set Hoten=N'NGUYỄN MY', Namsinh=1999, Gioitinh=N'NỮ', Dienthoai='234567819', Diachi=N'AN GIANG', Chucvu=N'Bác sĩ' where MaNV='BS006'
end

---Loại thiết bị
begin
insert into Loaithietbi(MaloaiTB, TenloaiTB) values ('PI001',N'THIẾT BỊ CHẨN ĐOÁN HÌNH ẢNH')
insert into Loaithietbi(MaloaiTB, TenloaiTB) values ('XN001',N'THIẾT BỊ XÉT NGHIỆM')
insert into Loaithietbi(MaloaiTB, TenloaiTB) values ('NS001',N'THIẾT BỊ NỘI SOI')
insert into Loaithietbi(MaloaiTB, TenloaiTB) values ('HT001',N'THIẾT BỊ HỖ TRỢ')


end

--Thiết bị
begin
insert into Thietbi (MaTB, TenTB, Soluong, Nhasanxuat, Dongia, MaloaiTB) Values ('TB001', N'Máy x quang c arm KTS (DR)', 1, 'Gemss', 1000000000, 'PI001')
insert into Thietbi (MaTB, TenTB, Soluong, Nhasanxuat, Dongia, MaloaiTB) Values ('TB002', N'Máy siêu âm Doppler màu - 3 đầu dò', 3, 'GE/G20', 50000000, 'PI001')
insert into Thietbi (MaTB, TenTB, Soluong, Nhasanxuat, Dongia, MaloaiTB) Values ('TB003', N'MÁY ĐO ĐỘ TẬP TRUNG IODE', 2, 'Capintec Inc', 100000000, 'PI001')
insert into Thietbi (MaTB, TenTB, Soluong, Nhasanxuat, Dongia, MaloaiTB) Values ('TB004', N'Hệ thống Cộng hưởng từ 1.5T với đủ các thiết bị phụ trợ và phụ kiện tiêu chuẩn', 1, 'GE', 30000000, 'PI001')
insert into Thietbi (MaTB, TenTB, Soluong, Nhasanxuat, Dongia, MaloaiTB) Values ('TB005', N'Hệ thống chụp cắt lớp vi tính 256 dãy – 512 lát/vòng quay, kèm phụ kiện tiêu chuẩn', 1, 'GE', 800000000, 'PI001')
insert into Thietbi (MaTB, TenTB, Soluong, Nhasanxuat, Dongia, MaloaiTB) Values ('TB006', N'Hệ thống Realtime PCR', 3, 'Roche', 100000000, 'NS001')
insert into Thietbi (MaTB, TenTB, Soluong, Nhasanxuat, Dongia, MaloaiTB) Values ('TB007', N'Máy giải trình tự gen', 1, 'ILLumina', 150000000, 'NS001')
insert into Thietbi (MaTB, TenTB, Soluong, Nhasanxuat, Dongia, MaloaiTB) Values ('TB008', N'Máy phân tích sinh hóa tự động >/ 1200 test/giờ', 1, 'Beckman Coulter', 20000000, 'NS001')
insert into Thietbi (MaTB, TenTB, Soluong, Nhasanxuat, Dongia, MaloaiTB) Values ('TB009', N'Máy phân tích miễn dịch tự động', 2, 'Beckman Coulter', 8000000, 'NS001')
insert into Thietbi (MaTB, TenTB, Soluong, Nhasanxuat, Dongia, MaloaiTB) Values ('TB010', N'Máy phân tích huyết học >/ 50 thông số', 4, 'Beckman Coulter', 9000000, 'NS001')
insert into Thietbi (MaTB, TenTB, Soluong, Nhasanxuat, Dongia, MaloaiTB) Values ('TB011', N'Hệ thống nội soi chẩn đoán tiêu hóa (dạ dày, tá tràng, đại tràng) ống mềm Video', 1, 'Fujifilm Corp', 6000000, 'NS001')
insert into Thietbi (MaTB, TenTB, Soluong, Nhasanxuat, Dongia, MaloaiTB) Values ('TB012', N'Bộ dụng cụ phẫu thuật nội soi đầu, cổ, xoang', 2, 'AESCULAP', 20000000, 'NS001')
insert into Thietbi (MaTB, TenTB, Soluong, Nhasanxuat, Dongia, MaloaiTB) Values ('TB013', N'Bộ dụng cụ phẫu thuật nội soi tiết niệu', 2, 'Olympus', 4000000, 'NS001')
insert into Thietbi (MaTB, TenTB, Soluong, Nhasanxuat, Dongia, MaloaiTB) Values ('TB014', N'Bàn làm bột bó xương (bàn kéo nắn bó bột)', 5, 'MEF 130', 200000, 'HT001')
insert into Thietbi (MaTB, TenTB, Soluong, Nhasanxuat, Dongia, MaloaiTB) Values ('TB015', N'Cáng đẩy', 10, 'Hoang Nguyen', 900000, 'HT001')
insert into Thietbi (MaTB, TenTB, Soluong, Nhasanxuat, Dongia, MaloaiTB) Values ('TB016', N'Cân trọng lượng 120kg (điện tử)', 3, 'YuYue', 300000, 'HT001')

select * from Thietbi
select MaTB, TenTB, Soluong, Nhasanxuat, Dongia, MaloaiTB from Thietbi where MaloaiTB = 'HT001'
end

 --Benhnhan
 DELETE FROM BenhNhan
 select *from BenhNhan 
begin
insert into BenhNhan(MaBN,Hoten,Namsinh,Diachi,Dienthoai,Chuandoan,BSCD,NgayXN) values ('2713 ',N' HUỲNH THỊ BÍCH CHI', 2000,N'CHỢ GẠO - TG','123456789',NULL,N'BS ĐOÀN THỊ NGA','11/10/2022')
insert into BenhNhan(MaBN,Hoten,Namsinh,Diachi,Dienthoai,Chuandoan,BSCD,NgayXN) values ('2714 ',N' NGUYỄN THỊ MỸ DUNG', 1984,N'LONG AN','0907813069',N'THAI / TSG',N'BS ĐOÀN THỊ NGA','11/10/2022')
insert into BenhNhan(MaBN,Hoten,Namsinh,Diachi,Dienthoai,Chuandoan,BSCD,NgayXN) values ('2715 ',N' BÙI THỊ DIỄM', 1990,N'BẾN TRE','0939834201','THAI',N'BS ĐOÀN THỊ NGA','12/10/2022')
insert into BenhNhan(MaBN,Hoten,Namsinh,Diachi,Dienthoai,Chuandoan,BSCD,NgayXN) values ('2716 ',N' LÊ NGUYỄN HUỆ HÂN', 1993,N'CHỢ GẠO - TG','0988365234',NULL,N'BS NGUYỄN THỊ DIỄM PHƯƠNG','10/13/2022')
insert into BenhNhan(MaBN,Hoten,Namsinh,Diachi,Dienthoai,Chuandoan,BSCD,NgayXN) values ('2717 ',N' NGUYỄN THỊ THÙY TRANG', 1993,N'THÂN CỬU NGHĨA - CHÂU THÀNH - TG','0862896317',N'THAI 13 TUẦN 2 NGÀY',N'BS ĐOÀN THỊ NGA','10/13/2022')
insert into BenhNhan(MaBN,Hoten,Namsinh,Diachi,Dienthoai,Chuandoan,BSCD,NgayXN) values ('2718 ',N' NGUYỄN THỊ BÉ THẢO', 1996,N'P2 - MT - TG','0377068939',N'THAI 12 TUẦN 1 NGÀY',N'BS ĐOÀN THỊ NGA','10/13/2022')
insert into BenhNhan(MaBN,Hoten,Namsinh,Diachi,Dienthoai,Chuandoan,BSCD,NgayXN) values ('2719 ',N' NGUYỄN THỊ YẾN HUỲNH', 1994,N'P1 - MT - TG','0369532219',N'THAI 12 TUẦN 3 NGÀY',N'BS ĐOÀN THỊ NGA','10/13/2022')
insert into BenhNhan(MaBN,Hoten,Namsinh,Diachi,Dienthoai,Chuandoan,BSCD,NgayXN) values ('2720 ',N' TRẦN THỊ THÙY ANH', 1994,N'CHỢ GẠO - TG','0939142250',N'THAI 9 TUẦN 4 NGÀY',N'BS ĐOÀN THỊ NGA','10/13/2022')
insert into BenhNhan(MaBN,Hoten,Namsinh,Diachi,Dienthoai,Chuandoan,BSCD,NgayXN) values ('2721 ',N' HUỲNH THỊ NGỌC THẮM', 1991,N'CHÂU THÀNH - TG','0979001787',N'THAI 15 TUẦN 3 NGÀY ( LÀM LẠI )',N'BS ĐOÀN THỊ NGA','10/13/2022')
insert into BenhNhan(MaBN,Hoten,Namsinh,Diachi,Dienthoai,Chuandoan,BSCD,NgayXN) values ('2722 ',N' HUỲNH THỊ CẨM TIÊN', 1996,N'MỸ PHONG - MT - TG','0375482541',N'THAI 9 TUẦN 5 NGÀY',N'BS ĐOÀN THỊ NGA','10/13/2022')
insert into BenhNhan(MaBN,Hoten,Namsinh,Diachi,Dienthoai,Chuandoan,BSCD,NgayXN) values ('2723 ',N' LÊ THỊ KHA', 1996,N'P10 - MT - TG','0907163831',N'THAI 17 TUẦN ( LÀM LẠI )',N'BS ĐOÀN THỊ NGA','10/13/2022')
insert into BenhNhan(MaBN,Hoten,Namsinh,Diachi,Dienthoai,Chuandoan,BSCD,NgayXN) values ('2724 ',N' NGUYỄN THỊ HUỲNH NHƯ', 1999,N'CHỢ GẠO - TG','086587657',N'THAI 12 TUẦN 2 NGÀY',N'BS ĐOÀN THỊ NGA','10/13/2022')
insert into BenhNhan(MaBN,Hoten,Namsinh,Diachi,Dienthoai,Chuandoan,BSCD,NgayXN) values ('2725 ',N' BÙI THỊ CẨM TIÊN', 1999,N'CHÂU THÀNH - TG','0339248268',N'THAI 11 TUẦN 4 NGÀY',N'BS ĐOÀN THỊ NGA','10/13/2022')
insert into BenhNhan(MaBN,Hoten,Namsinh,Diachi,Dienthoai,Chuandoan,BSCD,NgayXN) values ('2726 ',N' TẠ THỊ PHƯƠNG HUỆ', 42,N'P5 - MỸ THO - TG','0942320920',N'TRỄ KINH',N'BS.CKI NGUYỄN NGỌC THANH','10/15/2022')
insert into BenhNhan(MaBN,Hoten,Namsinh,Diachi,Dienthoai,Chuandoan,BSCD,NgayXN) values ('2727 ',N' NGUYỄN THỊ THẮM', 1995,N'CHỢ GẠO','0383653073',N'THAI',N'BS NGUYỄN THỊ DIỄM PHƯƠNG','10/15/2022')
insert into BenhNhan(MaBN,Hoten,Namsinh,Diachi,Dienthoai,Chuandoan,BSCD,NgayXN) values ('2728 ',N' HUỲNH THỊ KIM NGÂN', 2002,N'P4 - MT - TG','0981529038',N'THAI',N'BS NGUYỄN THỊ DIỄM PHƯƠNG','10/15/2022')
insert into BenhNhan(MaBN,Hoten,Namsinh,Diachi,Dienthoai,Chuandoan,BSCD,NgayXN) values ('2729 ',N' BÙI THỊ ANH ĐÀO', 1995,N'P9 - MT - TG','0949957839',N'THAI',N'BS NGUYỄN THỊ DIỄM PHƯƠNG','10/15/2022')
insert into BenhNhan(MaBN,Hoten,Namsinh,Diachi,Dienthoai,Chuandoan,BSCD,NgayXN) values ('2730 ',N' NGUYỄN THỊ KIM THOA', 1992,N'TÂN PHƯỚC - TG',NULL,N'THAI',N'BS NGUYỄN THỊ THU THỦY','10/15/2022')
insert into BenhNhan(MaBN,Hoten,Namsinh,Diachi,Dienthoai,Chuandoan,BSCD,NgayXN) values ('2731 ',N' NGUYỄN THỊ CẨM TIÊN', 25,N'TÂN PHÚ ĐÔNG - TG',NULL,N'THAI',N'BS NGUYỄN THỊ THU THỦY','10/15/2022')
insert into BenhNhan(MaBN,Hoten,Namsinh,Diachi,Dienthoai,Chuandoan,BSCD,NgayXN) values ('2732 ',N' DƯƠNG THỊ DINH', 1996,N'MỸ PHƯỚC - TÂN PHƯỚC - TG','0336732934',N'THAI',N'BS NGUYỄN THỊ THU THỦY','10/15/2022')
insert into BenhNhan(MaBN,Hoten,Namsinh,Diachi,Dienthoai,Chuandoan,BSCD,NgayXN) values ('2733 ',N' NGUYỄN THỊ THU THỦY', 1997,N'TÂN LẬP 2 - TÂN PHƯỚC - TG',NULL,NULL,N'BS NGUYỄN THỊ THU THỦY','10/16/2022')
insert into BenhNhan(MaBN,Hoten,Namsinh,Diachi,Dienthoai,Chuandoan,BSCD,NgayXN) values ('2734 ',N' ĐẶNG THỊ THÚY QUỲNH', 2001,N'LONG HƯNG - CT - TG',NULL,NULL,N'BS NGUYỄN THỊ THU THỦY','10/16/2022')
insert into BenhNhan(MaBN,Hoten,Namsinh,Diachi,Dienthoai,Chuandoan,BSCD,NgayXN) values ('2735 ',N' TRẦN THỊ THU TRÚC', 1988,N'NHỊ BÌNH - CT - TG','0972869795','THAI 12 TUẦN 4 NGÀY',N'BS ĐOÀN THỊ NGA','10/19/2022')
insert into BenhNhan(MaBN,Hoten,Namsinh,Diachi,Dienthoai,Chuandoan,BSCD,NgayXN) values ('2736 ',N' NGUYỄN KIM NGÂN', 1994,N'P3 - MT - TG','0963868327',N'THAI 12 TUẦN',N'BS ĐOÀN THỊ NGA','10/19/2022')
insert into BenhNhan(MaBN,Hoten,Namsinh,Diachi,Dienthoai,Chuandoan,BSCD,NgayXN) values ('2737 ',N' LƯU HOÀNG NGỌC SƯƠNG', 2004,N'LONG AN - CHÂU THÀNH - TG','0399372302',N'THAI 6 TUẦN 4 NGÀY',N'BS ĐOÀN THỊ NGA','10/19/2022')
insert into BenhNhan(MaBN,Hoten,Namsinh,Diachi,Dienthoai,Chuandoan,BSCD,NgayXN) values ('2738 ',N' TRẦN THỊ KIM CHI', 1999,N'P7 - MT - TG','0944932997',N'THAI 5 TUẦN 6 NGÀY',N'BS ĐOÀN THỊ NGA','10/19/2022')
insert into BenhNhan(MaBN,Hoten,Namsinh,Diachi,Dienthoai,Chuandoan,BSCD,NgayXN) values ('2739 ',N' NGUYỄN THỊ KIỀU OANH', 2000,N'TÂN HƯNG - CÁI BÈ - TG','0703142000',N'THAI 30 TUẦN 3 NGÀY',N'BS ĐOÀN THỊ NGA','10/19/2022')
insert into BenhNhan(MaBN,Hoten,Namsinh,Diachi,Dienthoai,Chuandoan,BSCD,NgayXN) values ('2740 ',N' TRƯƠNG THỊ KIM TUYẾN', 1985,N'BÌNH ĐẠI - BẾN TRE','0396189017',N'THAI 8 TUẦN 6 NGÀY',N'BS ĐOÀN THỊ NGA','10/19/2022')
insert into BenhNhan(MaBN,Hoten,Namsinh,Diachi,Dienthoai,Chuandoan,BSCD,NgayXN) values ('2741 ',N' TRẦN THỊ ĐẸP', 1990,N'LONG HƯNG - CT - TG','0344187923',N'THAI',N'BS ĐOÀN THỊ NGA','10/19/2022')
insert into BenhNhan(MaBN,Hoten,Namsinh,Diachi,Dienthoai,Chuandoan,BSCD,NgayXN) values ('2742 ',N' NGUYỄN THỊ KIM QUYÊN', 1989,N'PHƯỚC THẠNH - MT - TG','0387778784',N'THAI 8 TUẦN 5 NGÀY',N'BS ĐOÀN THỊ NGA','10/19/2022')
insert into BenhNhan(MaBN,Hoten,Namsinh,Diachi,Dienthoai,Chuandoan,BSCD,NgayXN) values ('2743 ',N' TRẦN THỊ YẾN', 1994,N'P5 - MT - TG','0373485727',N'THAI 7 TUẦN',N'BS ĐOÀN THỊ NGA','10/19/2022')
insert into BenhNhan(MaBN,Hoten,Namsinh,Diachi,Dienthoai,Chuandoan,BSCD,NgayXN) values ('2744 ',N' HUỲNH THỊ KIM THANH', 1992,N'TÂN LONG - MT - TG','0826067826',N'THAI 9 TUẦN',N'BS ĐOÀN THỊ NGA','10/19/2022')
insert into BenhNhan(MaBN,Hoten,Namsinh,Diachi,Dienthoai,Chuandoan,BSCD,NgayXN) values ('2745 ',N' TRẦN THỊ THU THỦY', 1995,N'CAI LẬY - TG','0973720759',N'THAI 5 TUẦN 5 NGÀY',N'BS ĐOÀN THỊ NGA','10/19/2022')
insert into BenhNhan(MaBN,Hoten,Namsinh,Diachi,Dienthoai,Chuandoan,BSCD,NgayXN) values ('2746 ',N' NGUYỄN CÚC NHƯ NGỌC', 1990,N'P6 - MT - TG','0985056419',N'THAI 12 TUẦN 4 NGÀY',N'BS NGUYỄN THỊ DIỄM PHƯƠNG','10/19/2022')
insert into BenhNhan(MaBN,Hoten,Namsinh,Diachi,Dienthoai,Chuandoan,BSCD,NgayXN) values ('2747 ',N' LÊ THỊ BÍCH TUYỀN', 2001,N'TÂN MỸ CHÁNH','0704901433',NULL,N'BS NGUYỄN THỊ DIỄM PHƯƠNG','10/25/2022')
insert into BenhNhan(MaBN,Hoten,Namsinh,Diachi,Dienthoai,Chuandoan,BSCD,NgayXN) values ('2748 ',N' LÊ THỊ CẨM TÚ', 1996,N'CAI LẬY','0379906494',N'THAI',N'BS NGUYỄN THỊ DIỄM PHƯƠNG','10/25/2022')
insert into BenhNhan(MaBN,Hoten,Namsinh,Diachi,Dienthoai,Chuandoan,BSCD,NgayXN) values ('2749 ',N' NGUYỄN THỊ ĐẤU', 1990,N'CHÂU THÀNH - TG','0939229490',N'THAI',N'BS NGUYỄN THỊ DIỄM PHƯƠNG','10/25/2022')
insert into BenhNhan(MaBN,Hoten,Namsinh,Diachi,Dienthoai,Chuandoan,BSCD,NgayXN) values ('2750 ',N' NGUYỄN HẢI YẾN', 1996,N'TRUNG AN - MT - TG','0924165036',N'THAI 12 TUẦN',N'BS NGUYỄN THỊ DIỄM PHƯƠNG','10/25/2022')
insert into BenhNhan(MaBN,Hoten,Namsinh,Diachi,Dienthoai,Chuandoan,BSCD,NgayXN) values ('2751 ',N' NGUYỄN THỊ TRÚC NGÂN', 2000,N'BA TRI - BẾN TRE','0775880970',N'THAI 8 TUẦN',N'BS ĐOÀN THỊ NGA','10/26/2022')
insert into BenhNhan(MaBN,Hoten,Namsinh,Diachi,Dienthoai,Chuandoan,BSCD,NgayXN) values ('2752 ',N' TRẦN THỊ MỤI', 1992,N'THẠNH PHÚ - CT - TG','0393443021',N'THAI 9 TUẦN 2 NGÀY',N'BS ĐOÀN THỊ NGA','10/26/2022')
insert into BenhNhan(MaBN,Hoten,Namsinh,Diachi,Dienthoai,Chuandoan,BSCD,NgayXN) values ('2753 ',N' PHAN THỊ THANH NGÂN', 2001,N'CHÂU THÀNH - TG','0379760240',N'THAI 11 TUẦN 6 NGÀY',N'BS ĐOÀN THỊ NGA','10/26/2022')
insert into BenhNhan(MaBN,Hoten,Namsinh,Diachi,Dienthoai,Chuandoan,BSCD,NgayXN) values ('2754 ',N' TRẦN THỊ OANH', 1999,N'ĐẠO THẠNH - MT - TG','0367641233',N'THAI 11 TUẦN 6 NGÀY',N'BS ĐOÀN THỊ NGA','10/26/2022')
insert into BenhNhan(MaBN,Hoten,Namsinh,Diachi,Dienthoai,Chuandoan,BSCD,NgayXN) values ('2755 ',N' NGUYỄN NHƯ QUỲNH', 1991,N'P5 - MT - TG','0938138728',N'THAI 12 TUẦN 2 NGÀY',N'BS ĐOÀN THỊ NGA','10/26/2022')
insert into BenhNhan(MaBN,Hoten,Namsinh,Diachi,Dienthoai,Chuandoan,BSCD,NgayXN) values ('2756 ',N' LÂM THÁI VY', 2000,N'P5 - MT - TG','0924387065',N'THAI 12 TUẦN',N'BS ĐOÀN THỊ NGA','10/26/2022')
insert into BenhNhan(MaBN,Hoten,Namsinh,Diachi,Dienthoai,Chuandoan,BSCD,NgayXN) values ('2757 ',N' NGUYỄN THỊ HỒNG HẠNH', 1998,N'CHÂU THÀNH - TG','0397879988',N'THAI 8 TUẦN 1 NGÀY',N'BS ĐOÀN THỊ NGA','10/26/2022')
insert into BenhNhan(MaBN,Hoten,Namsinh,Diachi,Dienthoai,Chuandoan,BSCD,NgayXN) values ('2758 ',N' PHẠM THANH TIỀN', 1983,N'P2 - MT - TG','0907669363',N'THAI 36 TUẦN 5 NGÀY',N'BS ĐOÀN THỊ NGA','10/26/2022')
insert into BenhNhan(MaBN,Hoten,Namsinh,Diachi,Dienthoai,Chuandoan,BSCD,NgayXN) values ('2759 ',N' PHẠM THANH TIỀN', 1983,N'P2 - MT - TG','0907669363',N'THAI 36 TUẦN 5 NGÀY',N'BS ĐOÀN THỊ NGA','10/26/2022')
insert into BenhNhan(MaBN,Hoten,Namsinh,Diachi,Dienthoai,Chuandoan,BSCD,NgayXN) values ('2760 ',N' NGUYỄN THỊ THANH HỒNG', 1986,N'CHỢ GẠO - TG','0789554374',N'THAI 14 TUẦN 3 NGÀY',N'BS ĐOÀN THỊ NGA','10/26/2022')
insert into BenhNhan(MaBN,Hoten,Namsinh,Diachi,Dienthoai,Chuandoan,BSCD,NgayXN) values ('2761 ',N' NGUYỄN THỊ DIỄM', 1984,N'TRUNG AN - MT - TG',NULL,NULL,N'BS NGUYỄN THỊ THU THỦY','10/27/2022')
insert into BenhNhan(MaBN,Hoten,Namsinh,Diachi,Dienthoai,Chuandoan,BSCD,NgayXN) values ('2762 ',N' BÙI THỊ YẾN NHI', 1983,N'PHƯỚC LẬP - TÂN PHƯỚC - TG',NULL,NULL,N'BS NGUYỄN THỊ THU THỦY','10/29/2022')
insert into BenhNhan(MaBN,Hoten,Namsinh,Diachi,Dienthoai,Chuandoan,BSCD,NgayXN) values ('2763 ',N' LÊ THỊ HOÀNG YẾN', 1990,NULL,NULL,NULL,N'BS ÁI VIỆT','10/29/2022')
insert into BenhNhan(MaBN,Hoten,Namsinh,Diachi,Dienthoai,Chuandoan,BSCD,NgayXN) values ('2764 ',N' NGUYỄN THỊ KIM YẾN', 1974,NULL,NULL,NULL,N'BS ÁI VIỆT','10/29/2022')
insert into BenhNhan(MaBN,Hoten,Namsinh,Diachi,Dienthoai,Chuandoan,BSCD,NgayXN) values ('2765 ',N' ĐINH PHƯƠNG VŨ', 1986,NULL,NULL,NULL,N'BS ÁI VIỆT','10/29/2022')
insert into BenhNhan(MaBN,Hoten,Namsinh,Diachi,Dienthoai,Chuandoan,BSCD,NgayXN) values ('2766 ',N' VÕ THỊ THẢO NGUYÊN', 1996,N'TX GÒ CÔNG - TG','0907805599','IUI',N'BS ĐOÀN THỊ NGA','10/31/2022')
insert into BenhNhan(MaBN,Hoten,Namsinh,Diachi,Dienthoai,Chuandoan,BSCD,NgayXN) values ('2767 ',N' CHÂU THANH TRÚC', 2002,N'P5 - MT - TG','0939821870','THAI 12 TUẦN 3 NGÀY',N'BS NGUYỄN THỊ DIỄM PHƯƠNG','10/31/2022')
insert into BenhNhan(MaBN,Hoten,Namsinh,Diachi,Dienthoai,Chuandoan,BSCD,NgayXN) values ('2768 ',N' TRẦN THỊ HẰNG', 1993,N'P9 - MT - TG','0869183786','THAI 11 TUẦN 3 NGÀY',N'BS NGUYỄN THỊ DIỄM PHƯƠNG','10/31/2022')
insert into BenhNhan(MaBN,Hoten,Namsinh,Diachi,Dienthoai,Chuandoan,BSCD,NgayXN) values ('2769 ',N' LÊ THỊ VUI', 28,N'CHÂU THÀNH',NULL,NULL,N'BS ĐOÀN THỊ NGA','10/31/2022')
insert into BenhNhan(MaBN,Hoten,Namsinh,Diachi,Dienthoai,Chuandoan,BSCD,NgayXN) values ('2770 ',N' NGUYỄN THỊ TRÚC LINH', 1992,N'TÂN LÝ ĐÔNG - CT - TG','0978825717','THAI 12 TUẦN 1 NGÀY',N'BS ĐOÀN THỊ NGA','11/01/2022')
insert into BenhNhan(MaBN,Hoten,Namsinh,Diachi,Dienthoai,Chuandoan,BSCD,NgayXN) values ('2771 ',N' ĐẶNG THỊ CẨM TIÊN', 2003,N'HÒA KHÁNH - CB - TG','0358962685','THAI 12 TUẦN 2 NGÀY',N'BS ĐOÀN THỊ NGA','11/01/2022')
insert into BenhNhan(MaBN,Hoten,Namsinh,Diachi,Dienthoai,Chuandoan,BSCD,NgayXN) values ('2772 ',N' NGUYỄN THỊ KIM QUYÊN', 1995,N'TÂN PHƯỚC - TG','0869289872','THAI 12 TUẦN 5 NGÀY',N'BS ĐOÀN THỊ NGA','11/01/2022')
insert into BenhNhan(MaBN,Hoten,Namsinh,Diachi,Dienthoai,Chuandoan,BSCD,NgayXN) values ('2773 ',N' NGÔ THỊ NGỌC HẠNH', 1994,N'TAM HIỆP - CT - TG','0336454147','THAI 12 TUẦN',N'BS ĐOÀN THỊ NGA','11/01/2022')
insert into BenhNhan(MaBN,Hoten,Namsinh,Diachi,Dienthoai,Chuandoan,BSCD,NgayXN) values ('2774 ',N' TRƯƠNG THỊ KIỀU MY', 1996,N'P8 - MT - TG','0355243372','THAI 12 TUẦN 1 NGÀY',N'BS ĐOÀN THỊ NGA','11/01/2022')
insert into BenhNhan(MaBN,Hoten,Namsinh,Diachi,Dienthoai,Chuandoan,BSCD,NgayXN) values ('2775 ',N' NGUYỄN THÀNH NAM', 1993,N'TÂN PHÚ ĐÔNG - TG','0906881817','KTSK',N'BS ĐOÀN THỊ NGA','11/01/2022')
insert into BenhNhan(MaBN,Hoten,Namsinh,Diachi,Dienthoai,Chuandoan,BSCD,NgayXN) values ('2776 ',N' ĐẶNG THỊ SAO LY', 1989,N'CHÂU THÀNH - TG','0388189397','THAI 7 TUẦN 3 NGÀY',N'BS ĐOÀN THỊ NGA','11/01/2022')
insert into BenhNhan(MaBN,Hoten,Namsinh,Diachi,Dienthoai,Chuandoan,BSCD,NgayXN) values ('2777 ',N' PHẠM THỊ CẦM', 1999,N'PHONG ĐIỀN - CẦN THƠ','0706319989','THAI',N'BS ĐOÀN THỊ NGA','11/01/2022')
insert into BenhNhan(MaBN,Hoten,Namsinh,Diachi,Dienthoai,Chuandoan,BSCD,NgayXN) values ('2778 ',N' ĐỒNG THỊ TRÚC PHƯƠNG', 1990,N'P2 - MT - TG','0382671394','THAI 8 TUẦN 3 NGÀY',N'BS ĐOÀN THỊ NGA','11/01/2022')
insert into BenhNhan(MaBN,Hoten,Namsinh,Diachi,Dienthoai,Chuandoan,BSCD,NgayXN) values ('2779 ',N' NGUYỄN THỊ THU THẢO', 1991,N'P2 - MT - TG','0986923654','THAI 7 TUẦN',N'BS ĐOÀN THỊ NGA','11/01/2022')
insert into BenhNhan(MaBN,Hoten,Namsinh,Diachi,Dienthoai,Chuandoan,BSCD,NgayXN) values ('2780 ',N' NGUYỄN THỊ HOÀNG TRÂM', 2005,N'P9 - MT - TG','0795871846','THAI 7 TUẦN 6 NGÀY',N'BS ĐOÀN THỊ NGA','11/01/2022')
insert into BenhNhan(MaBN,Hoten,Namsinh,Diachi,Dienthoai,Chuandoan,BSCD,NgayXN) values ('2781 ',N' NGUYỄN NGỌC MAI', 1992,N'P6 - MT - TG','0988095792',NULL,N'BS ĐOÀN THỊ NGA','11/02/2022')
insert into BenhNhan(MaBN,Hoten,Namsinh,Diachi,Dienthoai,Chuandoan,BSCD,NgayXN) values ('2782 ',N' NGUYỄN HOÀNG TỐ CHÂU', 1992,N'CHỢ GẠO - TG','0385044848',NULL,N'BS NGUYỄN THỊ THU THỦY','11/03/2022')
insert into BenhNhan(MaBN,Hoten,Namsinh,Diachi,Dienthoai,Chuandoan,BSCD,NgayXN) values ('2783 ',N' NGUYỄN THỊ HOÀNG NHUNG', 1998,N'P2 - MT - TG','0947427012','THAI',N'BS NGUYỄN THỊ DIỄM PHƯƠNG','11/06/2022')
insert into BenhNhan(MaBN,Hoten,Namsinh,Diachi,Dienthoai,Chuandoan,BSCD,NgayXN) values ('2784 ',N' NGUYỄN MINH HOÀNG', 1989,N'P6 - MT - TG',NULL,'KTSK',N'BS NGUYỄN THỊ DIỄM PHƯƠNG','11/06/2022')
insert into BenhNhan(MaBN,Hoten,Namsinh,Diachi,Dienthoai,Chuandoan,BSCD,NgayXN) values ('2785 ',N' NGUYỄN NGỌC TIỀN', 2000,N'CHÂU THÀNH - TG','0868897137','THAI',N'BS NGUYỄN THỊ DIỄM PHƯƠNG','11/06/2022')
insert into BenhNhan(MaBN,Hoten,Namsinh,Diachi,Dienthoai,Chuandoan,BSCD,NgayXN) values ('2786 ',N' TRẦN THỊ KIM NHUNG', 1995,N'CHỢ GẠO - TG','0347865187','THAI 12 TUẦN 5 NGÀY',N'BS ĐOÀN THỊ NGA','11/07/2022')
insert into BenhNhan(MaBN,Hoten,Namsinh,Diachi,Dienthoai,Chuandoan,BSCD,NgayXN) values ('2787 ',N' NGÔ THỊ HUỲNH NHƯ', 1996,N'CHÂU THÀNH - TG','0967126912','THAI 7 TUẦN',N'BS ĐOÀN THỊ NGA','11/07/2022')
insert into BenhNhan(MaBN,Hoten,Namsinh,Diachi,Dienthoai,Chuandoan,BSCD,NgayXN) values ('2788 ',N' NGUYỄN MINH TRUNG', 1995,N'CHÂU THÀNH - TG','0966073540','KTSK',N'BS ĐOÀN THỊ NGA','11/07/2022')
insert into BenhNhan(MaBN,Hoten,Namsinh,Diachi,Dienthoai,Chuandoan,BSCD,NgayXN) values ('2789 ',N' HUỲNH THỊ MỸ TIÊN', 2003,N'CG - TG','0337451109','THAI 34 TUẦN 1 NGÀY',N'BS ĐOÀN THỊ NGA','11/07/2022')
insert into BenhNhan(MaBN,Hoten,Namsinh,Diachi,Dienthoai,Chuandoan,BSCD,NgayXN) values ('2790 ',N' HUỲNH THỊ MỸ TIÊN', 2003,N'CHỢ GẠO - TG','0337451109','THAI 34 TUẦN 1 NGÀY',N'BS ĐOÀN THỊ NGA','11/07/2022')
insert into BenhNhan(MaBN,Hoten,Namsinh,Diachi,Dienthoai,Chuandoan,BSCD,NgayXN) values ('2791 ',N' LÊ VĂN TRUNG', 1985,N'BÌNH ĐẠI - BẾN TRE',NULL,'KTSK',N'BS ĐOÀN THỊ NGA','11/07/2022')
insert into BenhNhan(MaBN,Hoten,Namsinh,Diachi,Dienthoai,Chuandoan,BSCD,NgayXN) values ('2792 ',N' NGUYỄN THỊ NGỌC HÂN', 1987,N'MỸ PHONG',NULL,'THAI 39 TUẦN 2 NGÀY',N'BS ĐOÀN THỊ NGA','11/07/2022')
insert into BenhNhan(MaBN,Hoten,Namsinh,Diachi,Dienthoai,Chuandoan,BSCD,NgayXN) values ('2793 ',N' TRÌNH THỊ CẨM NHUNG', 1996,N'TÂN PHƯỚC - TG','0327673740','THAI / TSG',N'BS ĐOÀN THỊ NGA','11/07/2022')
insert into BenhNhan(MaBN,Hoten,Namsinh,Diachi,Dienthoai,Chuandoan,BSCD,NgayXN) values ('2794 ',N' NGUYỄN THỊ NGÂN', 1996,N'P6',NULL,'THAI 11 TUẦN',N'BS ĐOÀN THỊ NGA','11/10/2022')
insert into BenhNhan(MaBN,Hoten,Namsinh,Diachi,Dienthoai,Chuandoan,BSCD,NgayXN) values ('2795 ',N' PHẠM HOÀNG ĐÔNG ĐÔNG', 1996,N'P3 - MT - TG','0817760022',NULL,N'BS ĐOÀN THỊ NGA','11/11/2022')
insert into BenhNhan(MaBN,Hoten,Namsinh,Diachi,Dienthoai,Chuandoan,BSCD,NgayXN) values ('2796 ',N' NGUYỄN THÁI BÌNH', 2000,NULL,NULL,NULL,N'BS ÁI VIỆT','11/11/2022')
insert into BenhNhan(MaBN,Hoten,Namsinh,Diachi,Dienthoai,Chuandoan,BSCD,NgayXN) values ('2797 ',N' ĐÀO THỊ THU CÚC', 1983,N'TÂN HIỆP - CT - TG','0903320947',NULL,N'BS ĐOÀN THỊ NGA','11/12/2022')
insert into BenhNhan(MaBN,Hoten,Namsinh,Diachi,Dienthoai,Chuandoan,BSCD,NgayXN) values ('2798 ',N' NGUYỄN THỊ PHƯƠNG UYÊN', 1994,N'ĐỒNG THÁP','0775878933','THAI 12 TUẦN 2 NGÀY',N'BS ĐOÀN THỊ NGA','11/13/2022')
insert into BenhNhan(MaBN,Hoten,Namsinh,Diachi,Dienthoai,Chuandoan,BSCD,NgayXN) values ('2799 ',N' TRƯƠNG THỊ DIỄM THÚY', 1988,N'MỸ PHONG - MT - TG','0982453265','THAI 15 TUẦN 4 NGÀY',N'BS ĐOÀN THỊ NGA','11/13/2022')
insert into BenhNhan(MaBN,Hoten,Namsinh,Diachi,Dienthoai,Chuandoan,BSCD,NgayXN) values ('2800 ',N' NGUYỄN THỊ MỘNG HUỲNH', 1997,N'LONG AN - CT - TG','0797305538','THAI 9 TUẦN 4 NGÀY',N'BS ĐOÀN THỊ NGA','11/13/2022')
insert into BenhNhan(MaBN,Hoten,Namsinh,Diachi,Dienthoai,Chuandoan,BSCD,NgayXN) values ('2801 ',N' NGUYỄN THỊ MỸ TIÊN', 1993,N'P6 - MT - TG','0352560269','KTSK',N'BS ĐOÀN THỊ NGA','11/13/2022')
insert into BenhNhan(MaBN,Hoten,Namsinh,Diachi,Dienthoai,Chuandoan,BSCD,NgayXN) values ('2802 ',N' VÕ THỊ THU HIỀN', 1998,N'TX CAI LẬY - TG','0338556160','THAI 8 TUẦN',N'BS ĐOÀN THỊ NGA','11/13/2022')
insert into BenhNhan(MaBN,Hoten,Namsinh,Diachi,Dienthoai,Chuandoan,BSCD,NgayXN) values ('2803 ',N' LÊ CẨM THÚY', 1996,N'TRUNG AN','0968565494','THAI 8 TUẦN 2 NGÀY',N'BS ĐOÀN THỊ NGA','11/13/2022')
insert into BenhNhan(MaBN,Hoten,Namsinh,Diachi,Dienthoai,Chuandoan,BSCD,NgayXN) values ('2804 ',N' NGUYỄN THỊ NGỌC LAN', 1997,N'CHÂU THÀNH - TG','0347821950','THAI 16 TUẦN 4 NGÀY',N'BS ĐOÀN THỊ NGA','11/13/2022')
insert into BenhNhan(MaBN,Hoten,Namsinh,Diachi,Dienthoai,Chuandoan,BSCD,NgayXN) values ('2805 ',N' PHẠM THỊ HỒNG NHUNG', 1998,N'P9','0794250316','THAI 12 TUẦN 3 NGÀY',N'BS ĐOÀN THỊ NGA','11/13/2022')
insert into BenhNhan(MaBN,Hoten,Namsinh,Diachi,Dienthoai,Chuandoan,BSCD,NgayXN) values ('2806 ',N' VÕ NGUYỄN THANH THẢO', 1999,N'P10','0794848120','THAI 12 TUẦN 6 NGÀY',N'BS ĐOÀN THỊ NGA','11/13/2022')
insert into BenhNhan(MaBN,Hoten,Namsinh,Diachi,Dienthoai,Chuandoan,BSCD,NgayXN) values ('2807 ',N' HUỲNH THỊ THÙY DƯƠNG', 1991,N'CHÂU THÀNH','0908841104','THAI 12 TUẦN 5 NGÀY',N'BS ĐOÀN THỊ NGA','11/13/2022')
insert into BenhNhan(MaBN,Hoten,Namsinh,Diachi,Dienthoai,Chuandoan,BSCD,NgayXN) values ('2808 ',N' HỒ THỊ KIỀU', 1991,N'P4','0978087247','THAI 12 TUẦN 1 NGÀY',N'BS ĐOÀN THỊ NGA','11/13/2022')
insert into BenhNhan(MaBN,Hoten,Namsinh,Diachi,Dienthoai,Chuandoan,BSCD,NgayXN) values ('2809 ',N' ĐÀO THỊ THU CÚC', 1983,N'TÂN HIỆP - CHÂU THÀNH - TG','0903320947',NULL,N'BS ĐOÀN THỊ NGA','11/14/2022')
insert into BenhNhan(MaBN,Hoten,Namsinh,Diachi,Dienthoai,Chuandoan,BSCD,NgayXN) values ('2810 ',N' LƯU THỊ DIỄM TRANG', 1983,N'P8 - MT - TG',NULL,'THAI / TSG',N'BS ĐOÀN THỊ NGA','11/14/2022')
insert into BenhNhan(MaBN,Hoten,Namsinh,Diachi,Dienthoai,Chuandoan,BSCD,NgayXN) values ('2811 ',N' LƯU THỊ DIỄM TRANG', 1983,N'P8 - MT - TG',NULL,'THAI / TSG',N'BS ĐOÀN THỊ NGA','11/14/2022')
insert into BenhNhan(MaBN,Hoten,Namsinh,Diachi,Dienthoai,Chuandoan,BSCD,NgayXN) values ('2812 ',N' TRẦN THỊ BÉ TƯ', 1989,N'P10 - MT - TG','0979518499',NULL,N'BS ĐOÀN THỊ NGA','11/15/2022')
insert into BenhNhan(MaBN,Hoten,Namsinh,Diachi,Dienthoai,Chuandoan,BSCD,NgayXN) values ('2813 ',N' PHAN THỊ KIM NGÂN', 2001,N'CG - TG','0828694266','THAI 10 TUẦN',N'BS TRẦN VIỆT TOÀN','11/17/2022')
insert into BenhNhan(MaBN,Hoten,Namsinh,Diachi,Dienthoai,Chuandoan,BSCD,NgayXN) values ('2814 ',N' TRẦN THANH TRÚC', 1991,N'TX GÒ CÔNG - TG','0827373879','THAI 11 TUẦN 4 NGÀY',N'BS ĐOÀN THỊ NGA','11/18/2022')
insert into BenhNhan(MaBN,Hoten,Namsinh,Diachi,Dienthoai,Chuandoan,BSCD,NgayXN) values ('2815 ',N' NGUYỄN THỊ TIỂU THƯ', 1993,N'CHỢ GẠO - TG','0938115297','THAI 13 TUẦN',N'BS ĐOÀN THỊ NGA','11/18/2022')
insert into BenhNhan(MaBN,Hoten,Namsinh,Diachi,Dienthoai,Chuandoan,BSCD,NgayXN) values ('2816 ',N' PHẠM THỊ KIM NGÂN', 2000,N'CAI LẬY - TG','0869489774','THAI 12 TUẦN 3 NGÀY',N'BS ĐOÀN THỊ NGA','11/18/2022')
insert into BenhNhan(MaBN,Hoten,Namsinh,Diachi,Dienthoai,Chuandoan,BSCD,NgayXN) values ('2817 ',N' TRẦN THỊ THÙY ANH', 1994,N'CG - TG','0939142250','THAI 16 TUẦN ( LÀM LẠI )',N'BS ĐOÀN THỊ NGA','11/18/2022')
insert into BenhNhan(MaBN,Hoten,Namsinh,Diachi,Dienthoai,Chuandoan,BSCD,NgayXN) values ('2818 ',N' NGUYỄN THỊ NGỌC HÂN', 1999,N'CHÂU THÀNH - TG','0396265700','THAI 8 TUẦN 3 NGÀY',N'BS ĐOÀN THỊ NGA','11/18/2022')
insert into BenhNhan(MaBN,Hoten,Namsinh,Diachi,Dienthoai,Chuandoan,BSCD,NgayXN) values ('2819 ',N' TRƯƠNG NGỌC YẾN NHI', 1996,N'P9 - MT - TG','0942021196','THAI 8 TUẦN',N'BS ĐOÀN THỊ NGA','11/18/2022')
insert into BenhNhan(MaBN,Hoten,Namsinh,Diachi,Dienthoai,Chuandoan,BSCD,NgayXN) values ('2820 ',N' LÊ THỊ CẨM TIÊN', 1995,N'CG - TG','0349522006','THAI 6 TUẦN',N'BS ĐOÀN THỊ NGA','11/18/2022')
insert into BenhNhan(MaBN,Hoten,Namsinh,Diachi,Dienthoai,Chuandoan,BSCD,NgayXN) values ('2821 ',N' NGUYỄN THỊ THANH TUYỀN', 1991,N'CG - TG','0907691546','THAI 9 TUẦN 6 NGÀY',N'BS ĐOÀN THỊ NGA','11/18/2022')
insert into BenhNhan(MaBN,Hoten,Namsinh,Diachi,Dienthoai,Chuandoan,BSCD,NgayXN) values ('2822 ',N' NGUYỄN THỤC TRẦM HƯƠNG', 1993,N'TRUNG AN - MT - TG',NULL,'THAI',N'BS NGUYỄN THỊ TUYẾT VÂN','11/20/2022')
insert into BenhNhan(MaBN,Hoten,Namsinh,Diachi,Dienthoai,Chuandoan,BSCD,NgayXN) values ('2823 ',N' HỒ THỊ MỸ TRANG', 1988,N'P4 - MT - TG',NULL,'THAI',N'BS NGUYỄN THỊ DIỄM PHƯƠNG','11/20/2022')
insert into BenhNhan(MaBN,Hoten,Namsinh,Diachi,Dienthoai,Chuandoan,BSCD,NgayXN) values ('2824 ',N' HUỲNH THỊ MINH THU', 1985,N'P4 - MT - TG','0909322718','HS / SỐT',N'BS ĐOÀN THỊ NGA','11/20/2022')
insert into BenhNhan(MaBN,Hoten,Namsinh,Diachi,Dienthoai,Chuandoan,BSCD,NgayXN) values ('2825 ',N' TRẦN THỊ BÉ TƯ', 1989,N'P10 - MỸ THO - TG','0979518499',NULL,N'BS ĐOÀN THỊ NGA','11/21/2022')
insert into BenhNhan(MaBN,Hoten,Namsinh,Diachi,Dienthoai,Chuandoan,BSCD,NgayXN) values ('2826 ',N' NGUYỄN THANH NGÂN', 1988,N'P10 - MỸ THO - TG','0977913479','TD TNTT/ TRỄ KINH',N'BS THU THỦY','11/21/2022')
insert into BenhNhan(MaBN,Hoten,Namsinh,Diachi,Dienthoai,Chuandoan,BSCD,NgayXN) values ('2827 ',N' LÊ BẢO TRÂN', 2004,N'CHỢ GẠO - TG','0975878904','THAI 11 TUẦN',N'BS TRẦN VIỆT TOÀN','11/21/2022')
insert into BenhNhan(MaBN,Hoten,Namsinh,Diachi,Dienthoai,Chuandoan,BSCD,NgayXN) values ('2828 ',N' NGUYỄN LÊ NGỌC HÂN', 1997,N'CG - TG','0396647891','THAI 10 TUẦN',N'BS TRẦN VIỆT TOÀN','11/21/2022')
insert into BenhNhan(MaBN,Hoten,Namsinh,Diachi,Dienthoai,Chuandoan,BSCD,NgayXN) values ('2829 ',N' NGUYỄN XUÂN CẨM HẰNG', 1974,N'P9 - MT - TG',NULL,'KTSK',N'BS ĐOÀN THỊ NGA','11/21/2022')
insert into BenhNhan(MaBN,Hoten,Namsinh,Diachi,Dienthoai,Chuandoan,BSCD,NgayXN) values ('2830 ',N' VÕ NAM PHƯƠNG', 1973,N'TRUNG AN - MT - TG',NULL,'KTSK',N'BS ĐOÀN THỊ NGA','11/21/2022')
insert into BenhNhan(MaBN,Hoten,Namsinh,Diachi,Dienthoai,Chuandoan,BSCD,NgayXN) values ('2831 ',N' NGUYỄN XUÂN MAI', 1991,N'CHÂU THÀNH - TG','0335659801','THAI',N'BS NGUYỄN THỊ DIỄM PHƯƠNG','11/26/2022')
insert into BenhNhan(MaBN,Hoten,Namsinh,Diachi,Dienthoai,Chuandoan,BSCD,NgayXN) values ('2832 ',N' HÀ THỊ THU THẢO', 1992,NULL,NULL,NULL,N'BS NGUYỄN THỊ DIỄM PHƯƠNG','11/27/2022')
insert into BenhNhan(MaBN,Hoten,Namsinh,Diachi,Dienthoai,Chuandoan,BSCD,NgayXN) values ('2833 ',N' HỒ THỊ NGỌC NGÂN', 1991,N'KIM SƠN - CT - TG','0384052328','THAI 13 TUẦN 3 NGÀY',N'BS ĐOÀN THỊ NGA','11/27/2022')
insert into BenhNhan(MaBN,Hoten,Namsinh,Diachi,Dienthoai,Chuandoan,BSCD,NgayXN) values ('2834 ',N' LÊ THỊ KIM KHOA', 1999,N'TÂN PHƯỚC - TG','0384511128','THAI',N'BS ĐOÀN THỊ NGA','11/27/2022')
insert into BenhNhan(MaBN,Hoten,Namsinh,Diachi,Dienthoai,Chuandoan,BSCD,NgayXN) values ('2835 ',N' TRẦN THỊ CẨM NHUNG', 1996,N'CHÂU THÀNH - TG','0776516005','THAI 16 TUẦN 6 NGÀY',N'BS ĐOÀN THỊ NGA','11/27/2022')
insert into BenhNhan(MaBN,Hoten,Namsinh,Diachi,Dienthoai,Chuandoan,BSCD,NgayXN) values ('2836 ',N' VÕ THỊ KIM NGÂN', 1993,N'CG - TG','0939779697','THAI 6 TUẦN 1 NGÀY',N'BS ĐOÀN THỊ NGA','11/27/2022')
insert into BenhNhan(MaBN,Hoten,Namsinh,Diachi,Dienthoai,Chuandoan,BSCD,NgayXN) values ('2837 ',N' ĐẶNG NGUYỄN KIM NGÂN', 1995,N'CAI LẬY - TG','0328514904','THAI 6 TUẦN 6 NGÀY',N'BS ĐOÀN THỊ NGA','11/27/2022')
insert into BenhNhan(MaBN,Hoten,Namsinh,Diachi,Dienthoai,Chuandoan,BSCD,NgayXN) values ('2838 ',N' NGUYỄN THỊ NGỌC THẪM', 2002,N'THẠNH PHÚ - CT - TG','0907709530','THAI 12 TUẦN 4 NGÀY',N'BS ĐOÀN THỊ NGA','11/27/2022')
insert into BenhNhan(MaBN,Hoten,Namsinh,Diachi,Dienthoai,Chuandoan,BSCD,NgayXN) values ('2839 ',N' TRẦN THỊ NGỌC GIÀU', 2002,N'CG - TG','0369003440','THAI 12 TUẦN',N'BS ĐOÀN THỊ NGA','11/27/2022')
insert into BenhNhan(MaBN,Hoten,Namsinh,Diachi,Dienthoai,Chuandoan,BSCD,NgayXN) values ('2840 ',N' NGUYỄN THỊ KIM THANH', 2000,N'GÒ CÔNG TÂY - TG','0333354160','THAI 9 TUẦN 2 NGÀY',N'BS ĐOÀN THỊ NGA','11/27/2022')
insert into BenhNhan(MaBN,Hoten,Namsinh,Diachi,Dienthoai,Chuandoan,BSCD,NgayXN) values ('2841 ',N' TRẦN THỊ HUYỀN TRANG', 1991,N'TCN - TG','0907957335','THAI 7 TUẦN',N'BS ĐOÀN THỊ NGA','11/27/2022')
insert into BenhNhan(MaBN,Hoten,Namsinh,Diachi,Dienthoai,Chuandoan,BSCD,NgayXN) values ('2842 ',N' MAI TRUNG HẬU', 1991,N'CHỢ GẠO - TG','0937395067','KTSK',N'BS ĐOÀN THỊ NGA','11/27/2022')
insert into BenhNhan(MaBN,Hoten,Namsinh,Diachi,Dienthoai,Chuandoan,BSCD,NgayXN) values ('2843 ',N' TRẦN THỊ NGUYÊN', 1999,N'P9','0347651373','THAI 31 TUẦN 3 NGÀY',N'BS ĐOÀN THỊ NGA','11/27/2022')
insert into BenhNhan(MaBN,Hoten,Namsinh,Diachi,Dienthoai,Chuandoan,BSCD,NgayXN) values ('2844 ',N' NGUYỄN THỊ KIM QUYÊN', 1995,N'TÂN PHƯỚC','0869289872','THAI 16 TUẦN (LÀM LẠI)',N'BS ĐOÀN THỊ NGA','11/27/2022')
insert into BenhNhan(MaBN,Hoten,Namsinh,Diachi,Dienthoai,Chuandoan,BSCD,NgayXN) values ('2845 ',N' NGUYỄN THỊ KIM THƠ', 1995,N'TRUNG AN - MT',NULL,'TD TNTC',N'BS NGUYỄN THỊ THU THỦY','11/28/2022')
insert into BenhNhan(MaBN,Hoten,Namsinh,Diachi,Dienthoai,Chuandoan,BSCD,NgayXN) values ('2846 ',N' LƯU THỊ CẨM TIÊN', 1999,N'CHỢ GẠO - TG','0394726636','THAI 10 TUẦN 4 NGÀY',N'BS TRẦN VIỆT TOÀN','11/29/2022')
insert into BenhNhan(MaBN,Hoten,Namsinh,Diachi,Dienthoai,Chuandoan,BSCD,NgayXN) values ('2847 ',N' MAI THỊ THIÊN NGA', 1990,N'CHÂU THÀNH - TG','0907300094','THAI 13 TUẦN',N'BS ĐOÀN THỊ NGA','11/30/2022')
insert into BenhNhan(MaBN,Hoten,Namsinh,Diachi,Dienthoai,Chuandoan,BSCD,NgayXN) values ('2848 ',N' NGUYỄN THỊ QUỲNH CHÂU', 1992,N'CHÂU THÀNH - TG','0358681072','THAI 12 TUẦN 5 NGÀY',N'BS ĐOÀN THỊ NGA','11/30/2022')
insert into BenhNhan(MaBN,Hoten,Namsinh,Diachi,Dienthoai,Chuandoan,BSCD,NgayXN) values ('2849 ',N' NGUYỄN THỊ PHỤNG', 1994,N'P8 - MT - TG','0911516144','THAI 12 TUẦN',N'BS ĐOÀN THỊ NGA','11/30/2022')
insert into BenhNhan(MaBN,Hoten,Namsinh,Diachi,Dienthoai,Chuandoan,BSCD,NgayXN) values ('2850 ',N' THÁI THỊ MỸ LINH', 1992,N'CG - TG','0357644718','THAI 12 TUẦN 6 NGÀY',N'BS ĐOÀN THỊ NGA','11/30/2022')
insert into BenhNhan(MaBN,Hoten,Namsinh,Diachi,Dienthoai,Chuandoan,BSCD,NgayXN) values ('2851 ',N' NGUYỄN THỊ CẨM NHI', 1992,N'CG - TG','0357271717','THAI 12 TUẦN',N'BS ĐOÀN THỊ NGA','11/30/2022')
insert into BenhNhan(MaBN,Hoten,Namsinh,Diachi,Dienthoai,Chuandoan,BSCD,NgayXN) values ('2852 ',N' VÕ THỊ THANH XUÂN', 1985,N'P8 - MT - TG',NULL,'THAI 7 TUẦN 2 NGÀY',N'BS ĐOÀN THỊ NGA','11/30/2022')
insert into BenhNhan(MaBN,Hoten,Namsinh,Diachi,Dienthoai,Chuandoan,BSCD,NgayXN) values ('2853 ',N' MAI THỊ KIỀU HÂN', 1991,N'P4 - MT - TG','0704744719','THAI 6 TUẦN 6 NGÀY',N'BS ĐOÀN THỊ NGA','11/30/2022')
insert into BenhNhan(MaBN,Hoten,Namsinh,Diachi,Dienthoai,Chuandoan,BSCD,NgayXN) values ('2854 ',N' PHẠM THÚY HẰNG', 1982,N'MT - TG',NULL,'KTSK',N'BS ĐOÀN THỊ NGA','12/01/2022')
insert into BenhNhan(MaBN,Hoten,Namsinh,Diachi,Dienthoai,Chuandoan,BSCD,NgayXN) values ('2855 ',N' NGUYỄN THỊ BÍCH PHƯỢNG', 1986,N'P9 - MT - TG',NULL,'THAI 6 - 7 TUẦN',N'BS ĐOÀN THỊ NGA','12/04/2022')
insert into BenhNhan(MaBN,Hoten,Namsinh,Diachi,Dienthoai,Chuandoan,BSCD,NgayXN) values ('2856 ',N' NGUYỄN THỊ KIM CƯƠNG', 1990,N'PHÚ PHONG - CHÂU THÀNH - TG','0984494609','HS/ SỐT',N'BS ĐOÀN THỊ NGA','12/04/2022')
insert into BenhNhan(MaBN,Hoten,Namsinh,Diachi,Dienthoai,Chuandoan,BSCD,NgayXN) values ('2857 ',N' NGUYỄN THỊ CẨM THÚY', 2001,N'CHỢ LÁCH - BẾN TRE',NULL,NULL,N'BS NGUYỄN THỊ THU THỦY','12/05/2022')
insert into BenhNhan(MaBN,Hoten,Namsinh,Diachi,Dienthoai,Chuandoan,BSCD,NgayXN) values ('2858 ',N' LÊ PHẠM THẢO HIỀN', 2000,N'P7 - MT - TG','0911705169',NULL,N'BS ĐOÀN THỊ NGA','12/07/2022')
insert into BenhNhan(MaBN,Hoten,Namsinh,Diachi,Dienthoai,Chuandoan,BSCD,NgayXN) values ('2859 ',N' NGUYỄN THỊ CẨM VÂN', 1987,NULL,NULL,NULL,N'BS ÁI VIỆT','12/07/2022')
insert into BenhNhan(MaBN,Hoten,Namsinh,Diachi,Dienthoai,Chuandoan,BSCD,NgayXN) values ('2860 ',N' NGUYỄN THỊ BÍCH CHÂU', 1991,N'P2 - MT - TG','0979037232','THAI 12 TUẦN 2 NGÀY',N'BS NGUYỄN THỊ DIỄM PHƯƠNG','12/11/2022')
insert into BenhNhan(MaBN,Hoten,Namsinh,Diachi,Dienthoai,Chuandoan,BSCD,NgayXN) values ('2861 ',N' ĐẶNG THỊ TÚ TRINH', 1995,N'TRUNG AN - MT - TG','0823454586','THAI',N'BS NGUYỄN THỊ DIỄM PHƯƠNG','12/11/2022')
insert into BenhNhan(MaBN,Hoten,Namsinh,Diachi,Dienthoai,Chuandoan,BSCD,NgayXN) values ('2862 ',N' ĐỖ THỊ TUYẾT LÝ', 1998,N'CG - TG','0702905725','THAI 11 TUẦN',N'BS TRẦN VIỆT TOÀN','12/11/2022')
insert into BenhNhan(MaBN,Hoten,Namsinh,Diachi,Dienthoai,Chuandoan,BSCD,NgayXN) values ('2863 ',N' NGUYỄN THỊ NGÂN', 2002,N'LONG AN','0329388191','THAI 6 TUẦN 3 NGÀY',N'BS ĐOÀN THỊ NGA','12/12/2022')
insert into BenhNhan(MaBN,Hoten,Namsinh,Diachi,Dienthoai,Chuandoan,BSCD,NgayXN) values ('2864 ',N' NGUYỄN THỊ NGỌC KIỀU', 2003,N'P9','0387161850','THAI 16 TUẦN 1 NGÀY',N'BS ĐOÀN THỊ NGA','12/12/2022')
insert into BenhNhan(MaBN,Hoten,Namsinh,Diachi,Dienthoai,Chuandoan,BSCD,NgayXN) values ('2865 ',N' TRẦN THANH TRÚC', 1991,N'TX GÒ CÔNG','0827373879','THAI 16 - 17 TUẦN (LÀM LẠI)',N'BS ĐOÀN THỊ NGA','12/12/2022')
insert into BenhNhan(MaBN,Hoten,Namsinh,Diachi,Dienthoai,Chuandoan,BSCD,NgayXN) values ('2866 ',N' NGUYỄN THỊ KIM TRANG', 1982,N'CHÂU THÀNH','0336117775','THAI',N'BS ĐOÀN THỊ NGA','12/12/2022')
insert into BenhNhan(MaBN,Hoten,Namsinh,Diachi,Dienthoai,Chuandoan,BSCD,NgayXN) values ('2867 ',N' NGUYỄN THỊ PHỤNG', 1994,N'P8','0911516144','THAI 15 TUẦN 2 NGÀY (LÀM LẠI)',N'BS ĐOÀN THỊ NGA','12/12/2022')
insert into BenhNhan(MaBN,Hoten,Namsinh,Diachi,Dienthoai,Chuandoan,BSCD,NgayXN) values ('2868 ',N' MAI NGỌC PHƯỢNG', 1991,N'CHÂU THÀNH','0839994606','THAI 6 TUẦN 2 NGÀY',N'BS ĐOÀN THỊ NGA','12/12/2022')
insert into BenhNhan(MaBN,Hoten,Namsinh,Diachi,Dienthoai,Chuandoan,BSCD,NgayXN) values ('2869 ',N' NGUYỄN THỊ THÙY TRANG', 1997,N'P7','0981859937','THAI 12 TUẦN 1 NGÀY',N'BS ĐOÀN THỊ NGA','12/12/2022')
insert into BenhNhan(MaBN,Hoten,Namsinh,Diachi,Dienthoai,Chuandoan,BSCD,NgayXN) values ('2870 ',N' LÊ THỊ THÙY TRANG', 1994,N'CHỢ GẠO','0943055992','THAI 12 TUẦN 1 NGÀY',N'BS ĐOÀN THỊ NGA','12/12/2022')
insert into BenhNhan(MaBN,Hoten,Namsinh,Diachi,Dienthoai,Chuandoan,BSCD,NgayXN) values ('2871 ',N' NGUYỄN THANH TIỀN', 1987,N'THỚI SƠN','0908468944','THAI 8 TUẦN 3 NGÀY',N'BS ĐOÀN THỊ NGA','12/12/2022')
insert into BenhNhan(MaBN,Hoten,Namsinh,Diachi,Dienthoai,Chuandoan,BSCD,NgayXN) values ('2872 ',N' LÊ THỊ TA', 1982,N'LONG AN','0914489296','THAI 11 TUẦN 6 NGÀY',N'BS ĐOÀN THỊ NGA','12/12/2022')
insert into BenhNhan(MaBN,Hoten,Namsinh,Diachi,Dienthoai,Chuandoan,BSCD,NgayXN) values ('2873 ',N' PHAN NGUYỄN QUẾ TRÂN', 2005,N'CHỢ GẠO','0564483987','THAI 9 TUẦN 3 NGÀY',N'BS ĐOÀN THỊ NGA','12/12/2022')
insert into BenhNhan(MaBN,Hoten,Namsinh,Diachi,Dienthoai,Chuandoan,BSCD,NgayXN) values ('2874 ',N' NGUYỄN PHẠM HUỲNH NHƯ', 2001,N'ĐẠO THẠNH','0394748892','THAI 12 TUẦN 1 NGÀY',N'BS ĐOÀN THỊ NGA','12/12/2022')
insert into BenhNhan(MaBN,Hoten,Namsinh,Diachi,Dienthoai,Chuandoan,BSCD,NgayXN) values ('2875 ',N' LÊ THỊ CẨM TIÊN', 1993,N'CAI LẬY','0344797504','THAI 12 TUẦN 5 NGÀY',N'BS ĐOÀN THỊ NGA','12/12/2022')
insert into BenhNhan(MaBN,Hoten,Namsinh,Diachi,Dienthoai,Chuandoan,BSCD,NgayXN) values ('2876 ',N' HUỲNH NHƯ Ý', 1996,N'P8','0398578727','THAI 12 TUẦN 2 NGÀY',N'BS ĐOÀN THỊ NGA','12/12/2022')
insert into BenhNhan(MaBN,Hoten,Namsinh,Diachi,Dienthoai,Chuandoan,BSCD,NgayXN) values ('2877 ',N' CAO NGỌC HỒNG', 1992,N'P3','0938889606','THAI 12 TUẦN 2 NGÀY',N'BS ĐOÀN THỊ NGA','12/12/2022')
insert into BenhNhan(MaBN,Hoten,Namsinh,Diachi,Dienthoai,Chuandoan,BSCD,NgayXN) values ('2878 ',N' ĐINH THỊ BÉ THẢO', 1989,N'CHỢ GẠO','0961781871','THAI 8 TUẦN 3 NGÀY',N'BS ĐOÀN THỊ NGA','12/12/2022')
insert into BenhNhan(MaBN,Hoten,Namsinh,Diachi,Dienthoai,Chuandoan,BSCD,NgayXN) values ('2879 ',N' NGUYỄN THỊ HỒNG PHƯỢNG', 1996,N'P3','0792352737','THAI 9 TUẦN 4 NGÀY',N'BS ĐOÀN THỊ NGA','12/12/2022')
insert into BenhNhan(MaBN,Hoten,Namsinh,Diachi,Dienthoai,Chuandoan,BSCD,NgayXN) values ('2880 ',N' TRẦN LỆ TRINH', 1990,N'P9 - MỸ THO - TG','0388409499',NULL,N'BS ĐOÀN THỊ NGA','12/17/2022')
insert into BenhNhan(MaBN,Hoten,Namsinh,Diachi,Dienthoai,Chuandoan,BSCD,NgayXN) values ('2881 ',N' LÊ PHẠM THẢO HIỀN', 2000,N'P7 - MỸ THO - TG','0911705169',NULL,N'BS ĐOÀN THỊ NGA','12/17/2022')
insert into BenhNhan(MaBN,Hoten,Namsinh,Diachi,Dienthoai,Chuandoan,BSCD,NgayXN) values ('2882 ',N' NGUYỄN THỊ KIM QUYÊN', 1989,N'PHƯỚC THẠNH - MT - TG','0387778784','THAI 16 TUẦN ( LÀM LẠI )',N'BS ĐOÀN THỊ NGA','12/17/2022')
insert into BenhNhan(MaBN,Hoten,Namsinh,Diachi,Dienthoai,Chuandoan,BSCD,NgayXN) values ('2883 ',N' HUỲNH THỊ KIM CHI', 1986,N'MT - TG','0903438292','THAI 12 TUẦN 2 NGÀY',N'BS ĐOÀN THỊ NGA','12/17/2022')
insert into BenhNhan(MaBN,Hoten,Namsinh,Diachi,Dienthoai,Chuandoan,BSCD,NgayXN) values ('2884 ',N' NGUYỄN THỊ QUẾ THANH', 1991,N'GÒ CÔNG ĐÔNG - TG','0987130103','THAI 12 TUẦN 2 NGÀY',N'BS ĐOÀN THỊ NGA','12/17/2022')
insert into BenhNhan(MaBN,Hoten,Namsinh,Diachi,Dienthoai,Chuandoan,BSCD,NgayXN) values ('2885 ',N' ĐOÀN THỊ CHÂU MỸ', 1990,N'CHÂU THÀNH - TG','0904962378','THAI 6 TUẦN',N'BS ĐOÀN THỊ NGA','12/17/2022')
insert into BenhNhan(MaBN,Hoten,Namsinh,Diachi,Dienthoai,Chuandoan,BSCD,NgayXN) values ('2886 ',N' NGUYỄN THỊ NGỌC MAI', 2001,N'CHỢ GẠO - TG','0328403516','THAI 8 TUẦN 5 NGÀY',N'BS ĐOÀN THỊ NGA','12/17/2022')
insert into BenhNhan(MaBN,Hoten,Namsinh,Diachi,Dienthoai,Chuandoan,BSCD,NgayXN) values ('2887 ',N' ĐOÀN ĐẶNG TƯỜNG VI', 1996,N'P3','0377464689','THAI 6 - 7 TUẦN',N'BS ĐOÀN THỊ NGA','12/17/2022')
insert into BenhNhan(MaBN,Hoten,Namsinh,Diachi,Dienthoai,Chuandoan,BSCD,NgayXN) values ('2888 ',N' ĐỖ THỊ CẨM TÚ', 2004,N'TÂN PHƯỚC - TG','0948944508','THAI 10 TUẦN 3 NGÀY',N'BS ĐOÀN THỊ NGA','12/17/2022')
insert into BenhNhan(MaBN,Hoten,Namsinh,Diachi,Dienthoai,Chuandoan,BSCD,NgayXN) values ('2889 ',N' NGUYỄN THỊ BÍCH HUYỀN', 1993,N'CHÂU THÀNH - TG','0898480969','THAI 7 TUẦN 6 NGÀY',N'BS ĐOÀN THỊ NGA','12/17/2022')
insert into BenhNhan(MaBN,Hoten,Namsinh,Diachi,Dienthoai,Chuandoan,BSCD,NgayXN) values ('2890 ',N' NGUYỄN THỊ MỸ TIÊN', 1992,N'CHỢ GẠO - TG','0398930102','THAI 8 TUẦN 6 NGÀY',N'BS ĐOÀN THỊ NGA','12/17/2022')
insert into BenhNhan(MaBN,Hoten,Namsinh,Diachi,Dienthoai,Chuandoan,BSCD,NgayXN) values ('2891 ',N' VÕ NGỌC THÁI MỸ', 2002,N'CHỢ GẠO - TG','0326006273','THAI',N'BS NGUYỄN THỊ DIỄM PHƯƠNG','12/18/2022')
insert into BenhNhan(MaBN,Hoten,Namsinh,Diachi,Dienthoai,Chuandoan,BSCD,NgayXN) values ('2892 ',N' NGUYỄN THỊ THỦY', 1989,N'BẾN TRE','0827504777','THAI 12 TUẦN',N'BS TRẦN VIỆT TOÀN','12/19/2022')
insert into BenhNhan(MaBN,Hoten,Namsinh,Diachi,Dienthoai,Chuandoan,BSCD,NgayXN) values ('2893 ',N' PHAN THỊ THANH VÂN', 1995,N'THỚI SƠN','0395124420','TD TNTC',N'BS ĐOÀN THỊ NGA','12/20/2022')
insert into BenhNhan(MaBN,Hoten,Namsinh,Diachi,Dienthoai,Chuandoan,BSCD,NgayXN) values ('2894 ',N' NGUYỄN THỊ NGỌC TRÂM', 1998,N'CG - TG','0338881597','THAI 12 TUẦN',N'BS TRẦN VIỆT TOÀN','12/21/2022')
insert into BenhNhan(MaBN,Hoten,Namsinh,Diachi,Dienthoai,Chuandoan,BSCD,NgayXN) values ('2895 ',N' PHẠM NGỌC HÀ THANH', 1990,N'TÂN HIỆP - CHÂU THÀNH - TG','094750071',N'TD THAI',N'BS ĐOÀN THỊ NGA','12/22/2022')
insert into BenhNhan(MaBN,Hoten,Namsinh,Diachi,Dienthoai,Chuandoan,BSCD,NgayXN) values ('2896 ',N' PHAN THỊ THANH VÂN', 1995,N'THỚI SƠN - MỸ THO - TG','0395124420',N'TD THAI',N'BS ĐOÀN THỊ NGA','12/22/2022')
insert into BenhNhan(MaBN,Hoten,Namsinh,Diachi,Dienthoai,Chuandoan,BSCD,NgayXN) values ('2897 ',N' NGUYỄN THANH TRÚC', 2001,N'MỸ PHONG - MT - TG','0794391388',N'THAI 14 TUẦN 2 NGÀY',N'BS ĐOÀN THỊ NGA','12/24/2022')
insert into BenhNhan(MaBN,Hoten,Namsinh,Diachi,Dienthoai,Chuandoan,BSCD,NgayXN) values ('2898 ',N' LÊ THỊ NGỌC HUYẾN', 1999,N'CHÂU THÀNH - TG','0973789844',N'THAI 11 TUẦN 6 NGÀY',N'BS ĐOÀN THỊ NGA','12/24/2022')
insert into BenhNhan(MaBN,Hoten,Namsinh,Diachi,Dienthoai,Chuandoan,BSCD,NgayXN) values ('2899 ',N' TRẦN THỊ THU THẢO', 1998,N'CG - TG','0348014143',N'THAI 12 TUẦN 3 NGÀY',N'BS ĐOÀN THỊ NGA','12/24/2022')
insert into BenhNhan(MaBN,Hoten,Namsinh,Diachi,Dienthoai,Chuandoan,BSCD,NgayXN) values ('2900 ',N' TRẦN THỊ MINH HUYỀN', 1994,N'P9 - MT - TG','0984633400',N'THAI',N'BS ĐOÀN THỊ NGA','12/24/2022')
insert into BenhNhan(MaBN,Hoten,Namsinh,Diachi,Dienthoai,Chuandoan,BSCD,NgayXN) values ('2901 ',N' TRẦN NGỌC PHƯƠNG OANH', 1987,N'CHÂU THÀNH - TG','0984000774',N'THAI 7 TUẦN 4 NGÀY',N'BS ĐOÀN THỊ NGA','12/24/2022')
insert into BenhNhan(MaBN,Hoten,Namsinh,Diachi,Dienthoai,Chuandoan,BSCD,NgayXN) values ('2902 ',N' VÕ THỊ THÚY', 1999,N'CG - TG','0393702995',N'THAI 18 TUẦN 6 NGÀY',N'BS ĐOÀN THỊ NGA','12/24/2022')
insert into BenhNhan(MaBN,Hoten,Namsinh,Diachi,Dienthoai,Chuandoan,BSCD,NgayXN) values ('2903 ',N' CAO THỊ NGÓ', 1955,N'LONG ĐỊNH - CHÂU THÀNH - TG','0931115253',NULL,N'BS NGUYỄN THỊ DIỄM PHƯƠNG','12/25/2022')
insert into BenhNhan(MaBN,Hoten,Namsinh,Diachi,Dienthoai,Chuandoan,BSCD,NgayXN) values ('2904 ',N' LÊ NGỌC THÚY VY', 2005,N'TRUNG AN - MT - TG','0327926657',N'THAI 22 TUẦN 5 NGÀY',N'BS ĐOÀN THỊ NGA','12/25/2022')
insert into BenhNhan(MaBN,Hoten,Namsinh,Diachi,Dienthoai,Chuandoan,BSCD,NgayXN) values ('2905 ',N' NGUYỄN THỤY QUỲNH NHƯ', 1993,N'P7 - MT - TG','0961250817',N'THAI 7 TUẦN',N'BS ĐOÀN THỊ NGA','12/25/2022')
insert into BenhNhan(MaBN,Hoten,Namsinh,Diachi,Dienthoai,Chuandoan,BSCD,NgayXN) values ('2906 ',N' LÝ HỒNG SON', 1992,N'CAI LẬY - TG','0334978965',N'THAI 20 TUẦN 1 NGÀY',N'BS ĐOÀN THỊ NGA','12/25/2022')
insert into BenhNhan(MaBN,Hoten,Namsinh,Diachi,Dienthoai,Chuandoan,BSCD,NgayXN) values ('2907 ',N' TRỊNH THỊ LAN ANH', 2003,N'LONG ĐỊNH - CHÂU THÀNH - TG',NULL,N'THAI 35 TUẦN 4 NGÀY',N'BS ĐOÀN THỊ NGA','12/25/2022')
insert into BenhNhan(MaBN,Hoten,Namsinh,Diachi,Dienthoai,Chuandoan,BSCD,NgayXN) values ('2908 ',N' NGUYỄN THỊ NGỌC HƯƠNG', 1987,N'P2 - MỸ THO','0903879118',N'THAI 9 TUẦN 3 NGÀY',N'BS ĐOÀN THỊ NGA','12/25/2022')
insert into BenhNhan(MaBN,Hoten,Namsinh,Diachi,Dienthoai,Chuandoan,BSCD,NgayXN) values ('2909 ',N' NGUYỄN THỊ HUYỀN', 1995,N'TÂN PHƯỚC - TG','0347593167',N'THAI 7 TUẦN 5 NGÀY',N'BS ĐOÀN THỊ NGA','12/25/2022')
insert into BenhNhan(MaBN,Hoten,Namsinh,Diachi,Dienthoai,Chuandoan,BSCD,NgayXN) values ('2910 ',N' NGUYỄN THỊ HỒNG HẠNH', 1998,N'CHÂU THÀNH - TG','0397879988',N'THAI 15 TUẦN 5 NGÀY (LÀM LẠI)',N'BS ĐOÀN THỊ NGA','12/25/2022')
insert into BenhNhan(MaBN,Hoten,Namsinh,Diachi,Dienthoai,Chuandoan,BSCD,NgayXN) values ('2911 ',N' NGUYỄN THỊ NGỌC LIÊN', 1993,N'CHỢ GẠO - TG','0333329235',N'THAI 8 TUẦN',N'BS ĐOÀN THỊ NGA','12/25/2022')
insert into BenhNhan(MaBN,Hoten,Namsinh,Diachi,Dienthoai,Chuandoan,BSCD,NgayXN) values ('2912 ',N' NGUYỄN THỊ NGỌC VÂN', 1985,N'CHÂU THÀNH - TG','0939239743',NULL,N'BS NGUYỄN NGỌC THANH','12/26/2022')
insert into BenhNhan(MaBN,Hoten,Namsinh,Diachi,Dienthoai,Chuandoan,BSCD,NgayXN) values ('2913 ',N' Nguyễn Văn An', 50,N'Tiền Giang','0123456789',N'BT',N'BS ĐOÀN THỊ NGA','01/11/2023')
end
--Xetnghiem: TPTTB
begin

insert into Xetnghiem(MaXN,LoaiXN,TenXN,Chiso,Donvi,GiaTien) values ('1','TPTTB','WBC','4,0 - 10,0','10^9/l','80000')
insert into Xetnghiem(MaXN,LoaiXN,TenXN,Chiso,Donvi,GiaTien) values ('2','TPTTB','RBC','3,5 - 6,0','10^12/l','0')
insert into Xetnghiem(MaXN,LoaiXN,TenXN,Chiso,Donvi,GiaTien) values ('3','TPTTB','HGB','12,0 - 16,5','g/dL','0')
insert into Xetnghiem(MaXN,LoaiXN,TenXN,Chiso,Donvi,GiaTien) values ('4','TPTTB','HCT','35,0 - 56,0','%','0')
insert into Xetnghiem(MaXN,LoaiXN,TenXN,Chiso,Donvi,GiaTien) values ('5','TPTTB','MCV','80,0 - 99,0','fL','0')
insert into Xetnghiem(MaXN,LoaiXN,TenXN,Chiso,Donvi,GiaTien) values ('6','TPTTB','MCH','27,0 - 34,4','Pg','0')
insert into Xetnghiem(MaXN,LoaiXN,TenXN,Chiso,Donvi,GiaTien) values ('7','TPTTB','MCHC','31,0 - 36,0','g/dL','0')
insert into Xetnghiem(MaXN,LoaiXN,TenXN,Chiso,Donvi,GiaTien) values ('8','TPTTB','PLT','140 - 440','10^3/uL','0')
insert into Xetnghiem(MaXN,LoaiXN,TenXN,Chiso,Donvi,GiaTien) values ('9','TPTTB','LY','25 - 40','%','0')
insert into Xetnghiem(MaXN,LoaiXN,TenXN,Chiso,Donvi,GiaTien) values ('10','TPTTB','MO','1 - 9','%','0')
insert into Xetnghiem(MaXN,LoaiXN,TenXN,Chiso,Donvi,GiaTien) values ('11','TPTTB','GR','40 - 75','%','0')
insert into Xetnghiem(MaXN,LoaiXN,TenXN,Chiso,Donvi,GiaTien) values ('12','TPTTB','RDW','10,0 - 16,5','%CV','0')
insert into Xetnghiem(MaXN,LoaiXN,TenXN,Chiso,Donvi,GiaTien) values ('13','TPTTB','PCT','0,1 - 0,35','%','0')
insert into Xetnghiem(MaXN,LoaiXN,TenXN,Chiso,Donvi,GiaTien) values ('14','TPTTB','MPV','5,0 - 17,0','fL','0')
insert into Xetnghiem(MaXN,LoaiXN,TenXN,Chiso,Donvi,GiaTien) values ('15','TPTTB','PDW','12,0 - 19,0','%','0')
end
--Xetnhiem: nhommau
begin

insert into Xetnghiem(MaXN,LoaiXN,TenXN,Chiso,Donvi,GiaTien) values ('16','Nhóm máu','Rh','','','20000')
end
--Xetnhiem: Miendich
begin
insert into Xetnghiem(MaXN,LoaiXN,TenXN,Chiso,Donvi,GiaTien) values ('17',N'Miễn dịch','HBsAg (Rapid Test)','ÂM TÍNH','','50000')
insert into Xetnghiem(MaXN,LoaiXN,TenXN,Chiso,Donvi,GiaTien) values ('18',N'Miễn dịch','Anti HCV (Rapid Test)','ÂM TÍNH','','70000')
insert into Xetnghiem(MaXN,LoaiXN,TenXN,Chiso,Donvi,GiaTien) values ('19',N'Miễn dịch','HIV (Rapid Test)','ÂM TÍNH','','50000')
insert into Xetnghiem(MaXN,LoaiXN,TenXN,Chiso,Donvi,GiaTien) values ('20',N'Miễn dịch','BW (Rapid Test)','ÂM TÍNH','','50000')
insert into Xetnghiem(MaXN,LoaiXN,TenXN,Chiso,Donvi,GiaTien) values ('21',N'Miễn dịch','Rubella-IgG ( Elisa )','< 10','IU/mL','')
insert into Xetnghiem(MaXN,LoaiXN,TenXN,Chiso,Donvi,GiaTien) values ('22',N'Miễn dịch','Rubella-IgM ( Elisa )','<1.2, GZ: 1.2 - 1.6 In','U/L','')
insert into Xetnghiem(MaXN,LoaiXN,TenXN,Chiso,Donvi,GiaTien) values ('23',N'Miễn dịch','FT3','1.8 - 4.2','pg/ml','')
insert into Xetnghiem(MaXN,LoaiXN,TenXN,Chiso,Donvi,GiaTien) values ('24',N'Miễn dịch','FT4','0.7 - 2.2','ng/dl','')
insert into Xetnghiem(MaXN,LoaiXN,TenXN,Chiso,Donvi,GiaTien) values ('25',N'Miễn dịch','TSH','0.4 - 4.2','µIU/ml','')
insert into Xetnghiem(MaXN,LoaiXN,TenXN,Chiso,Donvi,GiaTien) values ('26',N'Miễn dịch','HBeAg  (Rapid Test)','ÂM TÍNH','','')
insert into Xetnghiem(MaXN,LoaiXN,TenXN,Chiso,Donvi,GiaTien) values ('27',N'Miễn dịch','BETA HCG','< 5','mIU/ml','160000')
insert into Xetnghiem(MaXN,LoaiXN,TenXN,Chiso,Donvi,GiaTien) values ('28',N'Miễn dịch','Anti HBs (Rapid Test)','ÂM TÍNH','','')
insert into Xetnghiem(MaXN,LoaiXN,TenXN,Chiso,Donvi,GiaTien) values ('29',N'Miễn dịch','TB (Tuberculin)','ÂM TÍNH','','')
insert into Xetnghiem(MaXN,LoaiXN,TenXN,Chiso,Donvi,GiaTien) values ('30',N'Miễn dịch','Chlamydia IgG','S/Co < 1.1','','')
insert into Xetnghiem(MaXN,LoaiXN,TenXN,Chiso,Donvi,GiaTien) values ('31',N'Miễn dịch','Chlamydia IgM','S/Co < 1.1','','')

end
--Xetnghiem: Sinh hóa
begin
insert into Xetnghiem(MaXN,LoaiXN,TenXN,Chiso,Donvi,GiaTien) values ('32',N'Sinh hóa','Glucose / sau ăn','< 180','mg/dl','20000')
insert into Xetnghiem(MaXN,LoaiXN,TenXN,Chiso,Donvi,GiaTien) values ('33',N'Sinh hóa','HbA1c','< 6.5','%','100000')
insert into Xetnghiem(MaXN,LoaiXN,TenXN,Chiso,Donvi,GiaTien) values ('34',N'Sinh hóa','Glucose / đói','< 92','mg%','')
insert into Xetnghiem(MaXN,LoaiXN,TenXN,Chiso,Donvi,GiaTien) values ('35',N'Sinh hóa','SGOT / AST','< 35','U/L','')
insert into Xetnghiem(MaXN,LoaiXN,TenXN,Chiso,Donvi,GiaTien) values ('36',N'Sinh hóa','SGPT / ALT','< 36','U/L','')
insert into Xetnghiem(MaXN,LoaiXN,TenXN,Chiso,Donvi,GiaTien) values ('37',N'Sinh hóa','GGT','< 40','U/L','')
insert into Xetnghiem(MaXN,LoaiXN,TenXN,Chiso,Donvi,GiaTien) values ('38',N'Sinh hóa','Creatinin','0.5 - 1.4','mg%','')
insert into Xetnghiem(MaXN,LoaiXN,TenXN,Chiso,Donvi,GiaTien) values ('39',N'Sinh hóa','Acid Uric','140 - 420','µmol/L','')
insert into Xetnghiem(MaXN,LoaiXN,TenXN,Chiso,Donvi,GiaTien) values ('40',N'Sinh hóa','Ure','2.5 - 7.5','mmol/l','')
insert into Xetnghiem(MaXN,LoaiXN,TenXN,Chiso,Donvi,GiaTien) values ('41',N'Sinh hóa','Glucose/ sau 01 giờ','< 180',' mg%','')
insert into Xetnghiem(MaXN,LoaiXN,TenXN,Chiso,Donvi,GiaTien) values ('42',N'Sinh hóa','Glucose/ sau 02 giờ','< 153',' mg%','')
end
--Xetnghiem: ĐMTB
begin
insert into Xetnghiem(MaXN,LoaiXN,TenXN,Chiso,Donvi,GiaTien) values ('43',N'ĐMTB','PT','giây','10 - 14','')
insert into Xetnghiem(MaXN,LoaiXN,TenXN,Chiso,Donvi,GiaTien) values ('44',N'ĐMTB','APTT','giây','25 - 40','')
insert into Xetnghiem(MaXN,LoaiXN,TenXN,Chiso,Donvi,GiaTien) values ('45',N'ĐMTB','Fibrinogen','mg/dl','200 - 400','')
end
--Ketqua:
begin
insert into Ketqua(MaBN,MaXN,Ketqua) values ('2904','1','14.0')
insert into Ketqua(MaBN,MaXN,Ketqua) values ('2904','2','3.75')
insert into Ketqua(MaBN,MaXN,Ketqua) values ('2904','3','10.8')
insert into Ketqua(MaBN,MaXN,Ketqua) values ('2904','4','34.2')
insert into Ketqua(MaBN,MaXN,Ketqua) values ('2904','5','91.2')
insert into Ketqua(MaBN,MaXN,Ketqua) values ('2904','6','28.8')
insert into Ketqua(MaBN,MaXN,Ketqua) values ('2904','7','31.6')
insert into Ketqua(MaBN,MaXN,Ketqua) values ('2904','8','305')
insert into Ketqua(MaBN,MaXN,Ketqua) values ('2904','9','23.8')
insert into Ketqua(MaBN,MaXN,Ketqua) values ('2904','10','1.9')
insert into Ketqua(MaBN,MaXN,Ketqua) values ('2904','11','74.9')
insert into Ketqua(MaBN,MaXN,Ketqua) values ('2904','12','12.1')
insert into Ketqua(MaBN,MaXN,Ketqua) values ('2904','13','0.25')
insert into Ketqua(MaBN,MaXN,Ketqua) values ('2904','14','8.2')
insert into Ketqua(MaBN,MaXN,Ketqua) values ('2904','15','15.8')
insert into Ketqua(MaBN,MaXN,Ketqua) values ('2904','16','( B )')
insert into Ketqua(MaBN,MaXN,Ketqua) values ('2904','17','( + )')
insert into Ketqua(MaBN,MaXN,Ketqua) values ('2904','18','')
insert into Ketqua(MaBN,MaXN,Ketqua) values ('2904','19','DƯƠNG TÍNH')
insert into Ketqua(MaBN,MaXN,Ketqua) values ('2904','20','ÂM TÍNH')
insert into Ketqua(MaBN,MaXN,Ketqua) values ('2904','21','ÂM TÍNH')
insert into Ketqua(MaBN,MaXN,Ketqua) values ('2904','22','ÂM TÍNH')
insert into Ketqua(MaBN,MaXN,Ketqua) values ('2904','23','2.3')
insert into Ketqua(MaBN,MaXN,Ketqua) values ('2904','24','0.9')
insert into Ketqua(MaBN,MaXN,Ketqua) values ('2904','27','1.0')
insert into Ketqua(MaBN,MaXN,Ketqua) values ('2904','28','')
insert into Ketqua(MaBN,MaXN,Ketqua) values ('2904','29','84')
insert into Ketqua(MaBN,MaXN,Ketqua) values ('2904','40','4.6')
insert into Ketqua(MaBN,MaXN,Ketqua) values ('2905','41','')
insert into Ketqua(MaBN,MaXN,Ketqua) values ('2905','42','')
insert into Ketqua(MaBN,MaXN,Ketqua) values ('2905','1','12.9')
insert into Ketqua(MaBN,MaXN,Ketqua) values ('2905','2','4.68')
insert into Ketqua(MaBN,MaXN,Ketqua) values ('2905','3','12.7')
insert into Ketqua(MaBN,MaXN,Ketqua) values ('2905','4','40.4')
insert into Ketqua(MaBN,MaXN,Ketqua) values ('2905','5','86.3')
insert into Ketqua(MaBN,MaXN,Ketqua) values ('2905','6','27.1')
insert into Ketqua(MaBN,MaXN,Ketqua) values ('2905','7','31.4')
insert into Ketqua(MaBN,MaXN,Ketqua) values ('2905','8','368')
insert into Ketqua(MaBN,MaXN,Ketqua) values ('2905','9','28.3')
insert into Ketqua(MaBN,MaXN,Ketqua) values ('2905','10','1.9')
insert into Ketqua(MaBN,MaXN,Ketqua) values ('2905','11','69.8')
insert into Ketqua(MaBN,MaXN,Ketqua) values ('2905','12','11.1')
insert into Ketqua(MaBN,MaXN,Ketqua) values ('2905','13','0.26')
insert into Ketqua(MaBN,MaXN,Ketqua) values ('2905','14','7.2')
insert into Ketqua(MaBN,MaXN,Ketqua) values ('2905','15','16.5')
insert into Ketqua(MaBN,MaXN,Ketqua) values ('2905','16','( O )')
insert into Ketqua(MaBN,MaXN,Ketqua) values ('2905','17','( + )')
insert into Ketqua(MaBN,MaXN,Ketqua) values ('2905','18','')
insert into Ketqua(MaBN,MaXN,Ketqua) values ('2905','19','ÂM TÍNH')
insert into Ketqua(MaBN,MaXN,Ketqua) values ('2905','20','ÂM TÍNH')
insert into Ketqua(MaBN,MaXN,Ketqua) values ('2905','21','ÂM TÍNH')
insert into Ketqua(MaBN,MaXN,Ketqua) values ('2905','22','ÂM TÍNH')
insert into Ketqua(MaBN,MaXN,Ketqua) values ('2905','23','DƯƠNG TÍNH 88.4')
insert into Ketqua(MaBN,MaXN,Ketqua) values ('2905','24','ÂM TÍNH 0.15')
insert into Ketqua(MaBN,MaXN,Ketqua) values ('2905','25','4.0')
insert into Ketqua(MaBN,MaXN,Ketqua) values ('2905','26','1.0')
insert into Ketqua(MaBN,MaXN,Ketqua) values ('2905','27','3.2')
insert into Ketqua(MaBN,MaXN,Ketqua) values ('2905','28','')
insert into Ketqua(MaBN,MaXN,Ketqua) values ('2905','29','124')
insert into Ketqua(MaBN,MaXN,Ketqua) values ('2905','40','5.6')
insert into Ketqua(MaBN,MaXN,Ketqua) values ('2906','41','')
insert into Ketqua(MaBN,MaXN,Ketqua) values ('2906','42','')
insert into Ketqua(MaBN,MaXN,Ketqua) values ('2906','1','6.8')
insert into Ketqua(MaBN,MaXN,Ketqua) values ('2906','2','4.12')
insert into Ketqua(MaBN,MaXN,Ketqua) values ('2906','3','12.0')
insert into Ketqua(MaBN,MaXN,Ketqua) values ('2906','4','37.6')
insert into Ketqua(MaBN,MaXN,Ketqua) values ('2906','5','91.3')
insert into Ketqua(MaBN,MaXN,Ketqua) values ('2906','6','29.1')
insert into Ketqua(MaBN,MaXN,Ketqua) values ('2906','7','31.9')
insert into Ketqua(MaBN,MaXN,Ketqua) values ('2906','8','222')
insert into Ketqua(MaBN,MaXN,Ketqua) values ('2906','9','31.7')
insert into Ketqua(MaBN,MaXN,Ketqua) values ('2906','10','2.4')
insert into Ketqua(MaBN,MaXN,Ketqua) values ('2906','11','65.9')
insert into Ketqua(MaBN,MaXN,Ketqua) values ('2906','12','10.7')
insert into Ketqua(MaBN,MaXN,Ketqua) values ('2906','13','0.16')
insert into Ketqua(MaBN,MaXN,Ketqua) values ('2906','14','7.1')
insert into Ketqua(MaBN,MaXN,Ketqua) values ('2906','15','16.5')
insert into Ketqua(MaBN,MaXN,Ketqua) values ('2906','16','')
insert into Ketqua(MaBN,MaXN,Ketqua) values ('2906','17','ÂM TÍNH')
insert into Ketqua(MaBN,MaXN,Ketqua) values ('2906','20','ÂM TÍNH')
insert into Ketqua(MaBN,MaXN,Ketqua) values ('2906','21','ÂM TÍNH')
insert into Ketqua(MaBN,MaXN,Ketqua) values ('2906','22','ÂM TÍNH')
insert into Ketqua(MaBN,MaXN,Ketqua) values ('2906','23','3.6')
insert into Ketqua(MaBN,MaXN,Ketqua) values ('2906','24','0.8')
insert into Ketqua(MaBN,MaXN,Ketqua) values ('2906','27','4.3')
insert into Ketqua(MaBN,MaXN,Ketqua) values ('2906','28','')
insert into Ketqua(MaBN,MaXN,Ketqua) values ('2906','29','107')
insert into Ketqua(MaBN,MaXN,Ketqua) values ('2906','40','5.0')
insert into Ketqua(MaBN,MaXN,Ketqua) values ('2907','41','')
insert into Ketqua(MaBN,MaXN,Ketqua) values ('2907','42','')
insert into Ketqua(MaBN,MaXN,Ketqua) values ('2907','1','10.0')
insert into Ketqua(MaBN,MaXN,Ketqua) values ('2907','2','4.21')
insert into Ketqua(MaBN,MaXN,Ketqua) values ('2907','3','12.9')
insert into Ketqua(MaBN,MaXN,Ketqua) values ('2907','4','40.2')
insert into Ketqua(MaBN,MaXN,Ketqua) values ('2907','5','95.5')
insert into Ketqua(MaBN,MaXN,Ketqua) values ('2907','6','30.6')
insert into Ketqua(MaBN,MaXN,Ketqua) values ('2907','7','32.1')
insert into Ketqua(MaBN,MaXN,Ketqua) values ('2907','8','206')
insert into Ketqua(MaBN,MaXN,Ketqua) values ('2907','9','33.2')
insert into Ketqua(MaBN,MaXN,Ketqua) values ('2907','10','2.4')
insert into Ketqua(MaBN,MaXN,Ketqua) values ('2907','11','64.4')
insert into Ketqua(MaBN,MaXN,Ketqua) values ('2907','12','11.5')
insert into Ketqua(MaBN,MaXN,Ketqua) values ('2907','13','0.14')
insert into Ketqua(MaBN,MaXN,Ketqua) values ('2907','14','6.9')
insert into Ketqua(MaBN,MaXN,Ketqua) values ('2907','15','17.6')
insert into Ketqua(MaBN,MaXN,Ketqua) values ('2907','16','(B)')
insert into Ketqua(MaBN,MaXN,Ketqua) values ('2907','17','(+)')
insert into Ketqua(MaBN,MaXN,Ketqua) values ('2908','18','')
insert into Ketqua(MaBN,MaXN,Ketqua) values ('2908','19','')
insert into Ketqua(MaBN,MaXN,Ketqua) values ('2908','1','11.0')
insert into Ketqua(MaBN,MaXN,Ketqua) values ('2908','2','4.26')
insert into Ketqua(MaBN,MaXN,Ketqua) values ('2908','3','11.6')
insert into Ketqua(MaBN,MaXN,Ketqua) values ('2908','4','37.1')
insert into Ketqua(MaBN,MaXN,Ketqua) values ('2908','5','87.1')
insert into Ketqua(MaBN,MaXN,Ketqua) values ('2908','6','27.2')
insert into Ketqua(MaBN,MaXN,Ketqua) values ('2908','7','31.3')
insert into Ketqua(MaBN,MaXN,Ketqua) values ('2908','8','225')
insert into Ketqua(MaBN,MaXN,Ketqua) values ('2908','9','23.2')
insert into Ketqua(MaBN,MaXN,Ketqua) values ('2908','10','1.8')
insert into Ketqua(MaBN,MaXN,Ketqua) values ('2908','11','75.0')
insert into Ketqua(MaBN,MaXN,Ketqua) values ('2908','12','13.4')
insert into Ketqua(MaBN,MaXN,Ketqua) values ('2908','13','0.19')
insert into Ketqua(MaBN,MaXN,Ketqua) values ('2908','14','8.3')
insert into Ketqua(MaBN,MaXN,Ketqua) values ('2908','15','17.5')
insert into Ketqua(MaBN,MaXN,Ketqua) values ('2908','16','(B)')
insert into Ketqua(MaBN,MaXN,Ketqua) values ('2908','17','(+)')
insert into Ketqua(MaBN,MaXN,Ketqua) values ('2908','18','')
insert into Ketqua(MaBN,MaXN,Ketqua) values ('2908','19','ÂM TÍNH')
insert into Ketqua(MaBN,MaXN,Ketqua) values ('2908','20','ÂM TÍNH')
insert into Ketqua(MaBN,MaXN,Ketqua) values ('2908','21','ÂM TÍNH')
insert into Ketqua(MaBN,MaXN,Ketqua) values ('2908','22','ÂM TÍNH')
insert into Ketqua(MaBN,MaXN,Ketqua) values ('2908','23','DƯƠNG TÍNH 93.0')
insert into Ketqua(MaBN,MaXN,Ketqua) values ('2908','24','ÂM TÍNH 0.37')
insert into Ketqua(MaBN,MaXN,Ketqua) values ('2908','25','4.3')
insert into Ketqua(MaBN,MaXN,Ketqua) values ('2908','26','1.0')
insert into Ketqua(MaBN,MaXN,Ketqua) values ('2908','27','0.8')
insert into Ketqua(MaBN,MaXN,Ketqua) values ('2908','28','')
insert into Ketqua(MaBN,MaXN,Ketqua) values ('2908','29','132')
insert into Ketqua(MaBN,MaXN,Ketqua) values ('2908','40','5.1')
insert into Ketqua(MaBN,MaXN,Ketqua) values ('2909','41','')
insert into Ketqua(MaBN,MaXN,Ketqua) values ('2909','42','')
insert into Ketqua(MaBN,MaXN,Ketqua) values ('2909','1','9.2')
insert into Ketqua(MaBN,MaXN,Ketqua) values ('2909','2','4.07')
insert into Ketqua(MaBN,MaXN,Ketqua) values ('2909','3','12.6')
insert into Ketqua(MaBN,MaXN,Ketqua) values ('2909','4','38.8')
insert into Ketqua(MaBN,MaXN,Ketqua) values ('2909','5','95.3')
insert into Ketqua(MaBN,MaXN,Ketqua) values ('2909','6','31.0')
insert into Ketqua(MaBN,MaXN,Ketqua) values ('2909','7','32.5')
insert into Ketqua(MaBN,MaXN,Ketqua) values ('2909','8','247')
insert into Ketqua(MaBN,MaXN,Ketqua) values ('2909','9','23.1')
insert into Ketqua(MaBN,MaXN,Ketqua) values ('2909','10','2.4')
insert into Ketqua(MaBN,MaXN,Ketqua) values ('2909','11','74.5')
insert into Ketqua(MaBN,MaXN,Ketqua) values ('2909','12','12.1')
insert into Ketqua(MaBN,MaXN,Ketqua) values ('2909','13','0.19')
insert into Ketqua(MaBN,MaXN,Ketqua) values ('2909','14','7.7')
insert into Ketqua(MaBN,MaXN,Ketqua) values ('2909','15','16.7')
insert into Ketqua(MaBN,MaXN,Ketqua) values ('2909','16','(O)')
insert into Ketqua(MaBN,MaXN,Ketqua) values ('2909','17','(+)')
insert into Ketqua(MaBN,MaXN,Ketqua) values ('2909','18','')
insert into Ketqua(MaBN,MaXN,Ketqua) values ('2909','19','ÂM TÍNH')
insert into Ketqua(MaBN,MaXN,Ketqua) values ('2909','20','ÂM TÍNH')
insert into Ketqua(MaBN,MaXN,Ketqua) values ('2909','21','ÂM TÍNH')
insert into Ketqua(MaBN,MaXN,Ketqua) values ('2909','22','ÂM TÍNH')
insert into Ketqua(MaBN,MaXN,Ketqua) values ('2909','23','DƯƠNG TÍNH 60.8')
insert into Ketqua(MaBN,MaXN,Ketqua) values ('2909','24','ÂM TÍNH 0.41')
insert into Ketqua(MaBN,MaXN,Ketqua) values ('2909','25','2.6')
insert into Ketqua(MaBN,MaXN,Ketqua) values ('2909','26','1.2')
insert into Ketqua(MaBN,MaXN,Ketqua) values ('2909','27','0.5')
insert into Ketqua(MaBN,MaXN,Ketqua) values ('2909','28','')
insert into Ketqua(MaBN,MaXN,Ketqua) values ('2909','29','94')
insert into Ketqua(MaBN,MaXN,Ketqua) values ('2909','40','4.8')
insert into Ketqua(MaBN,MaXN,Ketqua) values ('2910','41','')
insert into Ketqua(MaBN,MaXN,Ketqua) values ('2910','42','ÂM TÍNH 0.66')
insert into Ketqua(MaBN,MaXN,Ketqua) values ('2910','20','ÂM TÍNH 0.20')
insert into Ketqua(MaBN,MaXN,Ketqua) values ('2911','25','')
insert into Ketqua(MaBN,MaXN,Ketqua) values ('2911','26','')
insert into Ketqua(MaBN,MaXN,Ketqua) values ('2911','1','8.6')
insert into Ketqua(MaBN,MaXN,Ketqua) values ('2911','2','4.56')
insert into Ketqua(MaBN,MaXN,Ketqua) values ('2911','3','13.0')
insert into Ketqua(MaBN,MaXN,Ketqua) values ('2911','4','40.4')
insert into Ketqua(MaBN,MaXN,Ketqua) values ('2911','5','88.6')
insert into Ketqua(MaBN,MaXN,Ketqua) values ('2911','6','28.5')
insert into Ketqua(MaBN,MaXN,Ketqua) values ('2911','7','32.2')
insert into Ketqua(MaBN,MaXN,Ketqua) values ('2911','8','214')
insert into Ketqua(MaBN,MaXN,Ketqua) values ('2911','9','32.9')
insert into Ketqua(MaBN,MaXN,Ketqua) values ('2911','10','6.4')
insert into Ketqua(MaBN,MaXN,Ketqua) values ('2911','11','60.7')
insert into Ketqua(MaBN,MaXN,Ketqua) values ('2911','12','11.6')
insert into Ketqua(MaBN,MaXN,Ketqua) values ('2911','13','0.19')
insert into Ketqua(MaBN,MaXN,Ketqua) values ('2911','14','9.0')
insert into Ketqua(MaBN,MaXN,Ketqua) values ('2911','15','16.6')
insert into Ketqua(MaBN,MaXN,Ketqua) values ('2911','16','(O)')
insert into Ketqua(MaBN,MaXN,Ketqua) values ('2911','17','(+)')
insert into Ketqua(MaBN,MaXN,Ketqua) values ('2911','18','')
insert into Ketqua(MaBN,MaXN,Ketqua) values ('2911','19','ÂM TÍNH')
insert into Ketqua(MaBN,MaXN,Ketqua) values ('2911','20','ÂM TÍNH')
insert into Ketqua(MaBN,MaXN,Ketqua) values ('2911','21','ÂM TÍNH')
insert into Ketqua(MaBN,MaXN,Ketqua) values ('2911','22','ÂM TÍNH')
insert into Ketqua(MaBN,MaXN,Ketqua) values ('2911','23','ÂM TÍNH 0.9')
insert into Ketqua(MaBN,MaXN,Ketqua) values ('2911','24','ÂM TÍNH 0.32')
insert into Ketqua(MaBN,MaXN,Ketqua) values ('2911','25','4.0')
insert into Ketqua(MaBN,MaXN,Ketqua) values ('2911','26','1.0')
insert into Ketqua(MaBN,MaXN,Ketqua) values ('2911','27','0.5')
insert into Ketqua(MaBN,MaXN,Ketqua) values ('2911','28','')
insert into Ketqua(MaBN,MaXN,Ketqua) values ('2911','29','101')
insert into Ketqua(MaBN,MaXN,Ketqua) values ('2911','40','5.2')
insert into Ketqua(MaBN,MaXN,Ketqua) values ('2906','41','DƯƠNG TÍNH 60.3')
insert into Ketqua(MaBN,MaXN,Ketqua) values ('2895','42','')
insert into Ketqua(MaBN,MaXN,Ketqua) values ('2895','25','305.7')
insert into Ketqua(MaBN,MaXN,Ketqua) values ('2896','20','')
insert into Ketqua(MaBN,MaXN,Ketqua) values ('2896','31','890.8')
insert into Ketqua(MaBN,MaXN,Ketqua) values ('2897','20','')
insert into Ketqua(MaBN,MaXN,Ketqua) values ('2897','31','')
insert into Ketqua(MaBN,MaXN,Ketqua) values ('2897','1','6.9')
insert into Ketqua(MaBN,MaXN,Ketqua) values ('2897','2','4.12')
insert into Ketqua(MaBN,MaXN,Ketqua) values ('2897','3','11.6')
insert into Ketqua(MaBN,MaXN,Ketqua) values ('2897','4','38.0')
insert into Ketqua(MaBN,MaXN,Ketqua) values ('2897','5','92.2')
insert into Ketqua(MaBN,MaXN,Ketqua) values ('2897','6','28.2')
insert into Ketqua(MaBN,MaXN,Ketqua) values ('2897','7','30.5')
insert into Ketqua(MaBN,MaXN,Ketqua) values ('2897','8','201')
insert into Ketqua(MaBN,MaXN,Ketqua) values ('2897','9','42.8')
insert into Ketqua(MaBN,MaXN,Ketqua) values ('2897','10','30.2')
insert into Ketqua(MaBN,MaXN,Ketqua) values ('2897','11','27.0')
insert into Ketqua(MaBN,MaXN,Ketqua) values ('2897','12','13.3')
insert into Ketqua(MaBN,MaXN,Ketqua) values ('2897','13','0.14')
insert into Ketqua(MaBN,MaXN,Ketqua) values ('2897','14','6.9')
insert into Ketqua(MaBN,MaXN,Ketqua) values ('2897','15','16.9')
insert into Ketqua(MaBN,MaXN,Ketqua) values ('2897','16','( B )')
insert into Ketqua(MaBN,MaXN,Ketqua) values ('2897','17','( + )')
insert into Ketqua(MaBN,MaXN,Ketqua) values ('2897','18','')
insert into Ketqua(MaBN,MaXN,Ketqua) values ('2897','19','ÂM TÍNH')
insert into Ketqua(MaBN,MaXN,Ketqua) values ('2897','20','ÂM TÍNH')
insert into Ketqua(MaBN,MaXN,Ketqua) values ('2897','21','ÂM TÍNH')
insert into Ketqua(MaBN,MaXN,Ketqua) values ('2897','22','ÂM TÍNH')
insert into Ketqua(MaBN,MaXN,Ketqua) values ('2897','23','3.6')
insert into Ketqua(MaBN,MaXN,Ketqua) values ('2897','24','0.8')
insert into Ketqua(MaBN,MaXN,Ketqua) values ('2897','27','1.1')
insert into Ketqua(MaBN,MaXN,Ketqua) values ('2897','28','')
insert into Ketqua(MaBN,MaXN,Ketqua) values ('2897','29','84')
insert into Ketqua(MaBN,MaXN,Ketqua) values ('2897','40','4.7')
insert into Ketqua(MaBN,MaXN,Ketqua) values ('2898','41','')
insert into Ketqua(MaBN,MaXN,Ketqua) values ('2898','42','')
insert into Ketqua(MaBN,MaXN,Ketqua) values ('2898','1','7.9')
insert into Ketqua(MaBN,MaXN,Ketqua) values ('2898','2','4.13')
insert into Ketqua(MaBN,MaXN,Ketqua) values ('2898','3','10.6')
insert into Ketqua(MaBN,MaXN,Ketqua) values ('2898','4','35.5')
insert into Ketqua(MaBN,MaXN,Ketqua) values ('2898','5','86.0')
insert into Ketqua(MaBN,MaXN,Ketqua) values ('2898','6','25.7')
insert into Ketqua(MaBN,MaXN,Ketqua) values ('2898','7','29.9')
insert into Ketqua(MaBN,MaXN,Ketqua) values ('2898','8','310')
insert into Ketqua(MaBN,MaXN,Ketqua) values ('2898','9','22.7')
insert into Ketqua(MaBN,MaXN,Ketqua) values ('2898','10','6.6')
insert into Ketqua(MaBN,MaXN,Ketqua) values ('2898','11','70.7')
insert into Ketqua(MaBN,MaXN,Ketqua) values ('2898','12','14.1')
insert into Ketqua(MaBN,MaXN,Ketqua) values ('2898','13','0.22')
insert into Ketqua(MaBN,MaXN,Ketqua) values ('2898','14','8.2')
insert into Ketqua(MaBN,MaXN,Ketqua) values ('2898','15','16.4')
insert into Ketqua(MaBN,MaXN,Ketqua) values ('2898','16','( A )')
insert into Ketqua(MaBN,MaXN,Ketqua) values ('2898','17','( + )')
insert into Ketqua(MaBN,MaXN,Ketqua) values ('2898','18','')
insert into Ketqua(MaBN,MaXN,Ketqua) values ('2898','19','ÂM TÍNH')
insert into Ketqua(MaBN,MaXN,Ketqua) values ('2898','20','ÂM TÍNH')
insert into Ketqua(MaBN,MaXN,Ketqua) values ('2898','21','ÂM TÍNH')
insert into Ketqua(MaBN,MaXN,Ketqua) values ('2898','22','ÂM TÍNH')
insert into Ketqua(MaBN,MaXN,Ketqua) values ('2898','23','DƯƠNG TÍNH 50.2')
insert into Ketqua(MaBN,MaXN,Ketqua) values ('2898','24','ÂM TÍNH 0.17')
insert into Ketqua(MaBN,MaXN,Ketqua) values ('2898','25','4.0')
insert into Ketqua(MaBN,MaXN,Ketqua) values ('2898','26','0.8')
insert into Ketqua(MaBN,MaXN,Ketqua) values ('2898','27','0.2')
insert into Ketqua(MaBN,MaXN,Ketqua) values ('2898','28','')
insert into Ketqua(MaBN,MaXN,Ketqua) values ('2898','29','96')
insert into Ketqua(MaBN,MaXN,Ketqua) values ('2898','40','4.9')
insert into Ketqua(MaBN,MaXN,Ketqua) values ('2899','41','')
insert into Ketqua(MaBN,MaXN,Ketqua) values ('2899','42','')
insert into Ketqua(MaBN,MaXN,Ketqua) values ('2899','1','8.4')
insert into Ketqua(MaBN,MaXN,Ketqua) values ('2899','2','3.51')
insert into Ketqua(MaBN,MaXN,Ketqua) values ('2899','3','10.7')
insert into Ketqua(MaBN,MaXN,Ketqua) values ('2899','4','34.5')
insert into Ketqua(MaBN,MaXN,Ketqua) values ('2899','5','88.3')
insert into Ketqua(MaBN,MaXN,Ketqua) values ('2899','6','27.5')
insert into Ketqua(MaBN,MaXN,Ketqua) values ('2899','7','30.1')
insert into Ketqua(MaBN,MaXN,Ketqua) values ('2899','8','180')
insert into Ketqua(MaBN,MaXN,Ketqua) values ('2899','9','27.3')
insert into Ketqua(MaBN,MaXN,Ketqua) values ('2899','10','3.6')
insert into Ketqua(MaBN,MaXN,Ketqua) values ('2899','11','69.1')
insert into Ketqua(MaBN,MaXN,Ketqua) values ('2899','12','12.7')
insert into Ketqua(MaBN,MaXN,Ketqua) values ('2899','13','0.16')
insert into Ketqua(MaBN,MaXN,Ketqua) values ('2899','14','8.8')
insert into Ketqua(MaBN,MaXN,Ketqua) values ('2899','15','17.1')
insert into Ketqua(MaBN,MaXN,Ketqua) values ('2899','16','( O )')
insert into Ketqua(MaBN,MaXN,Ketqua) values ('2899','17','( + )')
insert into Ketqua(MaBN,MaXN,Ketqua) values ('2899','18','')
insert into Ketqua(MaBN,MaXN,Ketqua) values ('2899','19','ÂM TÍNH')
insert into Ketqua(MaBN,MaXN,Ketqua) values ('2899','20','ÂM TÍNH')
insert into Ketqua(MaBN,MaXN,Ketqua) values ('2899','21','ÂM TÍNH')
insert into Ketqua(MaBN,MaXN,Ketqua) values ('2899','22','ÂM TÍNH')
insert into Ketqua(MaBN,MaXN,Ketqua) values ('2899','23','3.3')
insert into Ketqua(MaBN,MaXN,Ketqua) values ('2899','24','0.7')
insert into Ketqua(MaBN,MaXN,Ketqua) values ('2899','27','0.4')
insert into Ketqua(MaBN,MaXN,Ketqua) values ('2899','28','')
insert into Ketqua(MaBN,MaXN,Ketqua) values ('2899','29','105')
insert into Ketqua(MaBN,MaXN,Ketqua) values ('2899','40','5.0')
insert into Ketqua(MaBN,MaXN,Ketqua) values ('2900','41','')
insert into Ketqua(MaBN,MaXN,Ketqua) values ('2900','42','')
insert into Ketqua(MaBN,MaXN,Ketqua) values ('2900','1','7.3')
insert into Ketqua(MaBN,MaXN,Ketqua) values ('2900','2','4.31')
insert into Ketqua(MaBN,MaXN,Ketqua) values ('2900','3','11.9')
insert into Ketqua(MaBN,MaXN,Ketqua) values ('2900','4','37.7')
insert into Ketqua(MaBN,MaXN,Ketqua) values ('2900','5','87.5')
insert into Ketqua(MaBN,MaXN,Ketqua) values ('2900','6','27.6')
insert into Ketqua(MaBN,MaXN,Ketqua) values ('2900','7','31.6')
insert into Ketqua(MaBN,MaXN,Ketqua) values ('2900','8','257')
insert into Ketqua(MaBN,MaXN,Ketqua) values ('2900','9','29.7')
insert into Ketqua(MaBN,MaXN,Ketqua) values ('2900','10','2.6')
insert into Ketqua(MaBN,MaXN,Ketqua) values ('2900','11','67.7')
insert into Ketqua(MaBN,MaXN,Ketqua) values ('2900','12','10.7')
insert into Ketqua(MaBN,MaXN,Ketqua) values ('2900','13','0.19')
insert into Ketqua(MaBN,MaXN,Ketqua) values ('2900','14','7.3')
insert into Ketqua(MaBN,MaXN,Ketqua) values ('2900','15','17.1')
insert into Ketqua(MaBN,MaXN,Ketqua) values ('2900','16','( O )')
insert into Ketqua(MaBN,MaXN,Ketqua) values ('2900','17','( + )')
insert into Ketqua(MaBN,MaXN,Ketqua) values ('2900','18','')
insert into Ketqua(MaBN,MaXN,Ketqua) values ('2900','19','ÂM TÍNH')
insert into Ketqua(MaBN,MaXN,Ketqua) values ('2900','20','ÂM TÍNH')
insert into Ketqua(MaBN,MaXN,Ketqua) values ('2900','21','ÂM TÍNH')
insert into Ketqua(MaBN,MaXN,Ketqua) values ('2900','22','ÂM TÍNH')
insert into Ketqua(MaBN,MaXN,Ketqua) values ('2900','23','ÂM TÍNH 1.4')
insert into Ketqua(MaBN,MaXN,Ketqua) values ('2900','24','ÂM TÍNH 0.26')
insert into Ketqua(MaBN,MaXN,Ketqua) values ('2900','25','4.1')
insert into Ketqua(MaBN,MaXN,Ketqua) values ('2900','26','1.2')
insert into Ketqua(MaBN,MaXN,Ketqua) values ('2900','27','0.5')
insert into Ketqua(MaBN,MaXN,Ketqua) values ('2900','28','')
insert into Ketqua(MaBN,MaXN,Ketqua) values ('2900','29','121')
insert into Ketqua(MaBN,MaXN,Ketqua) values ('2900','40','5.3')
insert into Ketqua(MaBN,MaXN,Ketqua) values ('2901','41','')
insert into Ketqua(MaBN,MaXN,Ketqua) values ('2901','42','')
insert into Ketqua(MaBN,MaXN,Ketqua) values ('2901','1','10.5')
insert into Ketqua(MaBN,MaXN,Ketqua) values ('2901','2','4.4')
insert into Ketqua(MaBN,MaXN,Ketqua) values ('2901','3','11.9')
insert into Ketqua(MaBN,MaXN,Ketqua) values ('2901','4','38.5')
insert into Ketqua(MaBN,MaXN,Ketqua) values ('2901','5','87.5')
insert into Ketqua(MaBN,MaXN,Ketqua) values ('2901','6','27.0')
insert into Ketqua(MaBN,MaXN,Ketqua) values ('2901','7','30.9')
insert into Ketqua(MaBN,MaXN,Ketqua) values ('2901','8','333')
insert into Ketqua(MaBN,MaXN,Ketqua) values ('2901','9','30.6')
insert into Ketqua(MaBN,MaXN,Ketqua) values ('2901','10','3.4')
insert into Ketqua(MaBN,MaXN,Ketqua) values ('2901','11','66.0')
insert into Ketqua(MaBN,MaXN,Ketqua) values ('2901','12','12.0')
insert into Ketqua(MaBN,MaXN,Ketqua) values ('2901','13','0.22')
insert into Ketqua(MaBN,MaXN,Ketqua) values ('2901','14','6.7')
insert into Ketqua(MaBN,MaXN,Ketqua) values ('2901','15','16.7')
insert into Ketqua(MaBN,MaXN,Ketqua) values ('2901','16','( AB )')
insert into Ketqua(MaBN,MaXN,Ketqua) values ('2901','17','( + )')
insert into Ketqua(MaBN,MaXN,Ketqua) values ('2901','18','')
insert into Ketqua(MaBN,MaXN,Ketqua) values ('2901','19','ÂM TÍNH')
insert into Ketqua(MaBN,MaXN,Ketqua) values ('2901','20','ÂM TÍNH')
insert into Ketqua(MaBN,MaXN,Ketqua) values ('2901','21','ÂM TÍNH')
insert into Ketqua(MaBN,MaXN,Ketqua) values ('2901','22','ÂM TÍNH')
insert into Ketqua(MaBN,MaXN,Ketqua) values ('2901','23','DƯƠNG TÍNH 174.1')
insert into Ketqua(MaBN,MaXN,Ketqua) values ('2901','24','ÂM TÍNH 0.37')
insert into Ketqua(MaBN,MaXN,Ketqua) values ('2901','25','4.2')
insert into Ketqua(MaBN,MaXN,Ketqua) values ('2901','26','1.6')
insert into Ketqua(MaBN,MaXN,Ketqua) values ('2901','27','0.9')
insert into Ketqua(MaBN,MaXN,Ketqua) values ('2901','28','')
insert into Ketqua(MaBN,MaXN,Ketqua) values ('2901','29','132')
insert into Ketqua(MaBN,MaXN,Ketqua) values ('2901','40','5.4')
insert into Ketqua(MaBN,MaXN,Ketqua) values ('2902','41','')
insert into Ketqua(MaBN,MaXN,Ketqua) values ('2902','42','')
insert into Ketqua(MaBN,MaXN,Ketqua) values ('2902','1','7.4')
insert into Ketqua(MaBN,MaXN,Ketqua) values ('2902','2','4.19')
insert into Ketqua(MaBN,MaXN,Ketqua) values ('2902','3','11.6')
insert into Ketqua(MaBN,MaXN,Ketqua) values ('2902','4','37.0')
insert into Ketqua(MaBN,MaXN,Ketqua) values ('2902','5','88.3')
insert into Ketqua(MaBN,MaXN,Ketqua) values ('2902','6','27.7')
insert into Ketqua(MaBN,MaXN,Ketqua) values ('2902','7','31.4')
insert into Ketqua(MaBN,MaXN,Ketqua) values ('2902','8','225')
insert into Ketqua(MaBN,MaXN,Ketqua) values ('2902','9','33.0')
insert into Ketqua(MaBN,MaXN,Ketqua) values ('2902','10','2.2')
insert into Ketqua(MaBN,MaXN,Ketqua) values ('2902','11','64.8')
insert into Ketqua(MaBN,MaXN,Ketqua) values ('2902','12','11.3')
insert into Ketqua(MaBN,MaXN,Ketqua) values ('2902','13','0.19')
insert into Ketqua(MaBN,MaXN,Ketqua) values ('2902','14','8.4')
insert into Ketqua(MaBN,MaXN,Ketqua) values ('2902','15','16.4')
insert into Ketqua(MaBN,MaXN,Ketqua) values ('2902','16','( A )')
insert into Ketqua(MaBN,MaXN,Ketqua) values ('2902','17','( + )')
insert into Ketqua(MaBN,MaXN,Ketqua) values ('2902','18','')
insert into Ketqua(MaBN,MaXN,Ketqua) values ('2902','19','ÂM TÍNH')
insert into Ketqua(MaBN,MaXN,Ketqua) values ('2902','20','ÂM TÍNH')
insert into Ketqua(MaBN,MaXN,Ketqua) values ('2902','21','ÂM TÍNH')
insert into Ketqua(MaBN,MaXN,Ketqua) values ('2902','22','ÂM TÍNH')
insert into Ketqua(MaBN,MaXN,Ketqua) values ('2902','23','3.2')
insert into Ketqua(MaBN,MaXN,Ketqua) values ('2902','24','1.3')
insert into Ketqua(MaBN,MaXN,Ketqua) values ('2902','27','0.9')
insert into Ketqua(MaBN,MaXN,Ketqua) values ('2902','28','')
insert into Ketqua(MaBN,MaXN,Ketqua) values ('2902','29','79')
insert into Ketqua(MaBN,MaXN,Ketqua) values ('2902','40','4.3')
insert into Ketqua(MaBN,MaXN,Ketqua) values ('2903','41','')
insert into Ketqua(MaBN,MaXN,Ketqua) values ('2903','42','')
insert into Ketqua(MaBN,MaXN,Ketqua) values ('2903','1','7.0')
insert into Ketqua(MaBN,MaXN,Ketqua) values ('2903','2','4.64')
insert into Ketqua(MaBN,MaXN,Ketqua) values ('2903','3','14.0')
insert into Ketqua(MaBN,MaXN,Ketqua) values ('2903','4','44.1')
insert into Ketqua(MaBN,MaXN,Ketqua) values ('2903','5','95.0')
insert into Ketqua(MaBN,MaXN,Ketqua) values ('2903','6','32.2')
insert into Ketqua(MaBN,MaXN,Ketqua) values ('2903','7','31.7')
insert into Ketqua(MaBN,MaXN,Ketqua) values ('2903','8','208')
insert into Ketqua(MaBN,MaXN,Ketqua) values ('2903','9','13.5')
insert into Ketqua(MaBN,MaXN,Ketqua) values ('2903','10','2.9')
insert into Ketqua(MaBN,MaXN,Ketqua) values ('2903','11','83.6')
insert into Ketqua(MaBN,MaXN,Ketqua) values ('2903','12','13.0')
insert into Ketqua(MaBN,MaXN,Ketqua) values ('2903','13','0.15')
insert into Ketqua(MaBN,MaXN,Ketqua) values ('2903','14','7.2')
insert into Ketqua(MaBN,MaXN,Ketqua) values ('2903','15','17.7')
insert into Ketqua(MaBN,MaXN,Ketqua) values ('2903','16','')
insert into Ketqua(MaBN,MaXN,Ketqua) values ('2903','17','93')
insert into Ketqua(MaBN,MaXN,Ketqua) values ('2903','40','44')
insert into Ketqua(MaBN,MaXN,Ketqua) values ('2903','41','63')
insert into Ketqua(MaBN,MaXN,Ketqua) values ('2903','44','')
insert into Ketqua(MaBN,MaXN,Ketqua) values ('2903','45','')
insert into Ketqua(MaBN,MaXN,Ketqua) values ('2903','39','')
insert into Ketqua(MaBN,MaXN,Ketqua) values ('2903','39','')
insert into Ketqua(MaBN,MaXN,Ketqua) values ('2903','39','')
insert into Ketqua(MaBN,MaXN,Ketqua) values ('2903','39','')
insert into Ketqua(MaBN,MaXN,Ketqua) values ('2903','39','')
insert into Ketqua(MaBN,MaXN,Ketqua) values ('2903','39','')
insert into Ketqua(MaBN,MaXN,Ketqua) values ('2903','39','')
insert into Ketqua(MaBN,MaXN,Ketqua) values ('2906','39','ÂM TÍNH 0.27')
insert into Ketqua(MaBN,MaXN,Ketqua) values ('2912','39','')
insert into Ketqua(MaBN,MaXN,Ketqua) values ('2912','26','1987.3')
insert into Ketqua(MaBN,MaXN,Ketqua) values ('2894','1','')
insert into Ketqua(MaBN,MaXN,Ketqua) values ('2894','2','')
insert into Ketqua(MaBN,MaXN,Ketqua) values ('2894','1','9.4')
insert into Ketqua(MaBN,MaXN,Ketqua) values ('2894','2','5.34')
insert into Ketqua(MaBN,MaXN,Ketqua) values ('2894','3','11.1')
insert into Ketqua(MaBN,MaXN,Ketqua) values ('2894','4','36.3')
insert into Ketqua(MaBN,MaXN,Ketqua) values ('2894','5','68.0')
insert into Ketqua(MaBN,MaXN,Ketqua) values ('2894','6','20.8')
insert into Ketqua(MaBN,MaXN,Ketqua) values ('2894','7','30.6')
insert into Ketqua(MaBN,MaXN,Ketqua) values ('2894','8','307')
insert into Ketqua(MaBN,MaXN,Ketqua) values ('2894','9','25.0')
insert into Ketqua(MaBN,MaXN,Ketqua) values ('2894','10','2.1')
insert into Ketqua(MaBN,MaXN,Ketqua) values ('2894','11','72.9')
insert into Ketqua(MaBN,MaXN,Ketqua) values ('2894','12','11.3')
insert into Ketqua(MaBN,MaXN,Ketqua) values ('2894','13','0.25')
insert into Ketqua(MaBN,MaXN,Ketqua) values ('2894','14','9.6')
insert into Ketqua(MaBN,MaXN,Ketqua) values ('2894','15','14.5')
insert into Ketqua(MaBN,MaXN,Ketqua) values ('2894','16','( A )')
insert into Ketqua(MaBN,MaXN,Ketqua) values ('2894','17','( + )')
insert into Ketqua(MaBN,MaXN,Ketqua) values ('2894','18','')
insert into Ketqua(MaBN,MaXN,Ketqua) values ('2894','19','ÂM TÍNH')
insert into Ketqua(MaBN,MaXN,Ketqua) values ('2894','20','ÂM TÍNH')
insert into Ketqua(MaBN,MaXN,Ketqua) values ('2894','21','ÂM TÍNH')
insert into Ketqua(MaBN,MaXN,Ketqua) values ('2894','22','ÂM TÍNH')
insert into Ketqua(MaBN,MaXN,Ketqua) values ('2894','23','')
insert into Ketqua(MaBN,MaXN,Ketqua) values ('2894','24','')
insert into Ketqua(MaBN,MaXN,Ketqua) values ('2894','39','')
insert into Ketqua(MaBN,MaXN,Ketqua) values ('2894','39','81')
insert into Ketqua(MaBN,MaXN,Ketqua) values ('2912','40','')
insert into Ketqua(MaBN,MaXN,Ketqua) values ('2912','41','')
insert into Ketqua(MaBN,MaXN,Ketqua) values ('2913','22','')
insert into Ketqua(MaBN,MaXN,Ketqua) values ('2913','35','')
insert into Ketqua(MaBN,MaXN,Ketqua) values ('2913','1','')
insert into Ketqua(MaBN,MaXN,Ketqua) values ('2913','2','')
insert into Ketqua(MaBN,MaXN,Ketqua) values ('2913','3','')
insert into Ketqua(MaBN,MaXN,Ketqua) values ('2913','4','')

insert into Ketqua(MaBN,MaXN,Ketqua) values ('2713','25','')
insert into Ketqua(MaBN,MaXN,Ketqua) values ('2713','26','')
insert into Ketqua(MaBN,MaXN,Ketqua) values ('2713','1','8.1')
insert into Ketqua(MaBN,MaXN,Ketqua) values ('2713','2','3.73')
insert into Ketqua(MaBN,MaXN,Ketqua) values ('2713','3','10.7')
insert into Ketqua(MaBN,MaXN,Ketqua) values ('2713','4','33.7')
insert into Ketqua(MaBN,MaXN,Ketqua) values ('2713','5','89.8')
insert into Ketqua(MaBN,MaXN,Ketqua) values ('2713','6','27.5')
insert into Ketqua(MaBN,MaXN,Ketqua) values ('2713','7','30.6')
insert into Ketqua(MaBN,MaXN,Ketqua) values ('2713','8','218')
insert into Ketqua(MaBN,MaXN,Ketqua) values ('2713','9','24.7')
insert into Ketqua(MaBN,MaXN,Ketqua) values ('2713','10','4.5')
insert into Ketqua(MaBN,MaXN,Ketqua) values ('2713','11','70.8')
insert into Ketqua(MaBN,MaXN,Ketqua) values ('2713','12','13.5')
insert into Ketqua(MaBN,MaXN,Ketqua) values ('2713','13','0.16')
insert into Ketqua(MaBN,MaXN,Ketqua) values ('2713','14','7.3')
insert into Ketqua(MaBN,MaXN,Ketqua) values ('2713','15','17.2')
insert into Ketqua(MaBN,MaXN,Ketqua) values ('2713','16','(O)')
insert into Ketqua(MaBN,MaXN,Ketqua) values ('2713','17','(+)')
insert into Ketqua(MaBN,MaXN,Ketqua) values ('2714','18','')
insert into Ketqua(MaBN,MaXN,Ketqua) values ('2714','19','')
insert into Ketqua(MaBN,MaXN,Ketqua) values ('2714','1','11.1')
insert into Ketqua(MaBN,MaXN,Ketqua) values ('2714','2','5.12')
insert into Ketqua(MaBN,MaXN,Ketqua) values ('2714','3','15.5')
insert into Ketqua(MaBN,MaXN,Ketqua) values ('2714','4','46.8')
insert into Ketqua(MaBN,MaXN,Ketqua) values ('2714','5','91.4')
insert into Ketqua(MaBN,MaXN,Ketqua) values ('2714','6','30.3')
insert into Ketqua(MaBN,MaXN,Ketqua) values ('2714','7','33.1')
insert into Ketqua(MaBN,MaXN,Ketqua) values ('2714','8','333')
insert into Ketqua(MaBN,MaXN,Ketqua) values ('2714','9','43.1')
insert into Ketqua(MaBN,MaXN,Ketqua) values ('2714','10','6.1')
insert into Ketqua(MaBN,MaXN,Ketqua) values ('2714','11','50.8')
insert into Ketqua(MaBN,MaXN,Ketqua) values ('2714','12','12.0')
insert into Ketqua(MaBN,MaXN,Ketqua) values ('2714','13','0.24')
insert into Ketqua(MaBN,MaXN,Ketqua) values ('2714','14','8.1')
insert into Ketqua(MaBN,MaXN,Ketqua) values ('2714','15','18.0')
insert into Ketqua(MaBN,MaXN,Ketqua) values ('2714','16','')
insert into Ketqua(MaBN,MaXN,Ketqua) values ('2714','17','')
insert into Ketqua(MaBN,MaXN,Ketqua) values ('2714','39','')
insert into Ketqua(MaBN,MaXN,Ketqua) values ('2714','39','')
insert into Ketqua(MaBN,MaXN,Ketqua) values ('2714','39','')
insert into Ketqua(MaBN,MaXN,Ketqua) values ('2714','39','')
insert into Ketqua(MaBN,MaXN,Ketqua) values ('2714','39','')
insert into Ketqua(MaBN,MaXN,Ketqua) values ('2714','39','')
insert into Ketqua(MaBN,MaXN,Ketqua) values ('2714','39','71')
insert into Ketqua(MaBN,MaXN,Ketqua) values ('2714','40','27')
insert into Ketqua(MaBN,MaXN,Ketqua) values ('2714','43','34')
insert into Ketqua(MaBN,MaXN,Ketqua) values ('2714','44','253')
insert into Ketqua(MaBN,MaXN,Ketqua) values ('2714','45','4.5')
insert into Ketqua(MaBN,MaXN,Ketqua) values ('2714','48','0.7')
insert into Ketqua(MaBN,MaXN,Ketqua) values ('2714','49','')
insert into Ketqua(MaBN,MaXN,Ketqua) values ('2714','47','')
insert into Ketqua(MaBN,MaXN,Ketqua) values ('2715','39','')
insert into Ketqua(MaBN,MaXN,Ketqua) values ('2715','39','')
insert into Ketqua(MaBN,MaXN,Ketqua) values ('2715','1','7.57')
insert into Ketqua(MaBN,MaXN,Ketqua) values ('2715','2','5.5')
insert into Ketqua(MaBN,MaXN,Ketqua) values ('2715','3','14.6')
insert into Ketqua(MaBN,MaXN,Ketqua) values ('2715','4','47.2')
insert into Ketqua(MaBN,MaXN,Ketqua) values ('2715','5','85.8')
insert into Ketqua(MaBN,MaXN,Ketqua) values ('2715','6','26.5')
insert into Ketqua(MaBN,MaXN,Ketqua) values ('2715','7','30.9')
insert into Ketqua(MaBN,MaXN,Ketqua) values ('2715','8','287')
insert into Ketqua(MaBN,MaXN,Ketqua) values ('2715','9','43.1')
insert into Ketqua(MaBN,MaXN,Ketqua) values ('2715','10','6.1')
insert into Ketqua(MaBN,MaXN,Ketqua) values ('2715','11','50.8')
insert into Ketqua(MaBN,MaXN,Ketqua) values ('2715','12','12.3')
insert into Ketqua(MaBN,MaXN,Ketqua) values ('2715','13','0.15')
insert into Ketqua(MaBN,MaXN,Ketqua) values ('2715','14','8.6')
insert into Ketqua(MaBN,MaXN,Ketqua) values ('2715','15','17.2')
insert into Ketqua(MaBN,MaXN,Ketqua) values ('2715','16','( O )')
insert into Ketqua(MaBN,MaXN,Ketqua) values ('2715','17','( + )')
insert into Ketqua(MaBN,MaXN,Ketqua) values ('2715','18','')
insert into Ketqua(MaBN,MaXN,Ketqua) values ('2715','19','ÂM TÍNH')
insert into Ketqua(MaBN,MaXN,Ketqua) values ('2715','20','ÂM TÍNH')
insert into Ketqua(MaBN,MaXN,Ketqua) values ('2715','21','ÂM TÍNH')
insert into Ketqua(MaBN,MaXN,Ketqua) values ('2715','22','ÂM TÍNH')
insert into Ketqua(MaBN,MaXN,Ketqua) values ('2715','23','3.2')
insert into Ketqua(MaBN,MaXN,Ketqua) values ('2715','24','1.0')
insert into Ketqua(MaBN,MaXN,Ketqua) values ('2715','27','0.6')
insert into Ketqua(MaBN,MaXN,Ketqua) values ('2715','28','')
insert into Ketqua(MaBN,MaXN,Ketqua) values ('2715','29','112')
insert into Ketqua(MaBN,MaXN,Ketqua) values ('2715','40','26')
insert into Ketqua(MaBN,MaXN,Ketqua) values ('2715','41','24')
insert into Ketqua(MaBN,MaXN,Ketqua) values ('2715','44','0.7')
insert into Ketqua(MaBN,MaXN,Ketqua) values ('2715','45','295')
insert into Ketqua(MaBN,MaXN,Ketqua) values ('2715','47','4.1')
insert into Ketqua(MaBN,MaXN,Ketqua) values ('2716','48','')
update Ketqua set MaXN='45', Ketqua='234' where MaBN = '2716'
insert into Ketqua(MaBN,MaXN,Ketqua) values ('2716','49','418')
update Ketqua set MaXN='43', Ketqua='2418' where MaBN = '2716'
insert into Ketqua(MaBN,MaXN,Ketqua) values ('2717','20','')
insert into Ketqua(MaBN,MaXN,Ketqua) values ('2717','31','ÂM TÍNH')
insert into Ketqua(MaBN,MaXN,Ketqua) values ('2717','20','')
insert into Ketqua(MaBN,MaXN,Ketqua) values ('2717','30','31')
insert into Ketqua(MaBN,MaXN,Ketqua) values ('2717','40','18')
insert into Ketqua(MaBN,MaXN,Ketqua) values ('2717','44','27')
insert into Ketqua(MaBN,MaXN,Ketqua) values ('2718','45','')
insert into Ketqua(MaBN,MaXN,Ketqua) values ('2718','46','')
insert into Ketqua(MaBN,MaXN,Ketqua) values ('2718','1','8.0')
insert into Ketqua(MaBN,MaXN,Ketqua) values ('2718','2','4.26')
insert into Ketqua(MaBN,MaXN,Ketqua) values ('2718','3','11.8')
insert into Ketqua(MaBN,MaXN,Ketqua) values ('2718','4','37.2')
insert into Ketqua(MaBN,MaXN,Ketqua) values ('2718','5','87.3')
insert into Ketqua(MaBN,MaXN,Ketqua) values ('2718','6','27.7')
insert into Ketqua(MaBN,MaXN,Ketqua) values ('2718','7','31.7')
insert into Ketqua(MaBN,MaXN,Ketqua) values ('2718','8','204')
insert into Ketqua(MaBN,MaXN,Ketqua) values ('2718','9','26.3')
insert into Ketqua(MaBN,MaXN,Ketqua) values ('2718','10','1.8')
insert into Ketqua(MaBN,MaXN,Ketqua) values ('2718','11','71.9')
insert into Ketqua(MaBN,MaXN,Ketqua) values ('2718','12','12.7')
insert into Ketqua(MaBN,MaXN,Ketqua) values ('2718','13','0.18')
insert into Ketqua(MaBN,MaXN,Ketqua) values ('2718','14','8.9')
insert into Ketqua(MaBN,MaXN,Ketqua) values ('2718','15','16.7')
insert into Ketqua(MaBN,MaXN,Ketqua) values ('2718','16','( A )')
insert into Ketqua(MaBN,MaXN,Ketqua) values ('2718','17','( + )')
insert into Ketqua(MaBN,MaXN,Ketqua) values ('2718','18','')
insert into Ketqua(MaBN,MaXN,Ketqua) values ('2718','19','ÂM TÍNH')
insert into Ketqua(MaBN,MaXN,Ketqua) values ('2718','20','ÂM TÍNH')
insert into Ketqua(MaBN,MaXN,Ketqua) values ('2718','21','ÂM TÍNH')
insert into Ketqua(MaBN,MaXN,Ketqua) values ('2718','22','ÂM TÍNH')
insert into Ketqua(MaBN,MaXN,Ketqua) values ('2718','23','4.0')
insert into Ketqua(MaBN,MaXN,Ketqua) values ('2718','24','0.9')
insert into Ketqua(MaBN,MaXN,Ketqua) values ('2718','27','3.6')
insert into Ketqua(MaBN,MaXN,Ketqua) values ('2718','28','')
insert into Ketqua(MaBN,MaXN,Ketqua) values ('2718','29','96')
insert into Ketqua(MaBN,MaXN,Ketqua) values ('2718','40','5.3')
insert into Ketqua(MaBN,MaXN,Ketqua) values ('2719','41','')
insert into Ketqua(MaBN,MaXN,Ketqua) values ('2719','42','')
insert into Ketqua(MaBN,MaXN,Ketqua) values ('2719','1','11.2')
insert into Ketqua(MaBN,MaXN,Ketqua) values ('2719','2','4.31')
insert into Ketqua(MaBN,MaXN,Ketqua) values ('2719','3','11.9')
insert into Ketqua(MaBN,MaXN,Ketqua) values ('2719','4','38.7')
insert into Ketqua(MaBN,MaXN,Ketqua) values ('2719','5','89.8')
insert into Ketqua(MaBN,MaXN,Ketqua) values ('2719','6','27.6')
insert into Ketqua(MaBN,MaXN,Ketqua) values ('2719','7','30.7')
insert into Ketqua(MaBN,MaXN,Ketqua) values ('2719','8','316')
insert into Ketqua(MaBN,MaXN,Ketqua) values ('2719','9','27.9')
insert into Ketqua(MaBN,MaXN,Ketqua) values ('2719','10','9.4')
insert into Ketqua(MaBN,MaXN,Ketqua) values ('2719','11','62.7')
insert into Ketqua(MaBN,MaXN,Ketqua) values ('2719','12','10.9')
insert into Ketqua(MaBN,MaXN,Ketqua) values ('2719','13','0.22')
insert into Ketqua(MaBN,MaXN,Ketqua) values ('2719','14','6.9')
insert into Ketqua(MaBN,MaXN,Ketqua) values ('2719','15','15.8')
insert into Ketqua(MaBN,MaXN,Ketqua) values ('2719','16','( B )')
insert into Ketqua(MaBN,MaXN,Ketqua) values ('2719','17','( + )')
insert into Ketqua(MaBN,MaXN,Ketqua) values ('2719','18','')
insert into Ketqua(MaBN,MaXN,Ketqua) values ('2719','19','ÂM TÍNH')
insert into Ketqua(MaBN,MaXN,Ketqua) values ('2719','20','ÂM TÍNH')
insert into Ketqua(MaBN,MaXN,Ketqua) values ('2719','21','ÂM TÍNH')
insert into Ketqua(MaBN,MaXN,Ketqua) values ('2719','22','ÂM TÍNH')
insert into Ketqua(MaBN,MaXN,Ketqua) values ('2719','23','2.8')
insert into Ketqua(MaBN,MaXN,Ketqua) values ('2719','24','0.7')
insert into Ketqua(MaBN,MaXN,Ketqua) values ('2719','27','2.3')
insert into Ketqua(MaBN,MaXN,Ketqua) values ('2719','28','')
insert into Ketqua(MaBN,MaXN,Ketqua) values ('2719','29','101')
insert into Ketqua(MaBN,MaXN,Ketqua) values ('2719','40','4.9')
insert into Ketqua(MaBN,MaXN,Ketqua) values ('2720','41','')
insert into Ketqua(MaBN,MaXN,Ketqua) values ('2720','42','')
insert into Ketqua(MaBN,MaXN,Ketqua) values ('2720','1','10.0')
insert into Ketqua(MaBN,MaXN,Ketqua) values ('2720','2','4.2')
insert into Ketqua(MaBN,MaXN,Ketqua) values ('2720','3','12.6')
insert into Ketqua(MaBN,MaXN,Ketqua) values ('2720','4','38.9')
insert into Ketqua(MaBN,MaXN,Ketqua) values ('2720','5','92.6')
insert into Ketqua(MaBN,MaXN,Ketqua) values ('2720','6','28.6')
insert into Ketqua(MaBN,MaXN,Ketqua) values ('2720','7','32.8')
insert into Ketqua(MaBN,MaXN,Ketqua) values ('2720','8','215')
insert into Ketqua(MaBN,MaXN,Ketqua) values ('2720','9','27.6')
insert into Ketqua(MaBN,MaXN,Ketqua) values ('2720','10','2.8')
insert into Ketqua(MaBN,MaXN,Ketqua) values ('2720','11','69.6')
insert into Ketqua(MaBN,MaXN,Ketqua) values ('2720','12','12.1')
insert into Ketqua(MaBN,MaXN,Ketqua) values ('2720','13','0.17')
insert into Ketqua(MaBN,MaXN,Ketqua) values ('2720','14','8.0')
insert into Ketqua(MaBN,MaXN,Ketqua) values ('2720','15','16.8')
insert into Ketqua(MaBN,MaXN,Ketqua) values ('2720','16','( B )')
insert into Ketqua(MaBN,MaXN,Ketqua) values ('2720','17','( + )')
insert into Ketqua(MaBN,MaXN,Ketqua) values ('2720','18','')
insert into Ketqua(MaBN,MaXN,Ketqua) values ('2720','19','ÂM TÍNH')
insert into Ketqua(MaBN,MaXN,Ketqua) values ('2720','20','ÂM TÍNH')
insert into Ketqua(MaBN,MaXN,Ketqua) values ('2720','21','ÂM TÍNH')
insert into Ketqua(MaBN,MaXN,Ketqua) values ('2720','22','ÂM TÍNH')
insert into Ketqua(MaBN,MaXN,Ketqua) values ('2720','23','ÂM TÍNH 0.7')
insert into Ketqua(MaBN,MaXN,Ketqua) values ('2720','24','ÂM TÍNH 0.14')
insert into Ketqua(MaBN,MaXN,Ketqua) values ('2720','25','2.0')
insert into Ketqua(MaBN,MaXN,Ketqua) values ('2720','26','0.8')
insert into Ketqua(MaBN,MaXN,Ketqua) values ('2720','27','0.9')
insert into Ketqua(MaBN,MaXN,Ketqua) values ('2720','28','')
insert into Ketqua(MaBN,MaXN,Ketqua) values ('2720','29','98')
insert into Ketqua(MaBN,MaXN,Ketqua) values ('2720','40','5.3')
insert into Ketqua(MaBN,MaXN,Ketqua) values ('2721','41','ÂM TÍNH 1.9')
insert into Ketqua(MaBN,MaXN,Ketqua) values ('2721','42','ÂM TÍNH 0.22')
insert into Ketqua(MaBN,MaXN,Ketqua) values ('2722','25','')
insert into Ketqua(MaBN,MaXN,Ketqua) values ('2722','26','')
insert into Ketqua(MaBN,MaXN,Ketqua) values ('2722','1','9.9')
insert into Ketqua(MaBN,MaXN,Ketqua) values ('2722','2','4.19')
insert into Ketqua(MaBN,MaXN,Ketqua) values ('2722','3','12.2')
insert into Ketqua(MaBN,MaXN,Ketqua) values ('2722','4','38.1')
insert into Ketqua(MaBN,MaXN,Ketqua) values ('2722','5','90.9')
insert into Ketqua(MaBN,MaXN,Ketqua) values ('2722','6','29.1')
insert into Ketqua(MaBN,MaXN,Ketqua) values ('2722','7','32.0')
insert into Ketqua(MaBN,MaXN,Ketqua) values ('2722','8','122')
insert into Ketqua(MaBN,MaXN,Ketqua) values ('2722','9','24.0')
insert into Ketqua(MaBN,MaXN,Ketqua) values ('2722','10','3.4')
insert into Ketqua(MaBN,MaXN,Ketqua) values ('2722','11','72.6')
insert into Ketqua(MaBN,MaXN,Ketqua) values ('2722','12','10.9')
insert into Ketqua(MaBN,MaXN,Ketqua) values ('2722','13','0.19')
insert into Ketqua(MaBN,MaXN,Ketqua) values ('2722','14','7.7')
insert into Ketqua(MaBN,MaXN,Ketqua) values ('2722','15','17.2')
insert into Ketqua(MaBN,MaXN,Ketqua) values ('2722','16','( B )')
insert into Ketqua(MaBN,MaXN,Ketqua) values ('2722','17','( + )')
insert into Ketqua(MaBN,MaXN,Ketqua) values ('2722','18','')
insert into Ketqua(MaBN,MaXN,Ketqua) values ('2722','19','ÂM TÍNH')
insert into Ketqua(MaBN,MaXN,Ketqua) values ('2722','20','ÂM TÍNH')
insert into Ketqua(MaBN,MaXN,Ketqua) values ('2722','21','ÂM TÍNH')
insert into Ketqua(MaBN,MaXN,Ketqua) values ('2722','22','ÂM TÍNH')
insert into Ketqua(MaBN,MaXN,Ketqua) values ('2722','23','DƯƠNG TÍNH 39.3')
insert into Ketqua(MaBN,MaXN,Ketqua) values ('2722','24','ÂM TÍNH 0.27')
insert into Ketqua(MaBN,MaXN,Ketqua) values ('2722','25','3.0')
insert into Ketqua(MaBN,MaXN,Ketqua) values ('2722','26','1.6')
insert into Ketqua(MaBN,MaXN,Ketqua) values ('2722','27','0.8')
insert into Ketqua(MaBN,MaXN,Ketqua) values ('2722','28','')
insert into Ketqua(MaBN,MaXN,Ketqua) values ('2722','29','81')
insert into Ketqua(MaBN,MaXN,Ketqua) values ('2722','40','4.6')
insert into Ketqua(MaBN,MaXN,Ketqua) values ('2723','41','')
insert into Ketqua(MaBN,MaXN,Ketqua) values ('2723','42','ÂM TÍNH 0.4')
insert into Ketqua(MaBN,MaXN,Ketqua) values ('2723','20','ÂM TÍNH 0.32')
insert into Ketqua(MaBN,MaXN,Ketqua) values ('2724','25','')
insert into Ketqua(MaBN,MaXN,Ketqua) values ('2724','26','')
insert into Ketqua(MaBN,MaXN,Ketqua) values ('2724','1','11.2')
insert into Ketqua(MaBN,MaXN,Ketqua) values ('2724','2','3.8')
insert into Ketqua(MaBN,MaXN,Ketqua) values ('2724','3','10.4')
insert into Ketqua(MaBN,MaXN,Ketqua) values ('2724','4','33.5')
insert into Ketqua(MaBN,MaXN,Ketqua) values ('2724','5','88.2')
insert into Ketqua(MaBN,MaXN,Ketqua) values ('2724','6','27.4')
insert into Ketqua(MaBN,MaXN,Ketqua) values ('2724','7','31.0')
insert into Ketqua(MaBN,MaXN,Ketqua) values ('2724','8','310')
insert into Ketqua(MaBN,MaXN,Ketqua) values ('2724','9','22.5')
insert into Ketqua(MaBN,MaXN,Ketqua) values ('2724','10','1.4')
insert into Ketqua(MaBN,MaXN,Ketqua) values ('2724','11','76.5')
insert into Ketqua(MaBN,MaXN,Ketqua) values ('2724','12','11.5')
insert into Ketqua(MaBN,MaXN,Ketqua) values ('2724','13','0.19')
insert into Ketqua(MaBN,MaXN,Ketqua) values ('2724','14','6.1')
insert into Ketqua(MaBN,MaXN,Ketqua) values ('2724','15','17.3')
insert into Ketqua(MaBN,MaXN,Ketqua) values ('2724','16','( O )')
insert into Ketqua(MaBN,MaXN,Ketqua) values ('2724','17','( + )')
insert into Ketqua(MaBN,MaXN,Ketqua) values ('2724','18','')
insert into Ketqua(MaBN,MaXN,Ketqua) values ('2724','19','ÂM TÍNH')
insert into Ketqua(MaBN,MaXN,Ketqua) values ('2724','20','ÂM TÍNH')
insert into Ketqua(MaBN,MaXN,Ketqua) values ('2724','21','ÂM TÍNH')
insert into Ketqua(MaBN,MaXN,Ketqua) values ('2724','22','ÂM TÍNH')
insert into Ketqua(MaBN,MaXN,Ketqua) values ('2724','23','4.0')
insert into Ketqua(MaBN,MaXN,Ketqua) values ('2724','24','1.1')
insert into Ketqua(MaBN,MaXN,Ketqua) values ('2724','27','1.1')
insert into Ketqua(MaBN,MaXN,Ketqua) values ('2724','28','')
insert into Ketqua(MaBN,MaXN,Ketqua) values ('2724','29','84')
insert into Ketqua(MaBN,MaXN,Ketqua) values ('2724','40','4.9')
insert into Ketqua(MaBN,MaXN,Ketqua) values ('2725','41','')
insert into Ketqua(MaBN,MaXN,Ketqua) values ('2725','42','')
insert into Ketqua(MaBN,MaXN,Ketqua) values ('2725','1','8.8')
insert into Ketqua(MaBN,MaXN,Ketqua) values ('2725','2','3.84')
insert into Ketqua(MaBN,MaXN,Ketqua) values ('2725','3','11.6')
insert into Ketqua(MaBN,MaXN,Ketqua) values ('2725','4','35.8')
insert into Ketqua(MaBN,MaXN,Ketqua) values ('2725','5','93.5')
insert into Ketqua(MaBN,MaXN,Ketqua) values ('2725','6','28.2')
insert into Ketqua(MaBN,MaXN,Ketqua) values ('2725','7','30.3')
insert into Ketqua(MaBN,MaXN,Ketqua) values ('2725','8','302')
insert into Ketqua(MaBN,MaXN,Ketqua) values ('2725','9','28.9')
insert into Ketqua(MaBN,MaXN,Ketqua) values ('2725','10','1.7')
insert into Ketqua(MaBN,MaXN,Ketqua) values ('2725','11','69.4')
insert into Ketqua(MaBN,MaXN,Ketqua) values ('2725','12','10.4')
insert into Ketqua(MaBN,MaXN,Ketqua) values ('2725','13','0.21')
insert into Ketqua(MaBN,MaXN,Ketqua) values ('2725','14','6.9')
insert into Ketqua(MaBN,MaXN,Ketqua) values ('2725','15','')
insert into Ketqua(MaBN,MaXN,Ketqua) values ('2725','16','ÂM TÍNH')
insert into Ketqua(MaBN,MaXN,Ketqua) values ('2725','20','ÂM TÍNH')
insert into Ketqua(MaBN,MaXN,Ketqua) values ('2725','21','ÂM TÍNH')
insert into Ketqua(MaBN,MaXN,Ketqua) values ('2725','22','ÂM TÍNH')
insert into Ketqua(MaBN,MaXN,Ketqua) values ('2725','23','2.2')
insert into Ketqua(MaBN,MaXN,Ketqua) values ('2725','24','1.0')
insert into Ketqua(MaBN,MaXN,Ketqua) values ('2725','27','1.8')
insert into Ketqua(MaBN,MaXN,Ketqua) values ('2725','28','')
insert into Ketqua(MaBN,MaXN,Ketqua) values ('2725','29','97')
insert into Ketqua(MaBN,MaXN,Ketqua) values ('2725','40','5.0')
insert into Ketqua(MaBN,MaXN,Ketqua) values ('2725','41','')
insert into Ketqua(MaBN,MaXN,Ketqua) values ('2725','42','15.9')
insert into Ketqua(MaBN,MaXN,Ketqua) values ('2726','39','')
insert into Ketqua(MaBN,MaXN,Ketqua) values ('2726','17','1038')
insert into Ketqua(MaBN,MaXN,Ketqua) values ('2727','20','')
insert into Ketqua(MaBN,MaXN,Ketqua) values ('2727','31','')
insert into Ketqua(MaBN,MaXN,Ketqua) values ('2727','1','8.0')
insert into Ketqua(MaBN,MaXN,Ketqua) values ('2727','2','3.96')
insert into Ketqua(MaBN,MaXN,Ketqua) values ('2727','3','10.8')
insert into Ketqua(MaBN,MaXN,Ketqua) values ('2727','4','33.3')
insert into Ketqua(MaBN,MaXN,Ketqua) values ('2727','5','84.1')
insert into Ketqua(MaBN,MaXN,Ketqua) values ('2727','6','27.3')
insert into Ketqua(MaBN,MaXN,Ketqua) values ('2727','7','32.4')
insert into Ketqua(MaBN,MaXN,Ketqua) values ('2727','8','195')
insert into Ketqua(MaBN,MaXN,Ketqua) values ('2727','9','23.1')
insert into Ketqua(MaBN,MaXN,Ketqua) values ('2727','10','3.2')
insert into Ketqua(MaBN,MaXN,Ketqua) values ('2727','11','73.7')
insert into Ketqua(MaBN,MaXN,Ketqua) values ('2727','12','10.2')
insert into Ketqua(MaBN,MaXN,Ketqua) values ('2727','13','0.15')
insert into Ketqua(MaBN,MaXN,Ketqua) values ('2727','14','7.7')
insert into Ketqua(MaBN,MaXN,Ketqua) values ('2727','15','17.2')
insert into Ketqua(MaBN,MaXN,Ketqua) values ('2727','16','( O )')
insert into Ketqua(MaBN,MaXN,Ketqua) values ('2727','17','( + )')
insert into Ketqua(MaBN,MaXN,Ketqua) values ('2727','18','')
insert into Ketqua(MaBN,MaXN,Ketqua) values ('2727','19','ÂM TÍNH')
insert into Ketqua(MaBN,MaXN,Ketqua) values ('2727','20','ÂM TÍNH')
insert into Ketqua(MaBN,MaXN,Ketqua) values ('2727','21','ÂM TÍNH')
insert into Ketqua(MaBN,MaXN,Ketqua) values ('2727','23','DƯƠNG TÍNH 29.6')
insert into Ketqua(MaBN,MaXN,Ketqua) values ('2727','24','ÂM TÍNH 0.24')
insert into Ketqua(MaBN,MaXN,Ketqua) values ('2727','25','')
insert into Ketqua(MaBN,MaXN,Ketqua) values ('2727','26','')
insert into Ketqua(MaBN,MaXN,Ketqua) values ('2727','39','91')
insert into Ketqua(MaBN,MaXN,Ketqua) values ('2728','40','')
insert into Ketqua(MaBN,MaXN,Ketqua) values ('2728','41','')
insert into Ketqua(MaBN,MaXN,Ketqua) values ('2728','1','8.0')
insert into Ketqua(MaBN,MaXN,Ketqua) values ('2728','2','3.91')
insert into Ketqua(MaBN,MaXN,Ketqua) values ('2728','3','11.0')
insert into Ketqua(MaBN,MaXN,Ketqua) values ('2728','4','35.9')
insert into Ketqua(MaBN,MaXN,Ketqua) values ('2728','5','91.8')
insert into Ketqua(MaBN,MaXN,Ketqua) values ('2728','6','28.1')
insert into Ketqua(MaBN,MaXN,Ketqua) values ('2728','7','30.6')
insert into Ketqua(MaBN,MaXN,Ketqua) values ('2728','8','232')
insert into Ketqua(MaBN,MaXN,Ketqua) values ('2728','9','13.5')
insert into Ketqua(MaBN,MaXN,Ketqua) values ('2728','10','1.0')
insert into Ketqua(MaBN,MaXN,Ketqua) values ('2728','11','85.5')
insert into Ketqua(MaBN,MaXN,Ketqua) values ('2728','12','11.3')
insert into Ketqua(MaBN,MaXN,Ketqua) values ('2728','13','0.17')
insert into Ketqua(MaBN,MaXN,Ketqua) values ('2728','14','7.3')
insert into Ketqua(MaBN,MaXN,Ketqua) values ('2728','15','16.9')
insert into Ketqua(MaBN,MaXN,Ketqua) values ('2728','16','( B )')
insert into Ketqua(MaBN,MaXN,Ketqua) values ('2728','17','( + )')
insert into Ketqua(MaBN,MaXN,Ketqua) values ('2728','18','')
insert into Ketqua(MaBN,MaXN,Ketqua) values ('2728','19','ÂM TÍNH')
insert into Ketqua(MaBN,MaXN,Ketqua) values ('2728','20','ÂM TÍNH')
insert into Ketqua(MaBN,MaXN,Ketqua) values ('2728','21','ÂM TÍNH')
insert into Ketqua(MaBN,MaXN,Ketqua) values ('2728','23','DƯƠNG TÍNH 89.8')
insert into Ketqua(MaBN,MaXN,Ketqua) values ('2728','24','ÂM TÍNH 0.44')
insert into Ketqua(MaBN,MaXN,Ketqua) values ('2728','25','')
insert into Ketqua(MaBN,MaXN,Ketqua) values ('2728','26','')
insert into Ketqua(MaBN,MaXN,Ketqua) values ('2728','39','84')
insert into Ketqua(MaBN,MaXN,Ketqua) values ('2729','40','')
insert into Ketqua(MaBN,MaXN,Ketqua) values ('2729','41','')
insert into Ketqua(MaBN,MaXN,Ketqua) values ('2729','1','9.2')
insert into Ketqua(MaBN,MaXN,Ketqua) values ('2729','2','4.8')
insert into Ketqua(MaBN,MaXN,Ketqua) values ('2729','3','12.3')
insert into Ketqua(MaBN,MaXN,Ketqua) values ('2729','4','41.7')
insert into Ketqua(MaBN,MaXN,Ketqua) values ('2729','5','87.8')
insert into Ketqua(MaBN,MaXN,Ketqua) values ('2729','6','25.9')
insert into Ketqua(MaBN,MaXN,Ketqua) values ('2729','7','29.5')
insert into Ketqua(MaBN,MaXN,Ketqua) values ('2729','8','271')
insert into Ketqua(MaBN,MaXN,Ketqua) values ('2729','9','31.8')
insert into Ketqua(MaBN,MaXN,Ketqua) values ('2729','10','3.0')
insert into Ketqua(MaBN,MaXN,Ketqua) values ('2729','11','65.2')
insert into Ketqua(MaBN,MaXN,Ketqua) values ('2729','12','13.2')
insert into Ketqua(MaBN,MaXN,Ketqua) values ('2729','13','0.23')
insert into Ketqua(MaBN,MaXN,Ketqua) values ('2729','14','8.4')
insert into Ketqua(MaBN,MaXN,Ketqua) values ('2729','15','16.4')
insert into Ketqua(MaBN,MaXN,Ketqua) values ('2729','16','( B )')
insert into Ketqua(MaBN,MaXN,Ketqua) values ('2729','17','( + )')
insert into Ketqua(MaBN,MaXN,Ketqua) values ('2729','18','')
insert into Ketqua(MaBN,MaXN,Ketqua) values ('2729','19','ÂM TÍNH')
insert into Ketqua(MaBN,MaXN,Ketqua) values ('2729','20','ÂM TÍNH')
insert into Ketqua(MaBN,MaXN,Ketqua) values ('2729','21','ÂM TÍNH')
insert into Ketqua(MaBN,MaXN,Ketqua) values ('2730','23','')
insert into Ketqua(MaBN,MaXN,Ketqua) values ('2730','24','')
insert into Ketqua(MaBN,MaXN,Ketqua) values ('2730','1','6.1')
insert into Ketqua(MaBN,MaXN,Ketqua) values ('2729','2','ÂM TÍNH 0.7')
insert into Ketqua(MaBN,MaXN,Ketqua) values ('2729','3','ÂM TÍNH 0.34')
insert into Ketqua(MaBN,MaXN,Ketqua) values ('2729','25','')
insert into Ketqua(MaBN,MaXN,Ketqua) values ('2729','26','')
insert into Ketqua(MaBN,MaXN,Ketqua) values ('2729','39','118')
insert into Ketqua(MaBN,MaXN,Ketqua) values ('2730','40','4.41')
insert into Ketqua(MaBN,MaXN,Ketqua) values ('2730','41','12.4')
insert into Ketqua(MaBN,MaXN,Ketqua) values ('2730','4','37.2')
insert into Ketqua(MaBN,MaXN,Ketqua) values ('2730','5','84.4')
insert into Ketqua(MaBN,MaXN,Ketqua) values ('2730','6','28.1')
insert into Ketqua(MaBN,MaXN,Ketqua) values ('2730','7','33.3')
insert into Ketqua(MaBN,MaXN,Ketqua) values ('2730','8','201')
insert into Ketqua(MaBN,MaXN,Ketqua) values ('2730','9','18.3')
insert into Ketqua(MaBN,MaXN,Ketqua) values ('2730','10','7.7')
insert into Ketqua(MaBN,MaXN,Ketqua) values ('2730','11','74.0')
insert into Ketqua(MaBN,MaXN,Ketqua) values ('2730','12','10.9')
insert into Ketqua(MaBN,MaXN,Ketqua) values ('2730','13','0.19')
insert into Ketqua(MaBN,MaXN,Ketqua) values ('2730','14','7.3')
insert into Ketqua(MaBN,MaXN,Ketqua) values ('2730','15','17.7')
insert into Ketqua(MaBN,MaXN,Ketqua) values ('2730','16','')
insert into Ketqua(MaBN,MaXN,Ketqua) values ('2730','17','78')
insert into Ketqua(MaBN,MaXN,Ketqua) values ('2731','40','')
insert into Ketqua(MaBN,MaXN,Ketqua) values ('2731','41','83')
insert into Ketqua(MaBN,MaXN,Ketqua) values ('2732','40','')
insert into Ketqua(MaBN,MaXN,Ketqua) values ('2732','41','')
insert into Ketqua(MaBN,MaXN,Ketqua) values ('2732','1','8.1')
insert into Ketqua(MaBN,MaXN,Ketqua) values ('2732','2','4.5')
insert into Ketqua(MaBN,MaXN,Ketqua) values ('2732','3','12.7')
insert into Ketqua(MaBN,MaXN,Ketqua) values ('2732','4','39.8')
insert into Ketqua(MaBN,MaXN,Ketqua) values ('2732','5','88.4')
insert into Ketqua(MaBN,MaXN,Ketqua) values ('2732','6','28.2')
insert into Ketqua(MaBN,MaXN,Ketqua) values ('2732','7','31.9')
insert into Ketqua(MaBN,MaXN,Ketqua) values ('2732','8','287')
insert into Ketqua(MaBN,MaXN,Ketqua) values ('2732','9','9.5')
insert into Ketqua(MaBN,MaXN,Ketqua) values ('2732','10','2.4')
insert into Ketqua(MaBN,MaXN,Ketqua) values ('2732','11','98.1')
insert into Ketqua(MaBN,MaXN,Ketqua) values ('2732','12','12.6')
insert into Ketqua(MaBN,MaXN,Ketqua) values ('2732','13','0.18')
insert into Ketqua(MaBN,MaXN,Ketqua) values ('2732','14','6.4')
insert into Ketqua(MaBN,MaXN,Ketqua) values ('2732','15','17.4')
insert into Ketqua(MaBN,MaXN,Ketqua) values ('2733','16','')
insert into Ketqua(MaBN,MaXN,Ketqua) values ('2733','17','71')
insert into Ketqua(MaBN,MaXN,Ketqua) values ('2734','40','')
insert into Ketqua(MaBN,MaXN,Ketqua) values ('2734','43','70')
insert into Ketqua(MaBN,MaXN,Ketqua) values ('2735','40','')
insert into Ketqua(MaBN,MaXN,Ketqua) values ('2735','43','')
insert into Ketqua(MaBN,MaXN,Ketqua) values ('2735','1','11.1')
insert into Ketqua(MaBN,MaXN,Ketqua) values ('2735','2','4.2')
insert into Ketqua(MaBN,MaXN,Ketqua) values ('2735','3','11.8')
insert into Ketqua(MaBN,MaXN,Ketqua) values ('2735','4','37.3')
insert into Ketqua(MaBN,MaXN,Ketqua) values ('2735','5','88.8')
insert into Ketqua(MaBN,MaXN,Ketqua) values ('2735','6','28.1')
insert into Ketqua(MaBN,MaXN,Ketqua) values ('2735','7','31.6')
insert into Ketqua(MaBN,MaXN,Ketqua) values ('2735','8','255')
insert into Ketqua(MaBN,MaXN,Ketqua) values ('2735','9','31.8')
insert into Ketqua(MaBN,MaXN,Ketqua) values ('2735','10','2.0')
insert into Ketqua(MaBN,MaXN,Ketqua) values ('2735','11','66.2')
insert into Ketqua(MaBN,MaXN,Ketqua) values ('2735','12','11.4')
insert into Ketqua(MaBN,MaXN,Ketqua) values ('2735','13','0.16')
insert into Ketqua(MaBN,MaXN,Ketqua) values ('2735','14','6.3')
insert into Ketqua(MaBN,MaXN,Ketqua) values ('2735','15','16.2')
insert into Ketqua(MaBN,MaXN,Ketqua) values ('2735','16','( O )')
insert into Ketqua(MaBN,MaXN,Ketqua) values ('2735','17','( + )')
insert into Ketqua(MaBN,MaXN,Ketqua) values ('2735','18','')
insert into Ketqua(MaBN,MaXN,Ketqua) values ('2735','19','ÂM TÍNH')
insert into Ketqua(MaBN,MaXN,Ketqua) values ('2735','20','ÂM TÍNH')
insert into Ketqua(MaBN,MaXN,Ketqua) values ('2735','21','ÂM TÍNH')
insert into Ketqua(MaBN,MaXN,Ketqua) values ('2735','22','ÂM TÍNH')
insert into Ketqua(MaBN,MaXN,Ketqua) values ('2735','23','2.8')
insert into Ketqua(MaBN,MaXN,Ketqua) values ('2735','24','1.0')
insert into Ketqua(MaBN,MaXN,Ketqua) values ('2735','27','0.4')
insert into Ketqua(MaBN,MaXN,Ketqua) values ('2735','28','')
insert into Ketqua(MaBN,MaXN,Ketqua) values ('2735','29','5.2')
insert into Ketqua(MaBN,MaXN,Ketqua) values ('2735','40','89')
insert into Ketqua(MaBN,MaXN,Ketqua) values ('2736','42','')
insert into Ketqua(MaBN,MaXN,Ketqua) values ('2736','43','')
insert into Ketqua(MaBN,MaXN,Ketqua) values ('2736','1','9.4')
insert into Ketqua(MaBN,MaXN,Ketqua) values ('2736','2','4.51')
insert into Ketqua(MaBN,MaXN,Ketqua) values ('2736','3','13.9')
insert into Ketqua(MaBN,MaXN,Ketqua) values ('2736','4','42.5')
insert into Ketqua(MaBN,MaXN,Ketqua) values ('2736','5','94.2')
insert into Ketqua(MaBN,MaXN,Ketqua) values ('2736','6','30.8')
insert into Ketqua(MaBN,MaXN,Ketqua) values ('2736','7','32.7')
insert into Ketqua(MaBN,MaXN,Ketqua) values ('2736','8','224')
insert into Ketqua(MaBN,MaXN,Ketqua) values ('2736','9','27.5')
insert into Ketqua(MaBN,MaXN,Ketqua) values ('2736','10','2.9')
insert into Ketqua(MaBN,MaXN,Ketqua) values ('2736','11','69.6')
insert into Ketqua(MaBN,MaXN,Ketqua) values ('2736','12','14.4')
insert into Ketqua(MaBN,MaXN,Ketqua) values ('2736','13','0.18')
insert into Ketqua(MaBN,MaXN,Ketqua) values ('2736','14','8.1')
insert into Ketqua(MaBN,MaXN,Ketqua) values ('2736','15','16.3')
insert into Ketqua(MaBN,MaXN,Ketqua) values ('2736','16','( A )')
insert into Ketqua(MaBN,MaXN,Ketqua) values ('2736','17','( + )')
insert into Ketqua(MaBN,MaXN,Ketqua) values ('2736','18','')
insert into Ketqua(MaBN,MaXN,Ketqua) values ('2736','19','ÂM TÍNH')
insert into Ketqua(MaBN,MaXN,Ketqua) values ('2736','20','ÂM TÍNH')
insert into Ketqua(MaBN,MaXN,Ketqua) values ('2736','21','ÂM TÍNH')
insert into Ketqua(MaBN,MaXN,Ketqua) values ('2736','22','ÂM TÍNH')
insert into Ketqua(MaBN,MaXN,Ketqua) values ('2736','23','4.1')
insert into Ketqua(MaBN,MaXN,Ketqua) values ('2736','24','0.9')
insert into Ketqua(MaBN,MaXN,Ketqua) values ('2736','27','3.6')
insert into Ketqua(MaBN,MaXN,Ketqua) values ('2736','28','')
insert into Ketqua(MaBN,MaXN,Ketqua) values ('2736','29','101')
insert into Ketqua(MaBN,MaXN,Ketqua) values ('2736','40','4.8')
insert into Ketqua(MaBN,MaXN,Ketqua) values ('2737','41','')
insert into Ketqua(MaBN,MaXN,Ketqua) values ('2737','42','')
insert into Ketqua(MaBN,MaXN,Ketqua) values ('2737','1','8.9')
insert into Ketqua(MaBN,MaXN,Ketqua) values ('2737','2','4.84')
insert into Ketqua(MaBN,MaXN,Ketqua) values ('2737','3','10.5')
insert into Ketqua(MaBN,MaXN,Ketqua) values ('2737','4','34.1')
insert into Ketqua(MaBN,MaXN,Ketqua) values ('2737','5','70.5')
insert into Ketqua(MaBN,MaXN,Ketqua) values ('2737','6','21.7')
insert into Ketqua(MaBN,MaXN,Ketqua) values ('2737','7','30.8')
insert into Ketqua(MaBN,MaXN,Ketqua) values ('2737','8','310')
insert into Ketqua(MaBN,MaXN,Ketqua) values ('2737','9','33.2')
insert into Ketqua(MaBN,MaXN,Ketqua) values ('2737','10','4.1')
insert into Ketqua(MaBN,MaXN,Ketqua) values ('2737','11','62.7')
insert into Ketqua(MaBN,MaXN,Ketqua) values ('2737','12','14.6')
insert into Ketqua(MaBN,MaXN,Ketqua) values ('2737','13','0.18')
insert into Ketqua(MaBN,MaXN,Ketqua) values ('2737','14','5.8')
insert into Ketqua(MaBN,MaXN,Ketqua) values ('2737','15','17.8')
insert into Ketqua(MaBN,MaXN,Ketqua) values ('2737','16','( O )')
insert into Ketqua(MaBN,MaXN,Ketqua) values ('2737','17','( + )')
insert into Ketqua(MaBN,MaXN,Ketqua) values ('2737','18','')
insert into Ketqua(MaBN,MaXN,Ketqua) values ('2737','19','ÂM TÍNH')
insert into Ketqua(MaBN,MaXN,Ketqua) values ('2737','20','ÂM TÍNH')
insert into Ketqua(MaBN,MaXN,Ketqua) values ('2737','21','ÂM TÍNH')
insert into Ketqua(MaBN,MaXN,Ketqua) values ('2737','22','ÂM TÍNH')
insert into Ketqua(MaBN,MaXN,Ketqua) values ('2737','23','DƯƠNG TÍNH 18.6')
insert into Ketqua(MaBN,MaXN,Ketqua) values ('2737','24','ÂM TÍNH 0.28')
insert into Ketqua(MaBN,MaXN,Ketqua) values ('2737','25','2.5')
insert into Ketqua(MaBN,MaXN,Ketqua) values ('2737','26','1.0')
insert into Ketqua(MaBN,MaXN,Ketqua) values ('2737','27','0.8')
insert into Ketqua(MaBN,MaXN,Ketqua) values ('2737','28','')
insert into Ketqua(MaBN,MaXN,Ketqua) values ('2737','29','4.6')
insert into Ketqua(MaBN,MaXN,Ketqua) values ('2737','40','87')
insert into Ketqua(MaBN,MaXN,Ketqua) values ('2738','42','')
insert into Ketqua(MaBN,MaXN,Ketqua) values ('2738','43','')
insert into Ketqua(MaBN,MaXN,Ketqua) values ('2738','1','8.3')
insert into Ketqua(MaBN,MaXN,Ketqua) values ('2738','2','4.38')
insert into Ketqua(MaBN,MaXN,Ketqua) values ('2738','3','12.6')
insert into Ketqua(MaBN,MaXN,Ketqua) values ('2738','4','38.5')
insert into Ketqua(MaBN,MaXN,Ketqua) values ('2738','5','87.8')
insert into Ketqua(MaBN,MaXN,Ketqua) values ('2738','6','28.8')
insert into Ketqua(MaBN,MaXN,Ketqua) values ('2738','7','32.7')
insert into Ketqua(MaBN,MaXN,Ketqua) values ('2738','8','144')
insert into Ketqua(MaBN,MaXN,Ketqua) values ('2738','9','36.2')
insert into Ketqua(MaBN,MaXN,Ketqua) values ('2738','10','6.7')
insert into Ketqua(MaBN,MaXN,Ketqua) values ('2738','11','57.1')
insert into Ketqua(MaBN,MaXN,Ketqua) values ('2738','12','13.1')
insert into Ketqua(MaBN,MaXN,Ketqua) values ('2738','13','0.1')
insert into Ketqua(MaBN,MaXN,Ketqua) values ('2738','14','7.2')
insert into Ketqua(MaBN,MaXN,Ketqua) values ('2738','15','17.6')
insert into Ketqua(MaBN,MaXN,Ketqua) values ('2738','16','( A )')
insert into Ketqua(MaBN,MaXN,Ketqua) values ('2738','17','( + )')
insert into Ketqua(MaBN,MaXN,Ketqua) values ('2738','18','')
insert into Ketqua(MaBN,MaXN,Ketqua) values ('2738','19','ÂM TÍNH')
insert into Ketqua(MaBN,MaXN,Ketqua) values ('2738','20','ÂM TÍNH')
insert into Ketqua(MaBN,MaXN,Ketqua) values ('2738','21','ÂM TÍNH')
insert into Ketqua(MaBN,MaXN,Ketqua) values ('2738','22','ÂM TÍNH')
insert into Ketqua(MaBN,MaXN,Ketqua) values ('2738','23','DƯƠNG TÍNH 50.8')
insert into Ketqua(MaBN,MaXN,Ketqua) values ('2738','24','ÂM TÍNH 0.37')
insert into Ketqua(MaBN,MaXN,Ketqua) values ('2738','25','2.5')
insert into Ketqua(MaBN,MaXN,Ketqua) values ('2738','26','1.5')
insert into Ketqua(MaBN,MaXN,Ketqua) values ('2738','27','1.1')
insert into Ketqua(MaBN,MaXN,Ketqua) values ('2738','28','')
insert into Ketqua(MaBN,MaXN,Ketqua) values ('2738','29','94')
insert into Ketqua(MaBN,MaXN,Ketqua) values ('2738','40','5.1')
insert into Ketqua(MaBN,MaXN,Ketqua) values ('2739','41','')
insert into Ketqua(MaBN,MaXN,Ketqua) values ('2739','42','')
insert into Ketqua(MaBN,MaXN,Ketqua) values ('2739','1','12.7')
insert into Ketqua(MaBN,MaXN,Ketqua) values ('2739','2','3.83')
insert into Ketqua(MaBN,MaXN,Ketqua) values ('2739','3','11.8')
insert into Ketqua(MaBN,MaXN,Ketqua) values ('2739','4','37.3')
insert into Ketqua(MaBN,MaXN,Ketqua) values ('2739','5','97.6')
insert into Ketqua(MaBN,MaXN,Ketqua) values ('2739','6','30.9')
insert into Ketqua(MaBN,MaXN,Ketqua) values ('2739','7','31.6')
insert into Ketqua(MaBN,MaXN,Ketqua) values ('2739','8','158')
insert into Ketqua(MaBN,MaXN,Ketqua) values ('2739','9','22.7')
insert into Ketqua(MaBN,MaXN,Ketqua) values ('2739','10','3.7')
insert into Ketqua(MaBN,MaXN,Ketqua) values ('2739','11','73.6')
insert into Ketqua(MaBN,MaXN,Ketqua) values ('2739','12','13.5')
insert into Ketqua(MaBN,MaXN,Ketqua) values ('2739','13','0.14')
insert into Ketqua(MaBN,MaXN,Ketqua) values ('2739','14','8.6')
insert into Ketqua(MaBN,MaXN,Ketqua) values ('2739','15','17.0')
insert into Ketqua(MaBN,MaXN,Ketqua) values ('2739','16','')
insert into Ketqua(MaBN,MaXN,Ketqua) values ('2739','17','ÂM TÍNH')
insert into Ketqua(MaBN,MaXN,Ketqua) values ('2739','20','ÂM TÍNH')
insert into Ketqua(MaBN,MaXN,Ketqua) values ('2739','21','ÂM TÍNH')
insert into Ketqua(MaBN,MaXN,Ketqua) values ('2739','22','ÂM TÍNH')
insert into Ketqua(MaBN,MaXN,Ketqua) values ('2739','23','5.9')
insert into Ketqua(MaBN,MaXN,Ketqua) values ('2739','24','1.7')
insert into Ketqua(MaBN,MaXN,Ketqua) values ('2739','27','0.8')
insert into Ketqua(MaBN,MaXN,Ketqua) values ('2739','28','')
insert into Ketqua(MaBN,MaXN,Ketqua) values ('2739','29','79')
insert into Ketqua(MaBN,MaXN,Ketqua) values ('2739','40','4.7')
insert into Ketqua(MaBN,MaXN,Ketqua) values ('2739','41','')
insert into Ketqua(MaBN,MaXN,Ketqua) values ('2740','42','')
insert into Ketqua(MaBN,MaXN,Ketqua) values ('2740','39','')
insert into Ketqua(MaBN,MaXN,Ketqua) values ('2740','1','10.3')
insert into Ketqua(MaBN,MaXN,Ketqua) values ('2740','2','5.98')
insert into Ketqua(MaBN,MaXN,Ketqua) values ('2740','3','10.5')
insert into Ketqua(MaBN,MaXN,Ketqua) values ('2740','4','33.4')
insert into Ketqua(MaBN,MaXN,Ketqua) values ('2740','5','55.9')
insert into Ketqua(MaBN,MaXN,Ketqua) values ('2740','6','17.6')
insert into Ketqua(MaBN,MaXN,Ketqua) values ('2740','7','31.4')
insert into Ketqua(MaBN,MaXN,Ketqua) values ('2740','8','374')
insert into Ketqua(MaBN,MaXN,Ketqua) values ('2740','9','35.6')
insert into Ketqua(MaBN,MaXN,Ketqua) values ('2740','10','1.8')
insert into Ketqua(MaBN,MaXN,Ketqua) values ('2740','11','62.6')
insert into Ketqua(MaBN,MaXN,Ketqua) values ('2740','12','12.1')
insert into Ketqua(MaBN,MaXN,Ketqua) values ('2740','13','0.34')
insert into Ketqua(MaBN,MaXN,Ketqua) values ('2740','14','9.1')
insert into Ketqua(MaBN,MaXN,Ketqua) values ('2740','15','15.1')
insert into Ketqua(MaBN,MaXN,Ketqua) values ('2740','16','( O )')
insert into Ketqua(MaBN,MaXN,Ketqua) values ('2740','17','( + )')
insert into Ketqua(MaBN,MaXN,Ketqua) values ('2740','18','')
insert into Ketqua(MaBN,MaXN,Ketqua) values ('2740','19','ÂM TÍNH')
insert into Ketqua(MaBN,MaXN,Ketqua) values ('2740','20','ÂM TÍNH')
insert into Ketqua(MaBN,MaXN,Ketqua) values ('2740','21','ÂM TÍNH')
insert into Ketqua(MaBN,MaXN,Ketqua) values ('2740','22','ÂM TÍNH')
insert into Ketqua(MaBN,MaXN,Ketqua) values ('2740','23','ÂM TÍNH 0.9')
insert into Ketqua(MaBN,MaXN,Ketqua) values ('2740','24','ÂM TÍNH 0.11')
insert into Ketqua(MaBN,MaXN,Ketqua) values ('2740','25','4.2')
insert into Ketqua(MaBN,MaXN,Ketqua) values ('2740','26','1.4')
insert into Ketqua(MaBN,MaXN,Ketqua) values ('2740','27','0.3')
insert into Ketqua(MaBN,MaXN,Ketqua) values ('2740','28','')
insert into Ketqua(MaBN,MaXN,Ketqua) values ('2740','29','138')
insert into Ketqua(MaBN,MaXN,Ketqua) values ('2740','40','5.5')
insert into Ketqua(MaBN,MaXN,Ketqua) values ('2741','41','')
insert into Ketqua(MaBN,MaXN,Ketqua) values ('2741','42','')
insert into Ketqua(MaBN,MaXN,Ketqua) values ('2741','1','10.6')
insert into Ketqua(MaBN,MaXN,Ketqua) values ('2741','2','4.65')
insert into Ketqua(MaBN,MaXN,Ketqua) values ('2741','3','13.1')
insert into Ketqua(MaBN,MaXN,Ketqua) values ('2741','4','39.0')
insert into Ketqua(MaBN,MaXN,Ketqua) values ('2741','5','83.9')
insert into Ketqua(MaBN,MaXN,Ketqua) values ('2741','6','28.2')
insert into Ketqua(MaBN,MaXN,Ketqua) values ('2741','7','33.6')
insert into Ketqua(MaBN,MaXN,Ketqua) values ('2741','8','224')
insert into Ketqua(MaBN,MaXN,Ketqua) values ('2741','9','27.9')
insert into Ketqua(MaBN,MaXN,Ketqua) values ('2741','10','2.3')
insert into Ketqua(MaBN,MaXN,Ketqua) values ('2741','11','69.8')
insert into Ketqua(MaBN,MaXN,Ketqua) values ('2741','12','9.9')
insert into Ketqua(MaBN,MaXN,Ketqua) values ('2741','13','0.19')
insert into Ketqua(MaBN,MaXN,Ketqua) values ('2741','14','8.3')
insert into Ketqua(MaBN,MaXN,Ketqua) values ('2741','15','15.8')
insert into Ketqua(MaBN,MaXN,Ketqua) values ('2741','16','( O )')
insert into Ketqua(MaBN,MaXN,Ketqua) values ('2741','17','( + )')
insert into Ketqua(MaBN,MaXN,Ketqua) values ('2741','18','')
insert into Ketqua(MaBN,MaXN,Ketqua) values ('2741','19','ÂM TÍNH')
insert into Ketqua(MaBN,MaXN,Ketqua) values ('2741','20','ÂM TÍNH')
insert into Ketqua(MaBN,MaXN,Ketqua) values ('2741','21','ÂM TÍNH')
insert into Ketqua(MaBN,MaXN,Ketqua) values ('2741','22','ÂM TÍNH')
insert into Ketqua(MaBN,MaXN,Ketqua) values ('2741','23','DƯƠNG TÍNH 181.6')
insert into Ketqua(MaBN,MaXN,Ketqua) values ('2741','24','ÂM TÍNH 0.28')
insert into Ketqua(MaBN,MaXN,Ketqua) values ('2741','25','1.9')
insert into Ketqua(MaBN,MaXN,Ketqua) values ('2741','26','1.2')
insert into Ketqua(MaBN,MaXN,Ketqua) values ('2741','27','1.6')
insert into Ketqua(MaBN,MaXN,Ketqua) values ('2741','28','')
insert into Ketqua(MaBN,MaXN,Ketqua) values ('2741','29','89')
insert into Ketqua(MaBN,MaXN,Ketqua) values ('2741','40','4.9')
insert into Ketqua(MaBN,MaXN,Ketqua) values ('2742','41','')
insert into Ketqua(MaBN,MaXN,Ketqua) values ('2742','42','')
insert into Ketqua(MaBN,MaXN,Ketqua) values ('2742','1','9.6')
insert into Ketqua(MaBN,MaXN,Ketqua) values ('2742','2','4.32')
insert into Ketqua(MaBN,MaXN,Ketqua) values ('2742','3','11.9')
insert into Ketqua(MaBN,MaXN,Ketqua) values ('2742','4','36.5')
insert into Ketqua(MaBN,MaXN,Ketqua) values ('2742','5','84.5')
insert into Ketqua(MaBN,MaXN,Ketqua) values ('2742','6','27.5')
insert into Ketqua(MaBN,MaXN,Ketqua) values ('2742','7','32.6')
insert into Ketqua(MaBN,MaXN,Ketqua) values ('2742','8','324')
insert into Ketqua(MaBN,MaXN,Ketqua) values ('2742','9','38.7')
insert into Ketqua(MaBN,MaXN,Ketqua) values ('2742','10','4.3')
insert into Ketqua(MaBN,MaXN,Ketqua) values ('2742','11','57.0')
insert into Ketqua(MaBN,MaXN,Ketqua) values ('2742','12','11.2')
insert into Ketqua(MaBN,MaXN,Ketqua) values ('2742','13','0.28')
insert into Ketqua(MaBN,MaXN,Ketqua) values ('2742','14','8.7')
insert into Ketqua(MaBN,MaXN,Ketqua) values ('2742','15','17.0')
insert into Ketqua(MaBN,MaXN,Ketqua) values ('2742','16','( O )')
insert into Ketqua(MaBN,MaXN,Ketqua) values ('2742','17','( + )')
insert into Ketqua(MaBN,MaXN,Ketqua) values ('2742','18','')
insert into Ketqua(MaBN,MaXN,Ketqua) values ('2742','19','ÂM TÍNH')
insert into Ketqua(MaBN,MaXN,Ketqua) values ('2742','20','ÂM TÍNH')
insert into Ketqua(MaBN,MaXN,Ketqua) values ('2742','21','ÂM TÍNH')
insert into Ketqua(MaBN,MaXN,Ketqua) values ('2742','22','ÂM TÍNH')
insert into Ketqua(MaBN,MaXN,Ketqua) values ('2742','23','ÂM TÍNH 1.1')
insert into Ketqua(MaBN,MaXN,Ketqua) values ('2742','24','ÂM TÍNH 0.35')
insert into Ketqua(MaBN,MaXN,Ketqua) values ('2742','25','5.8')
insert into Ketqua(MaBN,MaXN,Ketqua) values ('2742','26','1.4')
insert into Ketqua(MaBN,MaXN,Ketqua) values ('2742','27','0.2')
insert into Ketqua(MaBN,MaXN,Ketqua) values ('2742','28','')
insert into Ketqua(MaBN,MaXN,Ketqua) values ('2742','29','126')
insert into Ketqua(MaBN,MaXN,Ketqua) values ('2742','40','5.3')
insert into Ketqua(MaBN,MaXN,Ketqua) values ('2743','41','')
insert into Ketqua(MaBN,MaXN,Ketqua) values ('2743','42','')
insert into Ketqua(MaBN,MaXN,Ketqua) values ('2743','1','9.7')
insert into Ketqua(MaBN,MaXN,Ketqua) values ('2743','2','4.38')
insert into Ketqua(MaBN,MaXN,Ketqua) values ('2743','3','13.5')
insert into Ketqua(MaBN,MaXN,Ketqua) values ('2743','4','40.3')
insert into Ketqua(MaBN,MaXN,Ketqua) values ('2743','5','92.0')
insert into Ketqua(MaBN,MaXN,Ketqua) values ('2743','6','30.8')
insert into Ketqua(MaBN,MaXN,Ketqua) values ('2743','7','33.5')
insert into Ketqua(MaBN,MaXN,Ketqua) values ('2743','8','215')
insert into Ketqua(MaBN,MaXN,Ketqua) values ('2743','9','25.7')
insert into Ketqua(MaBN,MaXN,Ketqua) values ('2743','10','3.7')
insert into Ketqua(MaBN,MaXN,Ketqua) values ('2743','11','70.6')
insert into Ketqua(MaBN,MaXN,Ketqua) values ('2743','12','13.6')
insert into Ketqua(MaBN,MaXN,Ketqua) values ('2743','13','0.19')
insert into Ketqua(MaBN,MaXN,Ketqua) values ('2743','14','8.7')
insert into Ketqua(MaBN,MaXN,Ketqua) values ('2743','15','17.1')
insert into Ketqua(MaBN,MaXN,Ketqua) values ('2743','16','( O )')
insert into Ketqua(MaBN,MaXN,Ketqua) values ('2743','17','( + )')
insert into Ketqua(MaBN,MaXN,Ketqua) values ('2743','18','')
insert into Ketqua(MaBN,MaXN,Ketqua) values ('2743','19','ÂM TÍNH')
insert into Ketqua(MaBN,MaXN,Ketqua) values ('2743','20','ÂM TÍNH')
insert into Ketqua(MaBN,MaXN,Ketqua) values ('2743','21','ÂM TÍNH')
insert into Ketqua(MaBN,MaXN,Ketqua) values ('2743','22','ÂM TÍNH')
insert into Ketqua(MaBN,MaXN,Ketqua) values ('2743','23','DƯƠNG TÍNH 87.9')
insert into Ketqua(MaBN,MaXN,Ketqua) values ('2743','24','ÂM TÍNH 0.33')
insert into Ketqua(MaBN,MaXN,Ketqua) values ('2743','25','4.5')
insert into Ketqua(MaBN,MaXN,Ketqua) values ('2743','26','1.3')
insert into Ketqua(MaBN,MaXN,Ketqua) values ('2743','27','2.7')
insert into Ketqua(MaBN,MaXN,Ketqua) values ('2743','28','')
insert into Ketqua(MaBN,MaXN,Ketqua) values ('2743','29','119')
insert into Ketqua(MaBN,MaXN,Ketqua) values ('2743','40','5.0')
insert into Ketqua(MaBN,MaXN,Ketqua) values ('2744','41','')
insert into Ketqua(MaBN,MaXN,Ketqua) values ('2744','42','')
insert into Ketqua(MaBN,MaXN,Ketqua) values ('2744','1','9.0')
insert into Ketqua(MaBN,MaXN,Ketqua) values ('2744','2','4.68')
insert into Ketqua(MaBN,MaXN,Ketqua) values ('2744','3','13.2')
insert into Ketqua(MaBN,MaXN,Ketqua) values ('2744','4','40.9')
insert into Ketqua(MaBN,MaXN,Ketqua) values ('2744','5','89.3')
insert into Ketqua(MaBN,MaXN,Ketqua) values ('2744','6','28.0')
insert into Ketqua(MaBN,MaXN,Ketqua) values ('2744','7','32.7')
insert into Ketqua(MaBN,MaXN,Ketqua) values ('2744','8','194')
insert into Ketqua(MaBN,MaXN,Ketqua) values ('2744','9','22.7')
insert into Ketqua(MaBN,MaXN,Ketqua) values ('2744','10','21.0')
insert into Ketqua(MaBN,MaXN,Ketqua) values ('2744','11','56.3')
insert into Ketqua(MaBN,MaXN,Ketqua) values ('2744','12','14.6')
insert into Ketqua(MaBN,MaXN,Ketqua) values ('2744','13','0.14')
insert into Ketqua(MaBN,MaXN,Ketqua) values ('2744','14','7.1')
insert into Ketqua(MaBN,MaXN,Ketqua) values ('2744','15','16.5')
insert into Ketqua(MaBN,MaXN,Ketqua) values ('2744','16','')
insert into Ketqua(MaBN,MaXN,Ketqua) values ('2744','17','ÂM TÍNH')
insert into Ketqua(MaBN,MaXN,Ketqua) values ('2744','20','ÂM TÍNH')
insert into Ketqua(MaBN,MaXN,Ketqua) values ('2744','21','ÂM TÍNH')
insert into Ketqua(MaBN,MaXN,Ketqua) values ('2744','22','ÂM TÍNH')
insert into Ketqua(MaBN,MaXN,Ketqua) values ('2744','23','ÂM TÍNH 0.7')
insert into Ketqua(MaBN,MaXN,Ketqua) values ('2744','24','ÂM TÍNH 0.44')
insert into Ketqua(MaBN,MaXN,Ketqua) values ('2744','25','3.7')
insert into Ketqua(MaBN,MaXN,Ketqua) values ('2744','26','1.3')
insert into Ketqua(MaBN,MaXN,Ketqua) values ('2744','27','0.3')
insert into Ketqua(MaBN,MaXN,Ketqua) values ('2744','28','')
insert into Ketqua(MaBN,MaXN,Ketqua) values ('2744','29','83')
insert into Ketqua(MaBN,MaXN,Ketqua) values ('2744','40','4.2')
insert into Ketqua(MaBN,MaXN,Ketqua) values ('2745','41','')
insert into Ketqua(MaBN,MaXN,Ketqua) values ('2745','42','')
insert into Ketqua(MaBN,MaXN,Ketqua) values ('2745','1','7.4')
insert into Ketqua(MaBN,MaXN,Ketqua) values ('2745','2','4.24')
insert into Ketqua(MaBN,MaXN,Ketqua) values ('2745','3','11.0')
insert into Ketqua(MaBN,MaXN,Ketqua) values ('2745','4','33.8')
insert into Ketqua(MaBN,MaXN,Ketqua) values ('2745','5','79.7')
insert into Ketqua(MaBN,MaXN,Ketqua) values ('2745','6','25.9')
insert into Ketqua(MaBN,MaXN,Ketqua) values ('2745','7','32.5')
insert into Ketqua(MaBN,MaXN,Ketqua) values ('2745','8','258')
insert into Ketqua(MaBN,MaXN,Ketqua) values ('2745','9','27.2')
insert into Ketqua(MaBN,MaXN,Ketqua) values ('2745','10','4.9')
insert into Ketqua(MaBN,MaXN,Ketqua) values ('2745','11','67.9')
insert into Ketqua(MaBN,MaXN,Ketqua) values ('2745','12','12.4')
insert into Ketqua(MaBN,MaXN,Ketqua) values ('2745','13','0.19')
insert into Ketqua(MaBN,MaXN,Ketqua) values ('2745','14','7.4')
insert into Ketqua(MaBN,MaXN,Ketqua) values ('2745','15','16.0')
insert into Ketqua(MaBN,MaXN,Ketqua) values ('2745','16','( B )')
insert into Ketqua(MaBN,MaXN,Ketqua) values ('2745','17','( + )')
insert into Ketqua(MaBN,MaXN,Ketqua) values ('2745','18','')
insert into Ketqua(MaBN,MaXN,Ketqua) values ('2745','19','ÂM TÍNH')
insert into Ketqua(MaBN,MaXN,Ketqua) values ('2745','20','ÂM TÍNH')
insert into Ketqua(MaBN,MaXN,Ketqua) values ('2745','21','ÂM TÍNH')
insert into Ketqua(MaBN,MaXN,Ketqua) values ('2745','22','ÂM TÍNH')
insert into Ketqua(MaBN,MaXN,Ketqua) values ('2745','23','DƯƠNG TÍNH 98.8')
insert into Ketqua(MaBN,MaXN,Ketqua) values ('2745','24','ÂM TÍNH 0.24')
insert into Ketqua(MaBN,MaXN,Ketqua) values ('2745','25','3.4')
insert into Ketqua(MaBN,MaXN,Ketqua) values ('2745','26','1.0')
insert into Ketqua(MaBN,MaXN,Ketqua) values ('2745','27','1.8')
insert into Ketqua(MaBN,MaXN,Ketqua) values ('2745','28','')
insert into Ketqua(MaBN,MaXN,Ketqua) values ('2745','29','95')
insert into Ketqua(MaBN,MaXN,Ketqua) values ('2745','40','4.9')
insert into Ketqua(MaBN,MaXN,Ketqua) values ('2746','41','')
insert into Ketqua(MaBN,MaXN,Ketqua) values ('2746','42','')
insert into Ketqua(MaBN,MaXN,Ketqua) values ('2746','1','7.3')
insert into Ketqua(MaBN,MaXN,Ketqua) values ('2746','2','3.81')
insert into Ketqua(MaBN,MaXN,Ketqua) values ('2746','3','10.9')
insert into Ketqua(MaBN,MaXN,Ketqua) values ('2746','4','33.3')
insert into Ketqua(MaBN,MaXN,Ketqua) values ('2746','5','87.4')
insert into Ketqua(MaBN,MaXN,Ketqua) values ('2746','6','26.2')
insert into Ketqua(MaBN,MaXN,Ketqua) values ('2746','7','30.0')
insert into Ketqua(MaBN,MaXN,Ketqua) values ('2746','8','289')
insert into Ketqua(MaBN,MaXN,Ketqua) values ('2746','9','27.3')
insert into Ketqua(MaBN,MaXN,Ketqua) values ('2746','10','1.7')
insert into Ketqua(MaBN,MaXN,Ketqua) values ('2746','11','71.0')
insert into Ketqua(MaBN,MaXN,Ketqua) values ('2746','12','10.8')
insert into Ketqua(MaBN,MaXN,Ketqua) values ('2746','13','0.19')
insert into Ketqua(MaBN,MaXN,Ketqua) values ('2746','14','6.6')
insert into Ketqua(MaBN,MaXN,Ketqua) values ('2746','15','16.9')
insert into Ketqua(MaBN,MaXN,Ketqua) values ('2746','16','( B )')
insert into Ketqua(MaBN,MaXN,Ketqua) values ('2746','17','( + )')
insert into Ketqua(MaBN,MaXN,Ketqua) values ('2746','18','')
insert into Ketqua(MaBN,MaXN,Ketqua) values ('2746','19','ÂM TÍNH')
insert into Ketqua(MaBN,MaXN,Ketqua) values ('2746','20','ÂM TÍNH')
insert into Ketqua(MaBN,MaXN,Ketqua) values ('2746','21','ÂM TÍNH')
insert into Ketqua(MaBN,MaXN,Ketqua) values ('2746','23','DƯƠNG TÍNH 106.0')
insert into Ketqua(MaBN,MaXN,Ketqua) values ('2746','24','ÂM TÍNH 0.33')
insert into Ketqua(MaBN,MaXN,Ketqua) values ('2746','25','')
insert into Ketqua(MaBN,MaXN,Ketqua) values ('2746','26','')
insert into Ketqua(MaBN,MaXN,Ketqua) values ('2746','39','112')
insert into Ketqua(MaBN,MaXN,Ketqua) values ('2747','40','')
insert into Ketqua(MaBN,MaXN,Ketqua) values ('2747','41','ÂM TÍNH')
insert into Ketqua(MaBN,MaXN,Ketqua) values ('2748','20','')
insert into Ketqua(MaBN,MaXN,Ketqua) values ('2748','30','')
insert into Ketqua(MaBN,MaXN,Ketqua) values ('2748','1','8.2')
insert into Ketqua(MaBN,MaXN,Ketqua) values ('2748','2','4.66')
insert into Ketqua(MaBN,MaXN,Ketqua) values ('2748','3','11.9')
insert into Ketqua(MaBN,MaXN,Ketqua) values ('2748','4','37.0')
insert into Ketqua(MaBN,MaXN,Ketqua) values ('2748','5','80.4')
insert into Ketqua(MaBN,MaXN,Ketqua) values ('2748','6','24.4')
insert into Ketqua(MaBN,MaXN,Ketqua) values ('2748','7','30.5')
insert into Ketqua(MaBN,MaXN,Ketqua) values ('2748','8','215')
insert into Ketqua(MaBN,MaXN,Ketqua) values ('2748','9','41.8')
insert into Ketqua(MaBN,MaXN,Ketqua) values ('2748','10','5.9')
insert into Ketqua(MaBN,MaXN,Ketqua) values ('2748','11','52.3')
insert into Ketqua(MaBN,MaXN,Ketqua) values ('2748','12','15.1')
insert into Ketqua(MaBN,MaXN,Ketqua) values ('2748','13','0.19')
insert into Ketqua(MaBN,MaXN,Ketqua) values ('2748','14','8.9')
insert into Ketqua(MaBN,MaXN,Ketqua) values ('2748','15','16.1')
insert into Ketqua(MaBN,MaXN,Ketqua) values ('2748','16','( O )')
insert into Ketqua(MaBN,MaXN,Ketqua) values ('2748','17','( + )')
insert into Ketqua(MaBN,MaXN,Ketqua) values ('2748','18','')
insert into Ketqua(MaBN,MaXN,Ketqua) values ('2748','19','ÂM TÍNH')
insert into Ketqua(MaBN,MaXN,Ketqua) values ('2748','20','ÂM TÍNH')
insert into Ketqua(MaBN,MaXN,Ketqua) values ('2748','21','ÂM TÍNH')
insert into Ketqua(MaBN,MaXN,Ketqua) values ('2748','23','')
insert into Ketqua(MaBN,MaXN,Ketqua) values ('2748','24','94')
insert into Ketqua(MaBN,MaXN,Ketqua) values ('2749','40','')
insert into Ketqua(MaBN,MaXN,Ketqua) values ('2749','41','')
insert into Ketqua(MaBN,MaXN,Ketqua) values ('2749','1','12.4')
insert into Ketqua(MaBN,MaXN,Ketqua) values ('2749','2','3.68')
insert into Ketqua(MaBN,MaXN,Ketqua) values ('2749','3','10.7')
insert into Ketqua(MaBN,MaXN,Ketqua) values ('2749','4','34.6')
insert into Ketqua(MaBN,MaXN,Ketqua) values ('2749','5','89.5')
insert into Ketqua(MaBN,MaXN,Ketqua) values ('2749','6','27.1')
insert into Ketqua(MaBN,MaXN,Ketqua) values ('2749','7','30.2')
insert into Ketqua(MaBN,MaXN,Ketqua) values ('2749','8','219')
insert into Ketqua(MaBN,MaXN,Ketqua) values ('2749','9','23.0')
insert into Ketqua(MaBN,MaXN,Ketqua) values ('2749','10','2.6')
insert into Ketqua(MaBN,MaXN,Ketqua) values ('2749','11','74.4')
insert into Ketqua(MaBN,MaXN,Ketqua) values ('2749','12','14.3')
insert into Ketqua(MaBN,MaXN,Ketqua) values ('2749','13','0.2')
insert into Ketqua(MaBN,MaXN,Ketqua) values ('2749','14','9.0')
insert into Ketqua(MaBN,MaXN,Ketqua) values ('2749','15','16.6')
insert into Ketqua(MaBN,MaXN,Ketqua) values ('2749','16','( O )')
insert into Ketqua(MaBN,MaXN,Ketqua) values ('2749','17','( + )')
insert into Ketqua(MaBN,MaXN,Ketqua) values ('2749','18','')
insert into Ketqua(MaBN,MaXN,Ketqua) values ('2749','19','ÂM TÍNH')
insert into Ketqua(MaBN,MaXN,Ketqua) values ('2749','20','ÂM TÍNH')
insert into Ketqua(MaBN,MaXN,Ketqua) values ('2749','21','ÂM TÍNH')
insert into Ketqua(MaBN,MaXN,Ketqua) values ('2749','23','DƯƠNG TÍNH 84.0')
insert into Ketqua(MaBN,MaXN,Ketqua) values ('2749','24','ÂM TÍNH 0.34')
insert into Ketqua(MaBN,MaXN,Ketqua) values ('2749','25','')
insert into Ketqua(MaBN,MaXN,Ketqua) values ('2749','26','')
insert into Ketqua(MaBN,MaXN,Ketqua) values ('2749','39','117')
insert into Ketqua(MaBN,MaXN,Ketqua) values ('2750','40','')
insert into Ketqua(MaBN,MaXN,Ketqua) values ('2750','41','')
insert into Ketqua(MaBN,MaXN,Ketqua) values ('2750','1','4.5')
insert into Ketqua(MaBN,MaXN,Ketqua) values ('2750','2','3.64')
insert into Ketqua(MaBN,MaXN,Ketqua) values ('2750','3','10.5')
insert into Ketqua(MaBN,MaXN,Ketqua) values ('2750','4','33.2')
insert into Ketqua(MaBN,MaXN,Ketqua) values ('2750','5','91.2')
insert into Ketqua(MaBN,MaXN,Ketqua) values ('2750','6','28.8')
insert into Ketqua(MaBN,MaXN,Ketqua) values ('2750','7','31.6')
insert into Ketqua(MaBN,MaXN,Ketqua) values ('2750','8','150')
insert into Ketqua(MaBN,MaXN,Ketqua) values ('2750','9','38.3')
insert into Ketqua(MaBN,MaXN,Ketqua) values ('2750','10','5.1')
insert into Ketqua(MaBN,MaXN,Ketqua) values ('2750','11','56.6')
insert into Ketqua(MaBN,MaXN,Ketqua) values ('2750','12','13.1')
insert into Ketqua(MaBN,MaXN,Ketqua) values ('2750','13','0.11')
insert into Ketqua(MaBN,MaXN,Ketqua) values ('2750','14','7.6')
insert into Ketqua(MaBN,MaXN,Ketqua) values ('2750','15','17.2')
insert into Ketqua(MaBN,MaXN,Ketqua) values ('2750','16','( B )')
insert into Ketqua(MaBN,MaXN,Ketqua) values ('2750','17','( + )')
insert into Ketqua(MaBN,MaXN,Ketqua) values ('2750','18','')
insert into Ketqua(MaBN,MaXN,Ketqua) values ('2750','19','ÂM TÍNH')
insert into Ketqua(MaBN,MaXN,Ketqua) values ('2750','20','ÂM TÍNH')
insert into Ketqua(MaBN,MaXN,Ketqua) values ('2750','21','ÂM TÍNH')
insert into Ketqua(MaBN,MaXN,Ketqua) values ('2750','23','ÂM TÍNH 1.3')
insert into Ketqua(MaBN,MaXN,Ketqua) values ('2750','24','ÂM TÍNH 0.34')
insert into Ketqua(MaBN,MaXN,Ketqua) values ('2750','25','')
insert into Ketqua(MaBN,MaXN,Ketqua) values ('2750','26','')
insert into Ketqua(MaBN,MaXN,Ketqua) values ('2750','39','90')
insert into Ketqua(MaBN,MaXN,Ketqua) values ('2751','40','')
insert into Ketqua(MaBN,MaXN,Ketqua) values ('2751','41','')
insert into Ketqua(MaBN,MaXN,Ketqua) values ('2751','1','7.2')
insert into Ketqua(MaBN,MaXN,Ketqua) values ('2751','2','5.04')
insert into Ketqua(MaBN,MaXN,Ketqua) values ('2751','3','9.2')
insert into Ketqua(MaBN,MaXN,Ketqua) values ('2751','4','29.5')
insert into Ketqua(MaBN,MaXN,Ketqua) values ('2751','5','58.5')
insert into Ketqua(MaBN,MaXN,Ketqua) values ('2751','6','18.3')
insert into Ketqua(MaBN,MaXN,Ketqua) values ('2751','7','31.2')
insert into Ketqua(MaBN,MaXN,Ketqua) values ('2751','8','321')
insert into Ketqua(MaBN,MaXN,Ketqua) values ('2751','9','28.4')
insert into Ketqua(MaBN,MaXN,Ketqua) values ('2751','10','2.4')
insert into Ketqua(MaBN,MaXN,Ketqua) values ('2751','11','69.2')
insert into Ketqua(MaBN,MaXN,Ketqua) values ('2751','12','12.0')
insert into Ketqua(MaBN,MaXN,Ketqua) values ('2751','13','0.21')
insert into Ketqua(MaBN,MaXN,Ketqua) values ('2751','14','7.5')
insert into Ketqua(MaBN,MaXN,Ketqua) values ('2751','15','15.0')
insert into Ketqua(MaBN,MaXN,Ketqua) values ('2751','16','( O )')
insert into Ketqua(MaBN,MaXN,Ketqua) values ('2751','17','( + )')
insert into Ketqua(MaBN,MaXN,Ketqua) values ('2751','18','')
insert into Ketqua(MaBN,MaXN,Ketqua) values ('2751','19','ÂM TÍNH')
insert into Ketqua(MaBN,MaXN,Ketqua) values ('2751','20','ÂM TÍNH')
insert into Ketqua(MaBN,MaXN,Ketqua) values ('2751','21','ÂM TÍNH')
insert into Ketqua(MaBN,MaXN,Ketqua) values ('2751','22','ÂM TÍNH')
insert into Ketqua(MaBN,MaXN,Ketqua) values ('2751','23','DƯƠNG TÍNH 45.0')
insert into Ketqua(MaBN,MaXN,Ketqua) values ('2751','24','ÂM TÍNH 0.28')
insert into Ketqua(MaBN,MaXN,Ketqua) values ('2751','25','2.1')
insert into Ketqua(MaBN,MaXN,Ketqua) values ('2751','26','0.8')
insert into Ketqua(MaBN,MaXN,Ketqua) values ('2751','27','0.6')
insert into Ketqua(MaBN,MaXN,Ketqua) values ('2751','28','')
insert into Ketqua(MaBN,MaXN,Ketqua) values ('2751','29','79')
insert into Ketqua(MaBN,MaXN,Ketqua) values ('2751','40','4.6')
insert into Ketqua(MaBN,MaXN,Ketqua) values ('2752','41','')
insert into Ketqua(MaBN,MaXN,Ketqua) values ('2752','42','')
insert into Ketqua(MaBN,MaXN,Ketqua) values ('2752','1','11.6')
insert into Ketqua(MaBN,MaXN,Ketqua) values ('2752','2','4.17')
insert into Ketqua(MaBN,MaXN,Ketqua) values ('2752','3','12.2')
insert into Ketqua(MaBN,MaXN,Ketqua) values ('2752','4','38.9')
insert into Ketqua(MaBN,MaXN,Ketqua) values ('2752','5','93.3')
insert into Ketqua(MaBN,MaXN,Ketqua) values ('2752','6','29.3')
insert into Ketqua(MaBN,MaXN,Ketqua) values ('2752','7','31.4')
insert into Ketqua(MaBN,MaXN,Ketqua) values ('2752','8','232')
insert into Ketqua(MaBN,MaXN,Ketqua) values ('2752','9','23.6')
insert into Ketqua(MaBN,MaXN,Ketqua) values ('2752','10','3.4')
insert into Ketqua(MaBN,MaXN,Ketqua) values ('2752','11','73.0')
insert into Ketqua(MaBN,MaXN,Ketqua) values ('2752','12','13.8')
insert into Ketqua(MaBN,MaXN,Ketqua) values ('2752','13','0.22')
insert into Ketqua(MaBN,MaXN,Ketqua) values ('2752','14','9.4')
insert into Ketqua(MaBN,MaXN,Ketqua) values ('2752','15','16.3')
insert into Ketqua(MaBN,MaXN,Ketqua) values ('2752','16','( B )')
insert into Ketqua(MaBN,MaXN,Ketqua) values ('2752','17','( + )')
insert into Ketqua(MaBN,MaXN,Ketqua) values ('2752','18','')
insert into Ketqua(MaBN,MaXN,Ketqua) values ('2752','19','ÂM TÍNH')
insert into Ketqua(MaBN,MaXN,Ketqua) values ('2752','20','ÂM TÍNH')
insert into Ketqua(MaBN,MaXN,Ketqua) values ('2752','21','ÂM TÍNH')
insert into Ketqua(MaBN,MaXN,Ketqua) values ('2752','22','ÂM TÍNH')
insert into Ketqua(MaBN,MaXN,Ketqua) values ('2752','23','DƯƠNG TÍNH 89.7')
insert into Ketqua(MaBN,MaXN,Ketqua) values ('2752','24','ÂM TÍNH 0.35')
insert into Ketqua(MaBN,MaXN,Ketqua) values ('2752','25','2.7')
insert into Ketqua(MaBN,MaXN,Ketqua) values ('2752','26','0.9')
insert into Ketqua(MaBN,MaXN,Ketqua) values ('2752','27','0.6')
insert into Ketqua(MaBN,MaXN,Ketqua) values ('2752','28','')
insert into Ketqua(MaBN,MaXN,Ketqua) values ('2752','29','5.3')
insert into Ketqua(MaBN,MaXN,Ketqua) values ('2752','40','81')
insert into Ketqua(MaBN,MaXN,Ketqua) values ('2753','42','')
insert into Ketqua(MaBN,MaXN,Ketqua) values ('2753','43','62.5')
insert into Ketqua(MaBN,MaXN,Ketqua) values ('2753','1','12.0')
insert into Ketqua(MaBN,MaXN,Ketqua) values ('2753','13','0.18')
insert into Ketqua(MaBN,MaXN,Ketqua) values ('2753','14','9.0')
insert into Ketqua(MaBN,MaXN,Ketqua) values ('2753','15','15.6')
insert into Ketqua(MaBN,MaXN,Ketqua) values ('2753','16','( A )')
insert into Ketqua(MaBN,MaXN,Ketqua) values ('2753','17','( + )')
insert into Ketqua(MaBN,MaXN,Ketqua) values ('2753','18','')
insert into Ketqua(MaBN,MaXN,Ketqua) values ('2753','19','ÂM TÍNH')
insert into Ketqua(MaBN,MaXN,Ketqua) values ('2753','20','ÂM TÍNH')
insert into Ketqua(MaBN,MaXN,Ketqua) values ('2753','21','ÂM TÍNH')
insert into Ketqua(MaBN,MaXN,Ketqua) values ('2753','22','ÂM TÍNH')
insert into Ketqua(MaBN,MaXN,Ketqua) values ('2753','23','DƯƠNG TÍNH 62.4')
insert into Ketqua(MaBN,MaXN,Ketqua) values ('2753','24','ÂM TÍNH 0.31')
insert into Ketqua(MaBN,MaXN,Ketqua) values ('2753','25','3.3')
insert into Ketqua(MaBN,MaXN,Ketqua) values ('2753','26','1.4')
insert into Ketqua(MaBN,MaXN,Ketqua) values ('2753','27','6.1')
insert into Ketqua(MaBN,MaXN,Ketqua) values ('2753','28','')
insert into Ketqua(MaBN,MaXN,Ketqua) values ('2753','29','96')
insert into Ketqua(MaBN,MaXN,Ketqua) values ('2753','40','5.0')
insert into Ketqua(MaBN,MaXN,Ketqua) values ('2754','41','')
insert into Ketqua(MaBN,MaXN,Ketqua) values ('2754','42','')
insert into Ketqua(MaBN,MaXN,Ketqua) values ('2754','1','6.8')
insert into Ketqua(MaBN,MaXN,Ketqua) values ('2754','2','4.13')
insert into Ketqua(MaBN,MaXN,Ketqua) values ('2754','3','11.8')
insert into Ketqua(MaBN,MaXN,Ketqua) values ('2754','4','35.2')
insert into Ketqua(MaBN,MaXN,Ketqua) values ('2754','5','85.2')
insert into Ketqua(MaBN,MaXN,Ketqua) values ('2754','6','28.6')
insert into Ketqua(MaBN,MaXN,Ketqua) values ('2754','7','33.5')
insert into Ketqua(MaBN,MaXN,Ketqua) values ('2754','8','236')
insert into Ketqua(MaBN,MaXN,Ketqua) values ('2754','9','27.1')
insert into Ketqua(MaBN,MaXN,Ketqua) values ('2754','10','2.6')
insert into Ketqua(MaBN,MaXN,Ketqua) values ('2754','11','70.3')
insert into Ketqua(MaBN,MaXN,Ketqua) values ('2754','12','10.5')
insert into Ketqua(MaBN,MaXN,Ketqua) values ('2754','13','0.21')
insert into Ketqua(MaBN,MaXN,Ketqua) values ('2754','14','8.8')
insert into Ketqua(MaBN,MaXN,Ketqua) values ('2754','15','16.6')
insert into Ketqua(MaBN,MaXN,Ketqua) values ('2754','16','( A )')
insert into Ketqua(MaBN,MaXN,Ketqua) values ('2754','17','( + )')
insert into Ketqua(MaBN,MaXN,Ketqua) values ('2754','18','')
insert into Ketqua(MaBN,MaXN,Ketqua) values ('2754','19','ÂM TÍNH')
insert into Ketqua(MaBN,MaXN,Ketqua) values ('2754','20','ÂM TÍNH')
insert into Ketqua(MaBN,MaXN,Ketqua) values ('2754','21','ÂM TÍNH')
insert into Ketqua(MaBN,MaXN,Ketqua) values ('2754','22','ÂM TÍNH')
insert into Ketqua(MaBN,MaXN,Ketqua) values ('2754','23','DƯƠNG TÍNH 61.0')
insert into Ketqua(MaBN,MaXN,Ketqua) values ('2754','24','ÂM TÍNH 0.21')
insert into Ketqua(MaBN,MaXN,Ketqua) values ('2754','25','5.1')
insert into Ketqua(MaBN,MaXN,Ketqua) values ('2754','26','1.2')
insert into Ketqua(MaBN,MaXN,Ketqua) values ('2754','27','1.9')
insert into Ketqua(MaBN,MaXN,Ketqua) values ('2754','28','')
insert into Ketqua(MaBN,MaXN,Ketqua) values ('2754','29','82')
insert into Ketqua(MaBN,MaXN,Ketqua) values ('2754','40','4.7')
insert into Ketqua(MaBN,MaXN,Ketqua) values ('2755','43','')
insert into Ketqua(MaBN,MaXN,Ketqua) values ('2755','42','')
insert into Ketqua(MaBN,MaXN,Ketqua) values ('2755','1','7.2')
insert into Ketqua(MaBN,MaXN,Ketqua) values ('2755','2','3.94')
insert into Ketqua(MaBN,MaXN,Ketqua) values ('2755','3','11.6')
insert into Ketqua(MaBN,MaXN,Ketqua) values ('2755','4','34.8')
insert into Ketqua(MaBN,MaXN,Ketqua) values ('2755','5','88.3')
insert into Ketqua(MaBN,MaXN,Ketqua) values ('2755','6','29.4')
insert into Ketqua(MaBN,MaXN,Ketqua) values ('2755','7','33.3')
insert into Ketqua(MaBN,MaXN,Ketqua) values ('2755','8','221')
insert into Ketqua(MaBN,MaXN,Ketqua) values ('2755','9','45.4')
insert into Ketqua(MaBN,MaXN,Ketqua) values ('2755','10','12.1')
insert into Ketqua(MaBN,MaXN,Ketqua) values ('2755','11','42.5')
insert into Ketqua(MaBN,MaXN,Ketqua) values ('2755','12','12.7')
insert into Ketqua(MaBN,MaXN,Ketqua) values ('2755','13','0.2')
insert into Ketqua(MaBN,MaXN,Ketqua) values ('2755','14','9.0')
insert into Ketqua(MaBN,MaXN,Ketqua) values ('2755','15','16.6')
insert into Ketqua(MaBN,MaXN,Ketqua) values ('2755','16','( O )')
insert into Ketqua(MaBN,MaXN,Ketqua) values ('2755','17','( + )')
insert into Ketqua(MaBN,MaXN,Ketqua) values ('2748','18','ÂM TÍNH 0.4')
insert into Ketqua(MaBN,MaXN,Ketqua) values ('2748','19','ÂM TÍNH 0.18')
insert into Ketqua(MaBN,MaXN,Ketqua) values ('2748','25','')
insert into Ketqua(MaBN,MaXN,Ketqua) values ('2753','26','')
insert into Ketqua(MaBN,MaXN,Ketqua) values ('2753','39','8.6')
insert into Ketqua(MaBN,MaXN,Ketqua) values ('2753','2','3.73')
insert into Ketqua(MaBN,MaXN,Ketqua) values ('2753','3','11.2')
insert into Ketqua(MaBN,MaXN,Ketqua) values ('2753','4','32.5')
insert into Ketqua(MaBN,MaXN,Ketqua) values ('2753','5','87.1')
insert into Ketqua(MaBN,MaXN,Ketqua) values ('2753','6','30.0')
insert into Ketqua(MaBN,MaXN,Ketqua) values ('2753','7','34.5')
insert into Ketqua(MaBN,MaXN,Ketqua) values ('2753','8','200')
insert into Ketqua(MaBN,MaXN,Ketqua) values ('2753','9','31.3')
insert into Ketqua(MaBN,MaXN,Ketqua) values ('2753','10','6.2')
insert into Ketqua(MaBN,MaXN,Ketqua) values ('2755','11','')
insert into Ketqua(MaBN,MaXN,Ketqua) values ('2755','12','ÂM TÍNH')
insert into Ketqua(MaBN,MaXN,Ketqua) values ('2755','20','ÂM TÍNH')
insert into Ketqua(MaBN,MaXN,Ketqua) values ('2755','21','ÂM TÍNH')
insert into Ketqua(MaBN,MaXN,Ketqua) values ('2755','22','ÂM TÍNH')
insert into Ketqua(MaBN,MaXN,Ketqua) values ('2755','23','4.1')
insert into Ketqua(MaBN,MaXN,Ketqua) values ('2755','24','1.4')
insert into Ketqua(MaBN,MaXN,Ketqua) values ('2755','27','1.9')
insert into Ketqua(MaBN,MaXN,Ketqua) values ('2755','28','')
insert into Ketqua(MaBN,MaXN,Ketqua) values ('2755','29','5.1')
insert into Ketqua(MaBN,MaXN,Ketqua) values ('2755','40','90')
insert into Ketqua(MaBN,MaXN,Ketqua) values ('2756','42','')
insert into Ketqua(MaBN,MaXN,Ketqua) values ('2756','43','')
insert into Ketqua(MaBN,MaXN,Ketqua) values ('2756','1','8.1')
insert into Ketqua(MaBN,MaXN,Ketqua) values ('2756','2','4.37')
insert into Ketqua(MaBN,MaXN,Ketqua) values ('2756','3','12.4')
insert into Ketqua(MaBN,MaXN,Ketqua) values ('2756','4','38.4')
insert into Ketqua(MaBN,MaXN,Ketqua) values ('2756','5','88.6')
insert into Ketqua(MaBN,MaXN,Ketqua) values ('2756','6','28.4')
insert into Ketqua(MaBN,MaXN,Ketqua) values ('2756','7','32.0')
insert into Ketqua(MaBN,MaXN,Ketqua) values ('2756','8','266')
insert into Ketqua(MaBN,MaXN,Ketqua) values ('2756','9','30.0')
insert into Ketqua(MaBN,MaXN,Ketqua) values ('2756','10','3.0')
insert into Ketqua(MaBN,MaXN,Ketqua) values ('2756','11','67.0')
insert into Ketqua(MaBN,MaXN,Ketqua) values ('2756','12','13.6')
insert into Ketqua(MaBN,MaXN,Ketqua) values ('2756','13','0.18')
insert into Ketqua(MaBN,MaXN,Ketqua) values ('2756','14','6.8')
insert into Ketqua(MaBN,MaXN,Ketqua) values ('2756','15','16.4')
insert into Ketqua(MaBN,MaXN,Ketqua) values ('2756','16','( B )')
insert into Ketqua(MaBN,MaXN,Ketqua) values ('2756','17','( + )')
insert into Ketqua(MaBN,MaXN,Ketqua) values ('2756','18','')
insert into Ketqua(MaBN,MaXN,Ketqua) values ('2756','19','ÂM TÍNH')
insert into Ketqua(MaBN,MaXN,Ketqua) values ('2756','20','ÂM TÍNH')
insert into Ketqua(MaBN,MaXN,Ketqua) values ('2756','21','ÂM TÍNH')
insert into Ketqua(MaBN,MaXN,Ketqua) values ('2756','22','ÂM TÍNH')
insert into Ketqua(MaBN,MaXN,Ketqua) values ('2756','23','2.4')
insert into Ketqua(MaBN,MaXN,Ketqua) values ('2756','24','0.9')
insert into Ketqua(MaBN,MaXN,Ketqua) values ('2756','27','1.3')
insert into Ketqua(MaBN,MaXN,Ketqua) values ('2756','28','')
insert into Ketqua(MaBN,MaXN,Ketqua) values ('2756','29','86')
insert into Ketqua(MaBN,MaXN,Ketqua) values ('2756','40','4.6')
insert into Ketqua(MaBN,MaXN,Ketqua) values ('2757','41','')
insert into Ketqua(MaBN,MaXN,Ketqua) values ('2757','42','')
insert into Ketqua(MaBN,MaXN,Ketqua) values ('2757','1','10.6')
insert into Ketqua(MaBN,MaXN,Ketqua) values ('2757','2','4.25')
insert into Ketqua(MaBN,MaXN,Ketqua) values ('2757','3','11.8')
insert into Ketqua(MaBN,MaXN,Ketqua) values ('2757','4','34.8')
insert into Ketqua(MaBN,MaXN,Ketqua) values ('2757','5','81.9')
insert into Ketqua(MaBN,MaXN,Ketqua) values ('2757','6','27.5')
insert into Ketqua(MaBN,MaXN,Ketqua) values ('2757','7','33.6')
insert into Ketqua(MaBN,MaXN,Ketqua) values ('2757','8','285')
insert into Ketqua(MaBN,MaXN,Ketqua) values ('2757','9','27.8')
insert into Ketqua(MaBN,MaXN,Ketqua) values ('2757','10','1.8')
insert into Ketqua(MaBN,MaXN,Ketqua) values ('2757','11','70.4')
insert into Ketqua(MaBN,MaXN,Ketqua) values ('2757','12','11.5')
insert into Ketqua(MaBN,MaXN,Ketqua) values ('2757','13','0.19')
insert into Ketqua(MaBN,MaXN,Ketqua) values ('2757','14','6.5')
insert into Ketqua(MaBN,MaXN,Ketqua) values ('2757','15','16.1')
insert into Ketqua(MaBN,MaXN,Ketqua) values ('2757','16','( O )')
insert into Ketqua(MaBN,MaXN,Ketqua) values ('2757','17','( + )')
insert into Ketqua(MaBN,MaXN,Ketqua) values ('2757','18','')
insert into Ketqua(MaBN,MaXN,Ketqua) values ('2757','19','ÂM TÍNH')
insert into Ketqua(MaBN,MaXN,Ketqua) values ('2757','20','ÂM TÍNH')
insert into Ketqua(MaBN,MaXN,Ketqua) values ('2757','21','ÂM TÍNH')
insert into Ketqua(MaBN,MaXN,Ketqua) values ('2757','22','ÂM TÍNH')
insert into Ketqua(MaBN,MaXN,Ketqua) values ('2757','23','ÂM TÍNH 0.8')
insert into Ketqua(MaBN,MaXN,Ketqua) values ('2757','24','ÂM TÍNH 0.41')
insert into Ketqua(MaBN,MaXN,Ketqua) values ('2757','25','2.9')
insert into Ketqua(MaBN,MaXN,Ketqua) values ('2757','26','1.0')
insert into Ketqua(MaBN,MaXN,Ketqua) values ('2757','27','0.2')
insert into Ketqua(MaBN,MaXN,Ketqua) values ('2757','28','')
insert into Ketqua(MaBN,MaXN,Ketqua) values ('2757','29','126')
insert into Ketqua(MaBN,MaXN,Ketqua) values ('2757','40','5.4')
insert into Ketqua(MaBN,MaXN,Ketqua) values ('2758','41','')
insert into Ketqua(MaBN,MaXN,Ketqua) values ('2758','42','')
insert into Ketqua(MaBN,MaXN,Ketqua) values ('2758','1','8.0')
insert into Ketqua(MaBN,MaXN,Ketqua) values ('2758','2','4.46')
insert into Ketqua(MaBN,MaXN,Ketqua) values ('2758','3','12.3')
insert into Ketqua(MaBN,MaXN,Ketqua) values ('2758','4','37.8')
insert into Ketqua(MaBN,MaXN,Ketqua) values ('2758','5','84.8')
insert into Ketqua(MaBN,MaXN,Ketqua) values ('2758','6','27.6')
insert into Ketqua(MaBN,MaXN,Ketqua) values ('2758','7','32.5')
insert into Ketqua(MaBN,MaXN,Ketqua) values ('2758','8','225')
insert into Ketqua(MaBN,MaXN,Ketqua) values ('2758','9','18.1')
insert into Ketqua(MaBN,MaXN,Ketqua) values ('2758','10','2.3')
insert into Ketqua(MaBN,MaXN,Ketqua) values ('2758','11','79.6')
insert into Ketqua(MaBN,MaXN,Ketqua) values ('2758','12','11.6')
insert into Ketqua(MaBN,MaXN,Ketqua) values ('2758','13','0.18')
insert into Ketqua(MaBN,MaXN,Ketqua) values ('2758','14','7.9')
insert into Ketqua(MaBN,MaXN,Ketqua) values ('2758','15','16.8')
insert into Ketqua(MaBN,MaXN,Ketqua) values ('2758','16','( O )')
insert into Ketqua(MaBN,MaXN,Ketqua) values ('2758','17','( + )')
insert into Ketqua(MaBN,MaXN,Ketqua) values ('2759','18','')
insert into Ketqua(MaBN,MaXN,Ketqua) values ('2759','19','2.9')
insert into Ketqua(MaBN,MaXN,Ketqua) values ('2759','20','0.8')
insert into Ketqua(MaBN,MaXN,Ketqua) values ('2759','27','0.6')
insert into Ketqua(MaBN,MaXN,Ketqua) values ('2760','28','')
insert into Ketqua(MaBN,MaXN,Ketqua) values ('2760','29','')
insert into Ketqua(MaBN,MaXN,Ketqua) values ('2760','1','8.0')
insert into Ketqua(MaBN,MaXN,Ketqua) values ('2760','2','3.61')
insert into Ketqua(MaBN,MaXN,Ketqua) values ('2760','3','10.1')
insert into Ketqua(MaBN,MaXN,Ketqua) values ('2760','4','30.4')
insert into Ketqua(MaBN,MaXN,Ketqua) values ('2760','5','84.2')
insert into Ketqua(MaBN,MaXN,Ketqua) values ('2760','6','28.0')
insert into Ketqua(MaBN,MaXN,Ketqua) values ('2760','7','33.2')
insert into Ketqua(MaBN,MaXN,Ketqua) values ('2760','8','229')
insert into Ketqua(MaBN,MaXN,Ketqua) values ('2760','9','27.9')
insert into Ketqua(MaBN,MaXN,Ketqua) values ('2760','10','1.6')
insert into Ketqua(MaBN,MaXN,Ketqua) values ('2760','11','70.5')
insert into Ketqua(MaBN,MaXN,Ketqua) values ('2760','12','10.6')
insert into Ketqua(MaBN,MaXN,Ketqua) values ('2760','13','0.16')
insert into Ketqua(MaBN,MaXN,Ketqua) values ('2760','14','6.8')
insert into Ketqua(MaBN,MaXN,Ketqua) values ('2760','15','16.4')
insert into Ketqua(MaBN,MaXN,Ketqua) values ('2760','16','( AB )')
insert into Ketqua(MaBN,MaXN,Ketqua) values ('2760','17','( + )')
insert into Ketqua(MaBN,MaXN,Ketqua) values ('2760','18','')
insert into Ketqua(MaBN,MaXN,Ketqua) values ('2760','19','ÂM TÍNH')
insert into Ketqua(MaBN,MaXN,Ketqua) values ('2760','20','ÂM TÍNH')
insert into Ketqua(MaBN,MaXN,Ketqua) values ('2760','21','ÂM TÍNH')
insert into Ketqua(MaBN,MaXN,Ketqua) values ('2760','22','ÂM TÍNH')
insert into Ketqua(MaBN,MaXN,Ketqua) values ('2760','23','3.0')
insert into Ketqua(MaBN,MaXN,Ketqua) values ('2760','24','1.0')
insert into Ketqua(MaBN,MaXN,Ketqua) values ('2760','27','0.4')
insert into Ketqua(MaBN,MaXN,Ketqua) values ('2760','28','')
insert into Ketqua(MaBN,MaXN,Ketqua) values ('2760','29','135')
insert into Ketqua(MaBN,MaXN,Ketqua) values ('2760','40','5.7')
insert into Ketqua(MaBN,MaXN,Ketqua) values ('2761','41','')
insert into Ketqua(MaBN,MaXN,Ketqua) values ('2761','42','86.3')
insert into Ketqua(MaBN,MaXN,Ketqua) values ('2762','20','')
insert into Ketqua(MaBN,MaXN,Ketqua) values ('2762','31','7615')
insert into Ketqua(MaBN,MaXN,Ketqua) values ('2763','20','')
insert into Ketqua(MaBN,MaXN,Ketqua) values ('2763','31','4.2')
insert into Ketqua(MaBN,MaXN,Ketqua) values ('2763','20','2.0')
insert into Ketqua(MaBN,MaXN,Ketqua) values ('2763','27','2.7')
insert into Ketqua(MaBN,MaXN,Ketqua) values ('2764','28','')
insert into Ketqua(MaBN,MaXN,Ketqua) values ('2764','29','3.9')
insert into Ketqua(MaBN,MaXN,Ketqua) values ('2764','20','0.9')
insert into Ketqua(MaBN,MaXN,Ketqua) values ('2764','27','0.8')
insert into Ketqua(MaBN,MaXN,Ketqua) values ('2765','28','')
insert into Ketqua(MaBN,MaXN,Ketqua) values ('2765','29','3.5')
insert into Ketqua(MaBN,MaXN,Ketqua) values ('2765','20','1.3')
insert into Ketqua(MaBN,MaXN,Ketqua) values ('2765','27','1.1')
insert into Ketqua(MaBN,MaXN,Ketqua) values ('2766','28','')
insert into Ketqua(MaBN,MaXN,Ketqua) values ('2766','29','95.7')
insert into Ketqua(MaBN,MaXN,Ketqua) values ('2767','20','')
insert into Ketqua(MaBN,MaXN,Ketqua) values ('2767','31','')
insert into Ketqua(MaBN,MaXN,Ketqua) values ('2767','1','8.9')
insert into Ketqua(MaBN,MaXN,Ketqua) values ('2767','2','4.12')
insert into Ketqua(MaBN,MaXN,Ketqua) values ('2767','3','12.1')
insert into Ketqua(MaBN,MaXN,Ketqua) values ('2767','4','38.4')
insert into Ketqua(MaBN,MaXN,Ketqua) values ('2767','5','93.2')
insert into Ketqua(MaBN,MaXN,Ketqua) values ('2767','6','29.4')
insert into Ketqua(MaBN,MaXN,Ketqua) values ('2767','7','31.5')
insert into Ketqua(MaBN,MaXN,Ketqua) values ('2767','8','269')
insert into Ketqua(MaBN,MaXN,Ketqua) values ('2767','9','23.5')
insert into Ketqua(MaBN,MaXN,Ketqua) values ('2767','10','3.5')
insert into Ketqua(MaBN,MaXN,Ketqua) values ('2767','11','73.0')
insert into Ketqua(MaBN,MaXN,Ketqua) values ('2767','12','13.7')
insert into Ketqua(MaBN,MaXN,Ketqua) values ('2767','13','0.21')
insert into Ketqua(MaBN,MaXN,Ketqua) values ('2767','14','7.7')
insert into Ketqua(MaBN,MaXN,Ketqua) values ('2767','15','16.7')
insert into Ketqua(MaBN,MaXN,Ketqua) values ('2767','16','( O )')
insert into Ketqua(MaBN,MaXN,Ketqua) values ('2767','17','( + )')
insert into Ketqua(MaBN,MaXN,Ketqua) values ('2767','18','')
insert into Ketqua(MaBN,MaXN,Ketqua) values ('2767','19','ÂM TÍNH')
insert into Ketqua(MaBN,MaXN,Ketqua) values ('2767','20','ÂM TÍNH')
insert into Ketqua(MaBN,MaXN,Ketqua) values ('2767','21','ÂM TÍNH')
insert into Ketqua(MaBN,MaXN,Ketqua) values ('2767','23','DƯƠNG TÍNH 108.0')
insert into Ketqua(MaBN,MaXN,Ketqua) values ('2767','24','ÂM TÍNH 0.25')
insert into Ketqua(MaBN,MaXN,Ketqua) values ('2767','25','')
insert into Ketqua(MaBN,MaXN,Ketqua) values ('2767','26','')
insert into Ketqua(MaBN,MaXN,Ketqua) values ('2767','39','79')
insert into Ketqua(MaBN,MaXN,Ketqua) values ('2768','40','')
insert into Ketqua(MaBN,MaXN,Ketqua) values ('2768','41','')
insert into Ketqua(MaBN,MaXN,Ketqua) values ('2768','1','5.3')
insert into Ketqua(MaBN,MaXN,Ketqua) values ('2768','2','3.87')
insert into Ketqua(MaBN,MaXN,Ketqua) values ('2768','3','11.2')
insert into Ketqua(MaBN,MaXN,Ketqua) values ('2768','4','33.8')
insert into Ketqua(MaBN,MaXN,Ketqua) values ('2768','5','87.3')
insert into Ketqua(MaBN,MaXN,Ketqua) values ('2768','6','28.9')
insert into Ketqua(MaBN,MaXN,Ketqua) values ('2768','7','33.1')
insert into Ketqua(MaBN,MaXN,Ketqua) values ('2768','8','246')
insert into Ketqua(MaBN,MaXN,Ketqua) values ('2768','9','34.7')
insert into Ketqua(MaBN,MaXN,Ketqua) values ('2768','10','6.2')
insert into Ketqua(MaBN,MaXN,Ketqua) values ('2768','11','59.1')
insert into Ketqua(MaBN,MaXN,Ketqua) values ('2768','12','12.8')
insert into Ketqua(MaBN,MaXN,Ketqua) values ('2768','13','0.16')
insert into Ketqua(MaBN,MaXN,Ketqua) values ('2768','14','6.6')
insert into Ketqua(MaBN,MaXN,Ketqua) values ('2768','15','16.9')
insert into Ketqua(MaBN,MaXN,Ketqua) values ('2768','16','( B )')
insert into Ketqua(MaBN,MaXN,Ketqua) values ('2768','17','( + )')
insert into Ketqua(MaBN,MaXN,Ketqua) values ('2768','18','')
insert into Ketqua(MaBN,MaXN,Ketqua) values ('2768','19','ÂM TÍNH')
insert into Ketqua(MaBN,MaXN,Ketqua) values ('2768','20','ÂM TÍNH')
insert into Ketqua(MaBN,MaXN,Ketqua) values ('2768','21','ÂM TÍNH')
insert into Ketqua(MaBN,MaXN,Ketqua) values ('2768','23','DƯƠNG TÍNH 59.6')
insert into Ketqua(MaBN,MaXN,Ketqua) values ('2768','24','ÂM TÍNH 0.19')
insert into Ketqua(MaBN,MaXN,Ketqua) values ('2768','25','')
insert into Ketqua(MaBN,MaXN,Ketqua) values ('2768','26','')
insert into Ketqua(MaBN,MaXN,Ketqua) values ('2768','39','112')
insert into Ketqua(MaBN,MaXN,Ketqua) values ('2769','40','')
insert into Ketqua(MaBN,MaXN,Ketqua) values ('2769','41','')
insert into Ketqua(MaBN,MaXN,Ketqua) values ('2769','1','5.2')
insert into Ketqua(MaBN,MaXN,Ketqua) values ('2769','2','3.68')
insert into Ketqua(MaBN,MaXN,Ketqua) values ('2769','3','10.9')
insert into Ketqua(MaBN,MaXN,Ketqua) values ('2769','4','31.1')
insert into Ketqua(MaBN,MaXN,Ketqua) values ('2769','5','84.5')
insert into Ketqua(MaBN,MaXN,Ketqua) values ('2769','6','29.6')
insert into Ketqua(MaBN,MaXN,Ketqua) values ('2769','7','35.0')
insert into Ketqua(MaBN,MaXN,Ketqua) values ('2769','8','192')
insert into Ketqua(MaBN,MaXN,Ketqua) values ('2769','9','43.7')
insert into Ketqua(MaBN,MaXN,Ketqua) values ('2769','10','7.0')
insert into Ketqua(MaBN,MaXN,Ketqua) values ('2769','11','49.3')
insert into Ketqua(MaBN,MaXN,Ketqua) values ('2769','12','10.9')
insert into Ketqua(MaBN,MaXN,Ketqua) values ('2769','13','0.15')
insert into Ketqua(MaBN,MaXN,Ketqua) values ('2769','14','7.9')
insert into Ketqua(MaBN,MaXN,Ketqua) values ('2769','15','17.8')
insert into Ketqua(MaBN,MaXN,Ketqua) values ('2770','16','')
insert into Ketqua(MaBN,MaXN,Ketqua) values ('2770','17','DƯƠNG TÍNH 58.3')
insert into Ketqua(MaBN,MaXN,Ketqua) values ('2770','20','ÂM TÍNH 0.28')
insert into Ketqua(MaBN,MaXN,Ketqua) values ('2771','25','')
insert into Ketqua(MaBN,MaXN,Ketqua) values ('2771','26','')
insert into Ketqua(MaBN,MaXN,Ketqua) values ('2771','1','9.5')
insert into Ketqua(MaBN,MaXN,Ketqua) values ('2771','2','4.57')
insert into Ketqua(MaBN,MaXN,Ketqua) values ('2771','3','12.7')
insert into Ketqua(MaBN,MaXN,Ketqua) values ('2771','4','39.0')
insert into Ketqua(MaBN,MaXN,Ketqua) values ('2771','5','85.3')
insert into Ketqua(MaBN,MaXN,Ketqua) values ('2771','6','27.8')
insert into Ketqua(MaBN,MaXN,Ketqua) values ('2771','7','32.6')
insert into Ketqua(MaBN,MaXN,Ketqua) values ('2771','8','244')
insert into Ketqua(MaBN,MaXN,Ketqua) values ('2771','9','27.6')
insert into Ketqua(MaBN,MaXN,Ketqua) values ('2771','10','3.8')
insert into Ketqua(MaBN,MaXN,Ketqua) values ('2771','11','68.6')
insert into Ketqua(MaBN,MaXN,Ketqua) values ('2771','12','12.4')
insert into Ketqua(MaBN,MaXN,Ketqua) values ('2771','13','0.18')
insert into Ketqua(MaBN,MaXN,Ketqua) values ('2771','14','7.4')
insert into Ketqua(MaBN,MaXN,Ketqua) values ('2771','15','17.1')
insert into Ketqua(MaBN,MaXN,Ketqua) values ('2771','16','( B )')
insert into Ketqua(MaBN,MaXN,Ketqua) values ('2771','17','( + )')
insert into Ketqua(MaBN,MaXN,Ketqua) values ('2771','18','')
insert into Ketqua(MaBN,MaXN,Ketqua) values ('2771','19','ÂM TÍNH')
insert into Ketqua(MaBN,MaXN,Ketqua) values ('2771','20','ÂM TÍNH')
insert into Ketqua(MaBN,MaXN,Ketqua) values ('2771','21','ÂM TÍNH')
insert into Ketqua(MaBN,MaXN,Ketqua) values ('2771','22','ÂM TÍNH')
insert into Ketqua(MaBN,MaXN,Ketqua) values ('2771','23','DƯƠNG TÍNH 89.0')
insert into Ketqua(MaBN,MaXN,Ketqua) values ('2771','24','ÂM TÍNH 0.35')
insert into Ketqua(MaBN,MaXN,Ketqua) values ('2771','25','3.1')
insert into Ketqua(MaBN,MaXN,Ketqua) values ('2771','26','0.9')
insert into Ketqua(MaBN,MaXN,Ketqua) values ('2771','27','2.6')
insert into Ketqua(MaBN,MaXN,Ketqua) values ('2771','28','')
insert into Ketqua(MaBN,MaXN,Ketqua) values ('2771','29','89')
insert into Ketqua(MaBN,MaXN,Ketqua) values ('2771','40','4.6')
insert into Ketqua(MaBN,MaXN,Ketqua) values ('2772','41','')
insert into Ketqua(MaBN,MaXN,Ketqua) values ('2772','42','')
insert into Ketqua(MaBN,MaXN,Ketqua) values ('2772','1','9.9')
insert into Ketqua(MaBN,MaXN,Ketqua) values ('2772','2','4.73')
insert into Ketqua(MaBN,MaXN,Ketqua) values ('2772','3','9.5')
insert into Ketqua(MaBN,MaXN,Ketqua) values ('2772','4','33.9')
insert into Ketqua(MaBN,MaXN,Ketqua) values ('2772','5','71.7')
insert into Ketqua(MaBN,MaXN,Ketqua) values ('2772','6','20.1')
insert into Ketqua(MaBN,MaXN,Ketqua) values ('2772','7','28.0')
insert into Ketqua(MaBN,MaXN,Ketqua) values ('2772','8','322')
insert into Ketqua(MaBN,MaXN,Ketqua) values ('2772','9','30.5')
insert into Ketqua(MaBN,MaXN,Ketqua) values ('2772','10','2.4')
insert into Ketqua(MaBN,MaXN,Ketqua) values ('2772','11','67.1')
insert into Ketqua(MaBN,MaXN,Ketqua) values ('2772','12','15.3')
insert into Ketqua(MaBN,MaXN,Ketqua) values ('2772','13','0.36')
insert into Ketqua(MaBN,MaXN,Ketqua) values ('2772','14','11.1')
insert into Ketqua(MaBN,MaXN,Ketqua) values ('2772','15','15.9')
insert into Ketqua(MaBN,MaXN,Ketqua) values ('2772','16','')
insert into Ketqua(MaBN,MaXN,Ketqua) values ('2772','17','ÂM TÍNH')
insert into Ketqua(MaBN,MaXN,Ketqua) values ('2772','20','ÂM TÍNH')
insert into Ketqua(MaBN,MaXN,Ketqua) values ('2772','21','ÂM TÍNH')
insert into Ketqua(MaBN,MaXN,Ketqua) values ('2772','22','ÂM TÍNH')
insert into Ketqua(MaBN,MaXN,Ketqua) values ('2772','23','ÂM TÍNH 0.5')
insert into Ketqua(MaBN,MaXN,Ketqua) values ('2772','24','ÂM TÍNH 0.22')
insert into Ketqua(MaBN,MaXN,Ketqua) values ('2772','25','1.9')
insert into Ketqua(MaBN,MaXN,Ketqua) values ('2772','26','0.7')
insert into Ketqua(MaBN,MaXN,Ketqua) values ('2772','27','0.8')
insert into Ketqua(MaBN,MaXN,Ketqua) values ('2772','28','')
insert into Ketqua(MaBN,MaXN,Ketqua) values ('2772','29','102')
insert into Ketqua(MaBN,MaXN,Ketqua) values ('2772','40','5.3')
insert into Ketqua(MaBN,MaXN,Ketqua) values ('2773','41','')
insert into Ketqua(MaBN,MaXN,Ketqua) values ('2773','42','')
insert into Ketqua(MaBN,MaXN,Ketqua) values ('2773','1','12.2')
insert into Ketqua(MaBN,MaXN,Ketqua) values ('2773','2','3.66')
insert into Ketqua(MaBN,MaXN,Ketqua) values ('2773','3','10.6')
insert into Ketqua(MaBN,MaXN,Ketqua) values ('2773','4','33.6')
insert into Ketqua(MaBN,MaXN,Ketqua) values ('2773','5','91.8')
insert into Ketqua(MaBN,MaXN,Ketqua) values ('2773','6','29.0')
insert into Ketqua(MaBN,MaXN,Ketqua) values ('2773','7','31.2')
insert into Ketqua(MaBN,MaXN,Ketqua) values ('2773','8','211')
insert into Ketqua(MaBN,MaXN,Ketqua) values ('2773','9','34.3')
insert into Ketqua(MaBN,MaXN,Ketqua) values ('2773','10','4.6')
insert into Ketqua(MaBN,MaXN,Ketqua) values ('2773','11','61.1')
insert into Ketqua(MaBN,MaXN,Ketqua) values ('2773','12','13.8')
insert into Ketqua(MaBN,MaXN,Ketqua) values ('2773','13','0.15')
insert into Ketqua(MaBN,MaXN,Ketqua) values ('2773','14','7.2')
insert into Ketqua(MaBN,MaXN,Ketqua) values ('2773','15','16.5')
insert into Ketqua(MaBN,MaXN,Ketqua) values ('2773','16','( A )')
insert into Ketqua(MaBN,MaXN,Ketqua) values ('2773','17','( + )')
insert into Ketqua(MaBN,MaXN,Ketqua) values ('2773','18','')
insert into Ketqua(MaBN,MaXN,Ketqua) values ('2773','19','ÂM TÍNH')
insert into Ketqua(MaBN,MaXN,Ketqua) values ('2773','20','ÂM TÍNH')
insert into Ketqua(MaBN,MaXN,Ketqua) values ('2773','21','ÂM TÍNH')
insert into Ketqua(MaBN,MaXN,Ketqua) values ('2773','22','ÂM TÍNH')
insert into Ketqua(MaBN,MaXN,Ketqua) values ('2773','23','DƯƠNG TÍNH 98.3')
insert into Ketqua(MaBN,MaXN,Ketqua) values ('2773','24','ÂM TÍNH 0.21')
insert into Ketqua(MaBN,MaXN,Ketqua) values ('2773','25','3.5')
insert into Ketqua(MaBN,MaXN,Ketqua) values ('2773','26','1.1')
insert into Ketqua(MaBN,MaXN,Ketqua) values ('2773','27','0.9')
insert into Ketqua(MaBN,MaXN,Ketqua) values ('2773','28','')
insert into Ketqua(MaBN,MaXN,Ketqua) values ('2773','29','132')
insert into Ketqua(MaBN,MaXN,Ketqua) values ('2773','40','5.1')
insert into Ketqua(MaBN,MaXN,Ketqua) values ('2774','41','')
insert into Ketqua(MaBN,MaXN,Ketqua) values ('2774','42','')
insert into Ketqua(MaBN,MaXN,Ketqua) values ('2774','1','8.0')
insert into Ketqua(MaBN,MaXN,Ketqua) values ('2774','2','4.28')
insert into Ketqua(MaBN,MaXN,Ketqua) values ('2774','3','12.0')
insert into Ketqua(MaBN,MaXN,Ketqua) values ('2774','4','36.7')
insert into Ketqua(MaBN,MaXN,Ketqua) values ('2774','5','85.7')
insert into Ketqua(MaBN,MaXN,Ketqua) values ('2774','6','28.0')
insert into Ketqua(MaBN,MaXN,Ketqua) values ('2774','7','32.7')
insert into Ketqua(MaBN,MaXN,Ketqua) values ('2774','8','281')
insert into Ketqua(MaBN,MaXN,Ketqua) values ('2774','9','34.9')
insert into Ketqua(MaBN,MaXN,Ketqua) values ('2774','10','2.5')
insert into Ketqua(MaBN,MaXN,Ketqua) values ('2774','11','62.6')
insert into Ketqua(MaBN,MaXN,Ketqua) values ('2774','12','11.8')
insert into Ketqua(MaBN,MaXN,Ketqua) values ('2774','13','0.19')
insert into Ketqua(MaBN,MaXN,Ketqua) values ('2774','14','6.7')
insert into Ketqua(MaBN,MaXN,Ketqua) values ('2774','15','16.2')
insert into Ketqua(MaBN,MaXN,Ketqua) values ('2774','16','( O )')
insert into Ketqua(MaBN,MaXN,Ketqua) values ('2774','17','( + )')
insert into Ketqua(MaBN,MaXN,Ketqua) values ('2774','18','')
insert into Ketqua(MaBN,MaXN,Ketqua) values ('2774','19','ÂM TÍNH')
insert into Ketqua(MaBN,MaXN,Ketqua) values ('2774','20','ÂM TÍNH')
insert into Ketqua(MaBN,MaXN,Ketqua) values ('2774','21','ÂM TÍNH')
insert into Ketqua(MaBN,MaXN,Ketqua) values ('2774','22','ÂM TÍNH')
insert into Ketqua(MaBN,MaXN,Ketqua) values ('2774','23','DƯƠNG TÍNH 26.0')
insert into Ketqua(MaBN,MaXN,Ketqua) values ('2774','24','ÂM TÍNH 0.31')
insert into Ketqua(MaBN,MaXN,Ketqua) values ('2774','25','4.0')
insert into Ketqua(MaBN,MaXN,Ketqua) values ('2774','26','1.0')
insert into Ketqua(MaBN,MaXN,Ketqua) values ('2774','27','0.4')
insert into Ketqua(MaBN,MaXN,Ketqua) values ('2774','28','')
insert into Ketqua(MaBN,MaXN,Ketqua) values ('2774','29','4.9')
insert into Ketqua(MaBN,MaXN,Ketqua) values ('2775','40','')
insert into Ketqua(MaBN,MaXN,Ketqua) values ('2775','42','')
insert into Ketqua(MaBN,MaXN,Ketqua) values ('2775','1','9.4')
insert into Ketqua(MaBN,MaXN,Ketqua) values ('2775','2','5.57')
insert into Ketqua(MaBN,MaXN,Ketqua) values ('2775','3','16.4')
insert into Ketqua(MaBN,MaXN,Ketqua) values ('2775','4','49.6')
insert into Ketqua(MaBN,MaXN,Ketqua) values ('2775','5','89.0')
insert into Ketqua(MaBN,MaXN,Ketqua) values ('2775','6','29.4')
insert into Ketqua(MaBN,MaXN,Ketqua) values ('2775','7','33.1')
insert into Ketqua(MaBN,MaXN,Ketqua) values ('2775','8','178')
insert into Ketqua(MaBN,MaXN,Ketqua) values ('2775','9','39.6')
insert into Ketqua(MaBN,MaXN,Ketqua) values ('2775','10','5.6')
insert into Ketqua(MaBN,MaXN,Ketqua) values ('2775','11','54.8')
insert into Ketqua(MaBN,MaXN,Ketqua) values ('2775','12','12.3')
insert into Ketqua(MaBN,MaXN,Ketqua) values ('2775','13','0.13')
insert into Ketqua(MaBN,MaXN,Ketqua) values ('2775','14','7.4')
insert into Ketqua(MaBN,MaXN,Ketqua) values ('2775','15','17.2')
insert into Ketqua(MaBN,MaXN,Ketqua) values ('2776','16','')
insert into Ketqua(MaBN,MaXN,Ketqua) values ('2776','17','')
insert into Ketqua(MaBN,MaXN,Ketqua) values ('2776','1','10.2')
insert into Ketqua(MaBN,MaXN,Ketqua) values ('2776','2','4.62')
insert into Ketqua(MaBN,MaXN,Ketqua) values ('2776','3','13.6')
insert into Ketqua(MaBN,MaXN,Ketqua) values ('2776','4','43.7')
insert into Ketqua(MaBN,MaXN,Ketqua) values ('2776','5','94.6')
insert into Ketqua(MaBN,MaXN,Ketqua) values ('2776','6','29.4')
insert into Ketqua(MaBN,MaXN,Ketqua) values ('2776','7','31.1')
insert into Ketqua(MaBN,MaXN,Ketqua) values ('2776','8','136')
insert into Ketqua(MaBN,MaXN,Ketqua) values ('2776','9','33.7')
insert into Ketqua(MaBN,MaXN,Ketqua) values ('2776','10','16.3')
insert into Ketqua(MaBN,MaXN,Ketqua) values ('2776','11','50.0')
insert into Ketqua(MaBN,MaXN,Ketqua) values ('2776','12','13.6')
insert into Ketqua(MaBN,MaXN,Ketqua) values ('2776','13','0.12')
insert into Ketqua(MaBN,MaXN,Ketqua) values ('2776','14','9.5')
insert into Ketqua(MaBN,MaXN,Ketqua) values ('2776','15','17.8')
insert into Ketqua(MaBN,MaXN,Ketqua) values ('2776','16','( B )')
insert into Ketqua(MaBN,MaXN,Ketqua) values ('2776','17','( + )')
insert into Ketqua(MaBN,MaXN,Ketqua) values ('2776','18','')
insert into Ketqua(MaBN,MaXN,Ketqua) values ('2776','19','ÂM TÍNH')
insert into Ketqua(MaBN,MaXN,Ketqua) values ('2776','20','ÂM TÍNH')
insert into Ketqua(MaBN,MaXN,Ketqua) values ('2776','21','ÂM TÍNH')
insert into Ketqua(MaBN,MaXN,Ketqua) values ('2776','22','ÂM TÍNH')
insert into Ketqua(MaBN,MaXN,Ketqua) values ('2776','23','DƯƠNG TÍNH 132.2')
insert into Ketqua(MaBN,MaXN,Ketqua) values ('2776','24','ÂM TÍNH 0.25')
insert into Ketqua(MaBN,MaXN,Ketqua) values ('2776','25','3.6')
insert into Ketqua(MaBN,MaXN,Ketqua) values ('2776','26','1.1')
insert into Ketqua(MaBN,MaXN,Ketqua) values ('2776','27','0.4')
insert into Ketqua(MaBN,MaXN,Ketqua) values ('2776','28','')
insert into Ketqua(MaBN,MaXN,Ketqua) values ('2776','29','106')
insert into Ketqua(MaBN,MaXN,Ketqua) values ('2776','40','5.4')
insert into Ketqua(MaBN,MaXN,Ketqua) values ('2777','41','')
insert into Ketqua(MaBN,MaXN,Ketqua) values ('2777','42','')
insert into Ketqua(MaBN,MaXN,Ketqua) values ('2777','1','6.7')
insert into Ketqua(MaBN,MaXN,Ketqua) values ('2777','2','4.33')
insert into Ketqua(MaBN,MaXN,Ketqua) values ('2777','3','12.5')
insert into Ketqua(MaBN,MaXN,Ketqua) values ('2777','4','39.7')
insert into Ketqua(MaBN,MaXN,Ketqua) values ('2777','5','91.7')
insert into Ketqua(MaBN,MaXN,Ketqua) values ('2774','6','91')
insert into Ketqua(MaBN,MaXN,Ketqua) values ('2777','7','28.9')
insert into Ketqua(MaBN,MaXN,Ketqua) values ('2777','41','31.5')
insert into Ketqua(MaBN,MaXN,Ketqua) values ('2777','8','148')
insert into Ketqua(MaBN,MaXN,Ketqua) values ('2777','9','47.3')
insert into Ketqua(MaBN,MaXN,Ketqua) values ('2777','10','20.9')
insert into Ketqua(MaBN,MaXN,Ketqua) values ('2777','11','31.8')
insert into Ketqua(MaBN,MaXN,Ketqua) values ('2777','12','12.5')
insert into Ketqua(MaBN,MaXN,Ketqua) values ('2777','13','0.25')
insert into Ketqua(MaBN,MaXN,Ketqua) values ('2777','14','11.9')
insert into Ketqua(MaBN,MaXN,Ketqua) values ('2777','15','16.6')
insert into Ketqua(MaBN,MaXN,Ketqua) values ('2777','16','( O )')
insert into Ketqua(MaBN,MaXN,Ketqua) values ('2777','17','( + )')
insert into Ketqua(MaBN,MaXN,Ketqua) values ('2777','18','')
insert into Ketqua(MaBN,MaXN,Ketqua) values ('2777','19','ÂM TÍNH')
insert into Ketqua(MaBN,MaXN,Ketqua) values ('2777','20','ÂM TÍNH')
insert into Ketqua(MaBN,MaXN,Ketqua) values ('2777','21','ÂM TÍNH')
insert into Ketqua(MaBN,MaXN,Ketqua) values ('2777','22','ÂM TÍNH')
insert into Ketqua(MaBN,MaXN,Ketqua) values ('2777','23','ÂM TÍNH 0.8')
insert into Ketqua(MaBN,MaXN,Ketqua) values ('2777','24','ÂM TÍNH 0.34')
insert into Ketqua(MaBN,MaXN,Ketqua) values ('2777','25','2.5')
insert into Ketqua(MaBN,MaXN,Ketqua) values ('2777','26','1.5')
insert into Ketqua(MaBN,MaXN,Ketqua) values ('2777','27','3.2')
insert into Ketqua(MaBN,MaXN,Ketqua) values ('2777','28','')
insert into Ketqua(MaBN,MaXN,Ketqua) values ('2777','29','82')
insert into Ketqua(MaBN,MaXN,Ketqua) values ('2777','40','4.4')
insert into Ketqua(MaBN,MaXN,Ketqua) values ('2778','41','')
insert into Ketqua(MaBN,MaXN,Ketqua) values ('2778','42','')
insert into Ketqua(MaBN,MaXN,Ketqua) values ('2778','1','9.5')
insert into Ketqua(MaBN,MaXN,Ketqua) values ('2778','2','4.46')
insert into Ketqua(MaBN,MaXN,Ketqua) values ('2778','3','12.7')
insert into Ketqua(MaBN,MaXN,Ketqua) values ('2778','4','39.6')
insert into Ketqua(MaBN,MaXN,Ketqua) values ('2778','5','87.6')
insert into Ketqua(MaBN,MaXN,Ketqua) values ('2778','6','28.5')
insert into Ketqua(MaBN,MaXN,Ketqua) values ('2778','7','32.7')
insert into Ketqua(MaBN,MaXN,Ketqua) values ('2778','8','232')
insert into Ketqua(MaBN,MaXN,Ketqua) values ('2778','9','21.4')
insert into Ketqua(MaBN,MaXN,Ketqua) values ('2778','10','1.8')
insert into Ketqua(MaBN,MaXN,Ketqua) values ('2778','11','76.8')
insert into Ketqua(MaBN,MaXN,Ketqua) values ('2778','12','11.3')
insert into Ketqua(MaBN,MaXN,Ketqua) values ('2778','13','0.18')
insert into Ketqua(MaBN,MaXN,Ketqua) values ('2778','14','8.3')
insert into Ketqua(MaBN,MaXN,Ketqua) values ('2778','15','16.4')
insert into Ketqua(MaBN,MaXN,Ketqua) values ('2778','16','( B )')
insert into Ketqua(MaBN,MaXN,Ketqua) values ('2778','17','( + )')
insert into Ketqua(MaBN,MaXN,Ketqua) values ('2778','18','')
insert into Ketqua(MaBN,MaXN,Ketqua) values ('2778','19','ÂM TÍNH')
insert into Ketqua(MaBN,MaXN,Ketqua) values ('2778','20','ÂM TÍNH')
insert into Ketqua(MaBN,MaXN,Ketqua) values ('2778','21','ÂM TÍNH')
insert into Ketqua(MaBN,MaXN,Ketqua) values ('2778','22','ÂM TÍNH')
insert into Ketqua(MaBN,MaXN,Ketqua) values ('2778','23','ÂM TÍNH 2.1')
insert into Ketqua(MaBN,MaXN,Ketqua) values ('2778','24','ÂM TÍNH 0.34')
insert into Ketqua(MaBN,MaXN,Ketqua) values ('2778','25','3.8')
insert into Ketqua(MaBN,MaXN,Ketqua) values ('2778','26','1.5')
insert into Ketqua(MaBN,MaXN,Ketqua) values ('2778','27','1.9')
insert into Ketqua(MaBN,MaXN,Ketqua) values ('2778','28','')
insert into Ketqua(MaBN,MaXN,Ketqua) values ('2778','29','95')
insert into Ketqua(MaBN,MaXN,Ketqua) values ('2778','40','5.0')
insert into Ketqua(MaBN,MaXN,Ketqua) values ('2779','41','')
insert into Ketqua(MaBN,MaXN,Ketqua) values ('2779','42','')
insert into Ketqua(MaBN,MaXN,Ketqua) values ('2779','1','7.5')
insert into Ketqua(MaBN,MaXN,Ketqua) values ('2779','2','3.83')
insert into Ketqua(MaBN,MaXN,Ketqua) values ('2779','3','10.7')
insert into Ketqua(MaBN,MaXN,Ketqua) values ('2779','4','33.5')
insert into Ketqua(MaBN,MaXN,Ketqua) values ('2779','5','87.5')
insert into Ketqua(MaBN,MaXN,Ketqua) values ('2779','6','27.9')
insert into Ketqua(MaBN,MaXN,Ketqua) values ('2779','7','31.9')
insert into Ketqua(MaBN,MaXN,Ketqua) values ('2779','8','225')
insert into Ketqua(MaBN,MaXN,Ketqua) values ('2779','9','29.3')
insert into Ketqua(MaBN,MaXN,Ketqua) values ('2779','10','2.4')
insert into Ketqua(MaBN,MaXN,Ketqua) values ('2779','11','68.3')
insert into Ketqua(MaBN,MaXN,Ketqua) values ('2779','12','11.9')
insert into Ketqua(MaBN,MaXN,Ketqua) values ('2779','13','0.19')
insert into Ketqua(MaBN,MaXN,Ketqua) values ('2779','14','8.6')
insert into Ketqua(MaBN,MaXN,Ketqua) values ('2779','15','17.0')
insert into Ketqua(MaBN,MaXN,Ketqua) values ('2779','16','( A )')
insert into Ketqua(MaBN,MaXN,Ketqua) values ('2779','17','( + )')
insert into Ketqua(MaBN,MaXN,Ketqua) values ('2779','18','')
insert into Ketqua(MaBN,MaXN,Ketqua) values ('2779','19','ÂM TÍNH')
insert into Ketqua(MaBN,MaXN,Ketqua) values ('2779','20','ÂM TÍNH')
insert into Ketqua(MaBN,MaXN,Ketqua) values ('2779','21','ÂM TÍNH')
insert into Ketqua(MaBN,MaXN,Ketqua) values ('2779','22','ÂM TÍNH')
insert into Ketqua(MaBN,MaXN,Ketqua) values ('2779','23','DƯƠNG TÍNH 80.0')
insert into Ketqua(MaBN,MaXN,Ketqua) values ('2779','24','ÂM TÍNH 0.27')
insert into Ketqua(MaBN,MaXN,Ketqua) values ('2779','25','2.8')
insert into Ketqua(MaBN,MaXN,Ketqua) values ('2779','26','0.9')
insert into Ketqua(MaBN,MaXN,Ketqua) values ('2779','27','1.6')
insert into Ketqua(MaBN,MaXN,Ketqua) values ('2779','28','')
insert into Ketqua(MaBN,MaXN,Ketqua) values ('2779','29','98')
insert into Ketqua(MaBN,MaXN,Ketqua) values ('2779','40','4.7')
insert into Ketqua(MaBN,MaXN,Ketqua) values ('2780','41','')
insert into Ketqua(MaBN,MaXN,Ketqua) values ('2780','42','')
insert into Ketqua(MaBN,MaXN,Ketqua) values ('2780','1','11.9')
insert into Ketqua(MaBN,MaXN,Ketqua) values ('2780','2','4.45')
insert into Ketqua(MaBN,MaXN,Ketqua) values ('2780','3','12.6')
insert into Ketqua(MaBN,MaXN,Ketqua) values ('2780','4','39.4')
insert into Ketqua(MaBN,MaXN,Ketqua) values ('2780','5','88.5')
insert into Ketqua(MaBN,MaXN,Ketqua) values ('2780','6','28.3')
insert into Ketqua(MaBN,MaXN,Ketqua) values ('2780','7','32.0')
insert into Ketqua(MaBN,MaXN,Ketqua) values ('2780','8','316')
insert into Ketqua(MaBN,MaXN,Ketqua) values ('2780','9','36.0')
insert into Ketqua(MaBN,MaXN,Ketqua) values ('2780','10','4.0')
insert into Ketqua(MaBN,MaXN,Ketqua) values ('2780','11','60.0')
insert into Ketqua(MaBN,MaXN,Ketqua) values ('2780','12','12.7')
insert into Ketqua(MaBN,MaXN,Ketqua) values ('2780','13','0.24')
insert into Ketqua(MaBN,MaXN,Ketqua) values ('2780','14','7.6')
insert into Ketqua(MaBN,MaXN,Ketqua) values ('2780','15','16.7')
insert into Ketqua(MaBN,MaXN,Ketqua) values ('2780','16','( B )')
insert into Ketqua(MaBN,MaXN,Ketqua) values ('2780','17','( + )')
insert into Ketqua(MaBN,MaXN,Ketqua) values ('2780','18','')
insert into Ketqua(MaBN,MaXN,Ketqua) values ('2780','19','ÂM TÍNH')
insert into Ketqua(MaBN,MaXN,Ketqua) values ('2780','20','ÂM TÍNH')
insert into Ketqua(MaBN,MaXN,Ketqua) values ('2780','21','ÂM TÍNH')
insert into Ketqua(MaBN,MaXN,Ketqua) values ('2780','22','ÂM TÍNH')
insert into Ketqua(MaBN,MaXN,Ketqua) values ('2780','23','DƯƠNG TÍNH 189.5')
insert into Ketqua(MaBN,MaXN,Ketqua) values ('2780','24','ÂM TÍNH 0.25')
insert into Ketqua(MaBN,MaXN,Ketqua) values ('2780','25','3.8')
insert into Ketqua(MaBN,MaXN,Ketqua) values ('2780','26','1.6')
insert into Ketqua(MaBN,MaXN,Ketqua) values ('2780','27','5.4')
insert into Ketqua(MaBN,MaXN,Ketqua) values ('2780','28','')
insert into Ketqua(MaBN,MaXN,Ketqua) values ('2780','29','74')
insert into Ketqua(MaBN,MaXN,Ketqua) values ('2780','40','4.3')
insert into Ketqua(MaBN,MaXN,Ketqua) values ('2781','41','')
insert into Ketqua(MaBN,MaXN,Ketqua) values ('2781','42','')
insert into Ketqua(MaBN,MaXN,Ketqua) values ('2781','1','2.97')
insert into Ketqua(MaBN,MaXN,Ketqua) values ('2781','2','3.12')
insert into Ketqua(MaBN,MaXN,Ketqua) values ('2781','3','8.4')
insert into Ketqua(MaBN,MaXN,Ketqua) values ('2781','4','28.3')
insert into Ketqua(MaBN,MaXN,Ketqua) values ('2781','5','90.7')
insert into Ketqua(MaBN,MaXN,Ketqua) values ('2781','6','26.9')
insert into Ketqua(MaBN,MaXN,Ketqua) values ('2781','7','29.7')
insert into Ketqua(MaBN,MaXN,Ketqua) values ('2781','8','320')
insert into Ketqua(MaBN,MaXN,Ketqua) values ('2781','9','28.3')
insert into Ketqua(MaBN,MaXN,Ketqua) values ('2781','10','16.2')
insert into Ketqua(MaBN,MaXN,Ketqua) values ('2781','11','55.5')
insert into Ketqua(MaBN,MaXN,Ketqua) values ('2781','12','7.4')
insert into Ketqua(MaBN,MaXN,Ketqua) values ('2781','13','0.24')
insert into Ketqua(MaBN,MaXN,Ketqua) values ('2781','14','7.4')
insert into Ketqua(MaBN,MaXN,Ketqua) values ('2781','15','14.5')
insert into Ketqua(MaBN,MaXN,Ketqua) values ('2781','16','')
insert into Ketqua(MaBN,MaXN,Ketqua) values ('2781','17','40.7')
insert into Ketqua(MaBN,MaXN,Ketqua) values ('2782','20','')
insert into Ketqua(MaBN,MaXN,Ketqua) values ('2782','31','3206')
insert into Ketqua(MaBN,MaXN,Ketqua) values ('2783','20','')
insert into Ketqua(MaBN,MaXN,Ketqua) values ('2783','31','')
insert into Ketqua(MaBN,MaXN,Ketqua) values ('2783','1','9.7')
insert into Ketqua(MaBN,MaXN,Ketqua) values ('2783','2','4.1')
insert into Ketqua(MaBN,MaXN,Ketqua) values ('2783','3','11.8')
insert into Ketqua(MaBN,MaXN,Ketqua) values ('2783','4','36.4')
insert into Ketqua(MaBN,MaXN,Ketqua) values ('2783','5','88.8')
insert into Ketqua(MaBN,MaXN,Ketqua) values ('2783','6','28.8')
insert into Ketqua(MaBN,MaXN,Ketqua) values ('2783','7','32.4')
insert into Ketqua(MaBN,MaXN,Ketqua) values ('2783','8','289')
insert into Ketqua(MaBN,MaXN,Ketqua) values ('2783','9','26.2')
insert into Ketqua(MaBN,MaXN,Ketqua) values ('2783','10','3.1')
insert into Ketqua(MaBN,MaXN,Ketqua) values ('2783','11','70.7')
insert into Ketqua(MaBN,MaXN,Ketqua) values ('2783','12','12.4')
insert into Ketqua(MaBN,MaXN,Ketqua) values ('2783','13','0.21')
insert into Ketqua(MaBN,MaXN,Ketqua) values ('2783','14','7.3')
insert into Ketqua(MaBN,MaXN,Ketqua) values ('2783','15','15.4')
insert into Ketqua(MaBN,MaXN,Ketqua) values ('2783','16','( B )')
insert into Ketqua(MaBN,MaXN,Ketqua) values ('2783','17','( + )')
insert into Ketqua(MaBN,MaXN,Ketqua) values ('2783','18','')
insert into Ketqua(MaBN,MaXN,Ketqua) values ('2783','19','ÂM TÍNH')
insert into Ketqua(MaBN,MaXN,Ketqua) values ('2783','20','ÂM TÍNH')
insert into Ketqua(MaBN,MaXN,Ketqua) values ('2783','21','ÂM TÍNH')
insert into Ketqua(MaBN,MaXN,Ketqua) values ('2783','23','ÂM TÍNH 0.06')
insert into Ketqua(MaBN,MaXN,Ketqua) values ('2783','24','ÂM TÍNH 0.25')
insert into Ketqua(MaBN,MaXN,Ketqua) values ('2783','25','')
insert into Ketqua(MaBN,MaXN,Ketqua) values ('2783','26','')
insert into Ketqua(MaBN,MaXN,Ketqua) values ('2783','39','96')
insert into Ketqua(MaBN,MaXN,Ketqua) values ('2784','40','')
insert into Ketqua(MaBN,MaXN,Ketqua) values ('2784','41','')
insert into Ketqua(MaBN,MaXN,Ketqua) values ('2784','1','8.8')
insert into Ketqua(MaBN,MaXN,Ketqua) values ('2784','2','5.65')
insert into Ketqua(MaBN,MaXN,Ketqua) values ('2784','3','15.3')
insert into Ketqua(MaBN,MaXN,Ketqua) values ('2784','4','48.8')
insert into Ketqua(MaBN,MaXN,Ketqua) values ('2784','5','86.4')
insert into Ketqua(MaBN,MaXN,Ketqua) values ('2784','6','27.4')
insert into Ketqua(MaBN,MaXN,Ketqua) values ('2784','7','31.5')
insert into Ketqua(MaBN,MaXN,Ketqua) values ('2784','8','327')
insert into Ketqua(MaBN,MaXN,Ketqua) values ('2784','9','41.8')
insert into Ketqua(MaBN,MaXN,Ketqua) values ('2784','10','8.3')
insert into Ketqua(MaBN,MaXN,Ketqua) values ('2784','11','49.9')
insert into Ketqua(MaBN,MaXN,Ketqua) values ('2784','12','12.2')
insert into Ketqua(MaBN,MaXN,Ketqua) values ('2784','13','0.22')
insert into Ketqua(MaBN,MaXN,Ketqua) values ('2784','14','6.7')
insert into Ketqua(MaBN,MaXN,Ketqua) values ('2784','15','16.9')
insert into Ketqua(MaBN,MaXN,Ketqua) values ('2784','16','( B )')
insert into Ketqua(MaBN,MaXN,Ketqua) values ('2784','17','( + )')
insert into Ketqua(MaBN,MaXN,Ketqua) values ('2785','18','')
insert into Ketqua(MaBN,MaXN,Ketqua) values ('2785','19','')
insert into Ketqua(MaBN,MaXN,Ketqua) values ('2785','1','7.0')
insert into Ketqua(MaBN,MaXN,Ketqua) values ('2785','2','3.92')
insert into Ketqua(MaBN,MaXN,Ketqua) values ('2785','3','11.2')
insert into Ketqua(MaBN,MaXN,Ketqua) values ('2785','4','36.6')
insert into Ketqua(MaBN,MaXN,Ketqua) values ('2785','5','93.4')
insert into Ketqua(MaBN,MaXN,Ketqua) values ('2785','6','28.6')
insert into Ketqua(MaBN,MaXN,Ketqua) values ('2785','7','30.6')
insert into Ketqua(MaBN,MaXN,Ketqua) values ('2785','8','248')
insert into Ketqua(MaBN,MaXN,Ketqua) values ('2785','9','27.3')
insert into Ketqua(MaBN,MaXN,Ketqua) values ('2785','10','6.0')
insert into Ketqua(MaBN,MaXN,Ketqua) values ('2785','11','66.7')
insert into Ketqua(MaBN,MaXN,Ketqua) values ('2785','12','12.2')
insert into Ketqua(MaBN,MaXN,Ketqua) values ('2785','13','0.21')
insert into Ketqua(MaBN,MaXN,Ketqua) values ('2785','14','8.4')
insert into Ketqua(MaBN,MaXN,Ketqua) values ('2785','15','15.9')
insert into Ketqua(MaBN,MaXN,Ketqua) values ('2785','16','( O )')
insert into Ketqua(MaBN,MaXN,Ketqua) values ('2785','17','( + )')
insert into Ketqua(MaBN,MaXN,Ketqua) values ('2785','18','')
insert into Ketqua(MaBN,MaXN,Ketqua) values ('2785','19','ÂM TÍNH')
insert into Ketqua(MaBN,MaXN,Ketqua) values ('2785','20','ÂM TÍNH')
insert into Ketqua(MaBN,MaXN,Ketqua) values ('2785','21','ÂM TÍNH')
insert into Ketqua(MaBN,MaXN,Ketqua) values ('2785','23','102')
insert into Ketqua(MaBN,MaXN,Ketqua) values ('2786','24','')
insert into Ketqua(MaBN,MaXN,Ketqua) values ('2786','41','')
insert into Ketqua(MaBN,MaXN,Ketqua) values ('2786','1','12.2')
insert into Ketqua(MaBN,MaXN,Ketqua) values ('2786','2','4.0')
insert into Ketqua(MaBN,MaXN,Ketqua) values ('2786','3','12.1')
insert into Ketqua(MaBN,MaXN,Ketqua) values ('2786','4','35.3')
insert into Ketqua(MaBN,MaXN,Ketqua) values ('2786','5','88.3')
insert into Ketqua(MaBN,MaXN,Ketqua) values ('2786','6','30.3')
insert into Ketqua(MaBN,MaXN,Ketqua) values ('2786','7','34.3')
insert into Ketqua(MaBN,MaXN,Ketqua) values ('2786','8','315')
insert into Ketqua(MaBN,MaXN,Ketqua) values ('2786','9','33.8')
insert into Ketqua(MaBN,MaXN,Ketqua) values ('2786','10','3.7')
insert into Ketqua(MaBN,MaXN,Ketqua) values ('2786','11','62.5')
insert into Ketqua(MaBN,MaXN,Ketqua) values ('2786','12','10.7')
insert into Ketqua(MaBN,MaXN,Ketqua) values ('2786','13','0.18')
insert into Ketqua(MaBN,MaXN,Ketqua) values ('2786','14','5.7')
insert into Ketqua(MaBN,MaXN,Ketqua) values ('2786','15','17.8')
insert into Ketqua(MaBN,MaXN,Ketqua) values ('2786','16','( O )')
insert into Ketqua(MaBN,MaXN,Ketqua) values ('2786','17','( + )')
insert into Ketqua(MaBN,MaXN,Ketqua) values ('2786','18','')
insert into Ketqua(MaBN,MaXN,Ketqua) values ('2786','19','ÂM TÍNH')
insert into Ketqua(MaBN,MaXN,Ketqua) values ('2786','20','ÂM TÍNH')
insert into Ketqua(MaBN,MaXN,Ketqua) values ('2786','21','ÂM TÍNH')
insert into Ketqua(MaBN,MaXN,Ketqua) values ('2786','22','ÂM TÍNH')
insert into Ketqua(MaBN,MaXN,Ketqua) values ('2786','23','DƯƠNG TÍNH 29.3')
insert into Ketqua(MaBN,MaXN,Ketqua) values ('2786','24','ÂM TÍNH 0.32')
insert into Ketqua(MaBN,MaXN,Ketqua) values ('2786','25','4.6')
insert into Ketqua(MaBN,MaXN,Ketqua) values ('2786','26','1.2')
insert into Ketqua(MaBN,MaXN,Ketqua) values ('2786','27','0.4')
insert into Ketqua(MaBN,MaXN,Ketqua) values ('2786','28','')
insert into Ketqua(MaBN,MaXN,Ketqua) values ('2786','29','97')
insert into Ketqua(MaBN,MaXN,Ketqua) values ('2786','40','5.3')
insert into Ketqua(MaBN,MaXN,Ketqua) values ('2787','41','')
insert into Ketqua(MaBN,MaXN,Ketqua) values ('2787','42','')
insert into Ketqua(MaBN,MaXN,Ketqua) values ('2787','1','7.9')
insert into Ketqua(MaBN,MaXN,Ketqua) values ('2787','2','4.12')
insert into Ketqua(MaBN,MaXN,Ketqua) values ('2787','3','11.0')
insert into Ketqua(MaBN,MaXN,Ketqua) values ('2787','4','34.3')
insert into Ketqua(MaBN,MaXN,Ketqua) values ('2787','5','83.3')
insert into Ketqua(MaBN,MaXN,Ketqua) values ('2787','6','27.0')
insert into Ketqua(MaBN,MaXN,Ketqua) values ('2787','7','32.1')
insert into Ketqua(MaBN,MaXN,Ketqua) values ('2787','8','259')
insert into Ketqua(MaBN,MaXN,Ketqua) values ('2787','9','27.8')
insert into Ketqua(MaBN,MaXN,Ketqua) values ('2787','10','3.1')
insert into Ketqua(MaBN,MaXN,Ketqua) values ('2787','11','69.1')
insert into Ketqua(MaBN,MaXN,Ketqua) values ('2787','12','11.3')
insert into Ketqua(MaBN,MaXN,Ketqua) values ('2787','13','0.2')
insert into Ketqua(MaBN,MaXN,Ketqua) values ('2787','14','7.9')
insert into Ketqua(MaBN,MaXN,Ketqua) values ('2787','15','15.7')
insert into Ketqua(MaBN,MaXN,Ketqua) values ('2787','16','( O )')
insert into Ketqua(MaBN,MaXN,Ketqua) values ('2787','17','( + )')
insert into Ketqua(MaBN,MaXN,Ketqua) values ('2787','18','')
insert into Ketqua(MaBN,MaXN,Ketqua) values ('2787','19','ÂM TÍNH')
insert into Ketqua(MaBN,MaXN,Ketqua) values ('2787','20','ÂM TÍNH')
insert into Ketqua(MaBN,MaXN,Ketqua) values ('2787','21','ÂM TÍNH')
insert into Ketqua(MaBN,MaXN,Ketqua) values ('2787','22','ÂM TÍNH')
insert into Ketqua(MaBN,MaXN,Ketqua) values ('2787','23','DƯƠNG TÍNH 60.8')
insert into Ketqua(MaBN,MaXN,Ketqua) values ('2787','24','ÂM TÍNH 0.35')
insert into Ketqua(MaBN,MaXN,Ketqua) values ('2787','25','3.5')
insert into Ketqua(MaBN,MaXN,Ketqua) values ('2787','26','0.7')
insert into Ketqua(MaBN,MaXN,Ketqua) values ('2787','27','3.3')
insert into Ketqua(MaBN,MaXN,Ketqua) values ('2787','28','')
insert into Ketqua(MaBN,MaXN,Ketqua) values ('2787','29','103')
insert into Ketqua(MaBN,MaXN,Ketqua) values ('2787','40','4.8')
insert into Ketqua(MaBN,MaXN,Ketqua) values ('2788','41','')
insert into Ketqua(MaBN,MaXN,Ketqua) values ('2788','42','')
insert into Ketqua(MaBN,MaXN,Ketqua) values ('2788','1','9.6')
insert into Ketqua(MaBN,MaXN,Ketqua) values ('2788','2','5.24')
insert into Ketqua(MaBN,MaXN,Ketqua) values ('2788','3','14.0')
insert into Ketqua(MaBN,MaXN,Ketqua) values ('2788','4','43.8')
insert into Ketqua(MaBN,MaXN,Ketqua) values ('2788','5','83.6')
insert into Ketqua(MaBN,MaXN,Ketqua) values ('2788','6','27.0')
insert into Ketqua(MaBN,MaXN,Ketqua) values ('2788','7','32.0')
insert into Ketqua(MaBN,MaXN,Ketqua) values ('2788','8','198')
insert into Ketqua(MaBN,MaXN,Ketqua) values ('2788','9','19.2')
insert into Ketqua(MaBN,MaXN,Ketqua) values ('2788','10','2.3')
insert into Ketqua(MaBN,MaXN,Ketqua) values ('2788','11','78.5')
insert into Ketqua(MaBN,MaXN,Ketqua) values ('2788','12','10.7')
insert into Ketqua(MaBN,MaXN,Ketqua) values ('2788','13','0.15')
insert into Ketqua(MaBN,MaXN,Ketqua) values ('2788','14','7.4')
insert into Ketqua(MaBN,MaXN,Ketqua) values ('2788','15','17.1')
insert into Ketqua(MaBN,MaXN,Ketqua) values ('2789','16','')
insert into Ketqua(MaBN,MaXN,Ketqua) values ('2789','17','')
insert into Ketqua(MaBN,MaXN,Ketqua) values ('2789','1','10.2')
insert into Ketqua(MaBN,MaXN,Ketqua) values ('2789','2','4.13')
insert into Ketqua(MaBN,MaXN,Ketqua) values ('2789','3','11.9')
insert into Ketqua(MaBN,MaXN,Ketqua) values ('2789','4','39.1')
insert into Ketqua(MaBN,MaXN,Ketqua) values ('2789','5','94.7')
insert into Ketqua(MaBN,MaXN,Ketqua) values ('2789','6','28.8')
insert into Ketqua(MaBN,MaXN,Ketqua) values ('2789','7','30.4')
insert into Ketqua(MaBN,MaXN,Ketqua) values ('2789','8','380')
insert into Ketqua(MaBN,MaXN,Ketqua) values ('2789','9','23.5')
insert into Ketqua(MaBN,MaXN,Ketqua) values ('2789','10','3.0')
insert into Ketqua(MaBN,MaXN,Ketqua) values ('2789','11','73.5')
insert into Ketqua(MaBN,MaXN,Ketqua) values ('2789','12','13.1')
insert into Ketqua(MaBN,MaXN,Ketqua) values ('2789','13','0.28')
insert into Ketqua(MaBN,MaXN,Ketqua) values ('2789','14','7.3')
insert into Ketqua(MaBN,MaXN,Ketqua) values ('2789','15','17.1')
insert into Ketqua(MaBN,MaXN,Ketqua) values ('2789','16','( B )')
insert into Ketqua(MaBN,MaXN,Ketqua) values ('2789','17','( + )')
insert into Ketqua(MaBN,MaXN,Ketqua) values ('2790','18','')
insert into Ketqua(MaBN,MaXN,Ketqua) values ('2790','19','ÂM TÍNH')
insert into Ketqua(MaBN,MaXN,Ketqua) values ('2791','20','')
insert into Ketqua(MaBN,MaXN,Ketqua) values ('2791','23','')
insert into Ketqua(MaBN,MaXN,Ketqua) values ('2791','1','11.7')
insert into Ketqua(MaBN,MaXN,Ketqua) values ('2791','2','4.9')
insert into Ketqua(MaBN,MaXN,Ketqua) values ('2791','3','14.3')
insert into Ketqua(MaBN,MaXN,Ketqua) values ('2791','4','45.8')
insert into Ketqua(MaBN,MaXN,Ketqua) values ('2791','5','93.5')
insert into Ketqua(MaBN,MaXN,Ketqua) values ('2791','6','29.2')
insert into Ketqua(MaBN,MaXN,Ketqua) values ('2791','7','31.2')
insert into Ketqua(MaBN,MaXN,Ketqua) values ('2791','8','268')
insert into Ketqua(MaBN,MaXN,Ketqua) values ('2791','9','44.0')
insert into Ketqua(MaBN,MaXN,Ketqua) values ('2791','10','6.6')
insert into Ketqua(MaBN,MaXN,Ketqua) values ('2791','11','49.4')
insert into Ketqua(MaBN,MaXN,Ketqua) values ('2791','12','13.7')
insert into Ketqua(MaBN,MaXN,Ketqua) values ('2791','13','0.23')
insert into Ketqua(MaBN,MaXN,Ketqua) values ('2791','14','8.6')
insert into Ketqua(MaBN,MaXN,Ketqua) values ('2791','15','17.5')
insert into Ketqua(MaBN,MaXN,Ketqua) values ('2792','16','')
insert into Ketqua(MaBN,MaXN,Ketqua) values ('2792','17','ÂM TÍNH')
insert into Ketqua(MaBN,MaXN,Ketqua) values ('2792','20','')
insert into Ketqua(MaBN,MaXN,Ketqua) values ('2792','30','27')
insert into Ketqua(MaBN,MaXN,Ketqua) values ('2792','40','24')
insert into Ketqua(MaBN,MaXN,Ketqua) values ('2792','44','38')
insert into Ketqua(MaBN,MaXN,Ketqua) values ('2793','45','')
insert into Ketqua(MaBN,MaXN,Ketqua) values ('2793','46','')
insert into Ketqua(MaBN,MaXN,Ketqua) values ('2793','1','6.57')
insert into Ketqua(MaBN,MaXN,Ketqua) values ('2793','2','5.54')
insert into Ketqua(MaBN,MaXN,Ketqua) values ('2793','3','14.2')
insert into Ketqua(MaBN,MaXN,Ketqua) values ('2793','4','43.4')
insert into Ketqua(MaBN,MaXN,Ketqua) values ('2793','5','78.3')
insert into Ketqua(MaBN,MaXN,Ketqua) values ('2793','6','25.6')
insert into Ketqua(MaBN,MaXN,Ketqua) values ('2793','7','32.7')
insert into Ketqua(MaBN,MaXN,Ketqua) values ('2793','8','255')
insert into Ketqua(MaBN,MaXN,Ketqua) values ('2793','9','26.5')
insert into Ketqua(MaBN,MaXN,Ketqua) values ('2793','10','14.2')
insert into Ketqua(MaBN,MaXN,Ketqua) values ('2793','11','59.3')
insert into Ketqua(MaBN,MaXN,Ketqua) values ('2793','12','14.7')
insert into Ketqua(MaBN,MaXN,Ketqua) values ('2793','13','0.23')
insert into Ketqua(MaBN,MaXN,Ketqua) values ('2793','14','9.1')
insert into Ketqua(MaBN,MaXN,Ketqua) values ('2793','15','14.0')
insert into Ketqua(MaBN,MaXN,Ketqua) values ('2793','16','')
insert into Ketqua(MaBN,MaXN,Ketqua) values ('2793','17','')
insert into Ketqua(MaBN,MaXN,Ketqua) values ('2793','39','')
insert into Ketqua(MaBN,MaXN,Ketqua) values ('2793','39','')
insert into Ketqua(MaBN,MaXN,Ketqua) values ('2793','39','')
insert into Ketqua(MaBN,MaXN,Ketqua) values ('2793','39','21')
insert into Ketqua(MaBN,MaXN,Ketqua) values ('2793','40','35')
insert into Ketqua(MaBN,MaXN,Ketqua) values ('2793','44','0.6')
insert into Ketqua(MaBN,MaXN,Ketqua) values ('2793','45','209')
insert into Ketqua(MaBN,MaXN,Ketqua) values ('2793','47','4.7')
insert into Ketqua(MaBN,MaXN,Ketqua) values ('2793','48','128')
insert into Ketqua(MaBN,MaXN,Ketqua) values ('2793','49','')
insert into Ketqua(MaBN,MaXN,Ketqua) values ('2793','41','')
insert into Ketqua(MaBN,MaXN,Ketqua) values ('2793','39','')
insert into Ketqua(MaBN,MaXN,Ketqua) values ('2793','39','')
insert into Ketqua(MaBN,MaXN,Ketqua) values ('2793','39','')
insert into Ketqua(MaBN,MaXN,Ketqua) values ('2794','39','')
insert into Ketqua(MaBN,MaXN,Ketqua) values ('2794','39','( O )')
insert into Ketqua(MaBN,MaXN,Ketqua) values ('2794','1','( + )')
insert into Ketqua(MaBN,MaXN,Ketqua) values ('2794','18','')
insert into Ketqua(MaBN,MaXN,Ketqua) values ('2794','19','ÂM TÍNH')
insert into Ketqua(MaBN,MaXN,Ketqua) values ('2794','20','ÂM TÍNH')
insert into Ketqua(MaBN,MaXN,Ketqua) values ('2795','23','')
insert into Ketqua(MaBN,MaXN,Ketqua) values ('2795','24','832')
insert into Ketqua(MaBN,MaXN,Ketqua) values ('2796','20','')
insert into Ketqua(MaBN,MaXN,Ketqua) values ('2796','31','4.2')
insert into Ketqua(MaBN,MaXN,Ketqua) values ('2796','20','0.7')
insert into Ketqua(MaBN,MaXN,Ketqua) values ('2797','27','')
insert into Ketqua(MaBN,MaXN,Ketqua) values ('2797','29','96.3')
insert into Ketqua(MaBN,MaXN,Ketqua) values ('2798','20','')
insert into Ketqua(MaBN,MaXN,Ketqua) values ('2798','31','')
insert into Ketqua(MaBN,MaXN,Ketqua) values ('2798','1','10.8')
insert into Ketqua(MaBN,MaXN,Ketqua) values ('2798','2','4.1')
insert into Ketqua(MaBN,MaXN,Ketqua) values ('2798','3','11.4')
insert into Ketqua(MaBN,MaXN,Ketqua) values ('2798','4','34.2')
insert into Ketqua(MaBN,MaXN,Ketqua) values ('2798','5','83.4')
insert into Ketqua(MaBN,MaXN,Ketqua) values ('2798','6','27.8')
insert into Ketqua(MaBN,MaXN,Ketqua) values ('2798','7','33.3')
insert into Ketqua(MaBN,MaXN,Ketqua) values ('2798','8','233')
insert into Ketqua(MaBN,MaXN,Ketqua) values ('2798','9','18.3')
insert into Ketqua(MaBN,MaXN,Ketqua) values ('2798','10','3.0')
insert into Ketqua(MaBN,MaXN,Ketqua) values ('2798','11','78.7')
insert into Ketqua(MaBN,MaXN,Ketqua) values ('2798','12','10.0')
insert into Ketqua(MaBN,MaXN,Ketqua) values ('2798','13','0.16')
insert into Ketqua(MaBN,MaXN,Ketqua) values ('2798','14','6.8')
insert into Ketqua(MaBN,MaXN,Ketqua) values ('2798','15','18.1')
insert into Ketqua(MaBN,MaXN,Ketqua) values ('2798','16','( A )')
insert into Ketqua(MaBN,MaXN,Ketqua) values ('2798','17','( + )')
insert into Ketqua(MaBN,MaXN,Ketqua) values ('2798','18','')
insert into Ketqua(MaBN,MaXN,Ketqua) values ('2785','19','ÂM TÍNH 1.3')
insert into Ketqua(MaBN,MaXN,Ketqua) values ('2785','20','ÂM TÍNH 0.34')
insert into Ketqua(MaBN,MaXN,Ketqua) values ('2785','25','')
insert into Ketqua(MaBN,MaXN,Ketqua) values ('2785','26','')
insert into Ketqua(MaBN,MaXN,Ketqua) values ('2796','39','1.2')
insert into Ketqua(MaBN,MaXN,Ketqua) values ('2798','40','ÂM TÍNH')
insert into Ketqua(MaBN,MaXN,Ketqua) values ('2798','28','ÂM TÍNH')
insert into Ketqua(MaBN,MaXN,Ketqua) values ('2798','21','ÂM TÍNH')
insert into Ketqua(MaBN,MaXN,Ketqua) values ('2798','22','ÂM TÍNH')
insert into Ketqua(MaBN,MaXN,Ketqua) values ('2798','23','2.4')
insert into Ketqua(MaBN,MaXN,Ketqua) values ('2798','24','0.9')
insert into Ketqua(MaBN,MaXN,Ketqua) values ('2798','27','0.4')
insert into Ketqua(MaBN,MaXN,Ketqua) values ('2798','28','')
insert into Ketqua(MaBN,MaXN,Ketqua) values ('2798','29','98')
insert into Ketqua(MaBN,MaXN,Ketqua) values ('2798','40','5.3')
insert into Ketqua(MaBN,MaXN,Ketqua) values ('2799','41','')
insert into Ketqua(MaBN,MaXN,Ketqua) values ('2799','42','')
insert into Ketqua(MaBN,MaXN,Ketqua) values ('2799','1','8.3')
insert into Ketqua(MaBN,MaXN,Ketqua) values ('2799','2','4.32')
insert into Ketqua(MaBN,MaXN,Ketqua) values ('2799','3','12.9')
insert into Ketqua(MaBN,MaXN,Ketqua) values ('2799','4','39.4')
insert into Ketqua(MaBN,MaXN,Ketqua) values ('2799','5','91.2')
insert into Ketqua(MaBN,MaXN,Ketqua) values ('2799','6','29.9')
insert into Ketqua(MaBN,MaXN,Ketqua) values ('2799','7','32.7')
insert into Ketqua(MaBN,MaXN,Ketqua) values ('2799','8','203')
insert into Ketqua(MaBN,MaXN,Ketqua) values ('2799','9','27.3')
insert into Ketqua(MaBN,MaXN,Ketqua) values ('2799','10','2.9')
insert into Ketqua(MaBN,MaXN,Ketqua) values ('2799','11','69.8')
insert into Ketqua(MaBN,MaXN,Ketqua) values ('2799','12','12.6')
insert into Ketqua(MaBN,MaXN,Ketqua) values ('2799','13','0.14')
insert into Ketqua(MaBN,MaXN,Ketqua) values ('2799','14','7.1')
insert into Ketqua(MaBN,MaXN,Ketqua) values ('2799','15','17.6')
insert into Ketqua(MaBN,MaXN,Ketqua) values ('2799','16','( AB )')
insert into Ketqua(MaBN,MaXN,Ketqua) values ('2799','17','( + )')
insert into Ketqua(MaBN,MaXN,Ketqua) values ('2799','18','')
insert into Ketqua(MaBN,MaXN,Ketqua) values ('2799','19','ÂM TÍNH')
insert into Ketqua(MaBN,MaXN,Ketqua) values ('2799','20','ÂM TÍNH')
insert into Ketqua(MaBN,MaXN,Ketqua) values ('2799','21','ÂM TÍNH')
insert into Ketqua(MaBN,MaXN,Ketqua) values ('2799','22','ÂM TÍNH')
insert into Ketqua(MaBN,MaXN,Ketqua) values ('2799','23','3.6')
insert into Ketqua(MaBN,MaXN,Ketqua) values ('2799','24','1.2')
insert into Ketqua(MaBN,MaXN,Ketqua) values ('2799','27','0.5')
insert into Ketqua(MaBN,MaXN,Ketqua) values ('2799','28','')
insert into Ketqua(MaBN,MaXN,Ketqua) values ('2799','29','107')
insert into Ketqua(MaBN,MaXN,Ketqua) values ('2799','40','5.0')
insert into Ketqua(MaBN,MaXN,Ketqua) values ('2800','41','')
insert into Ketqua(MaBN,MaXN,Ketqua) values ('2800','42','')
insert into Ketqua(MaBN,MaXN,Ketqua) values ('2800','1','7.3')
insert into Ketqua(MaBN,MaXN,Ketqua) values ('2800','2','4.0')
insert into Ketqua(MaBN,MaXN,Ketqua) values ('2800','3','11.2')
insert into Ketqua(MaBN,MaXN,Ketqua) values ('2800','4','37.4')
insert into Ketqua(MaBN,MaXN,Ketqua) values ('2800','5','93.5')
insert into Ketqua(MaBN,MaXN,Ketqua) values ('2800','6','28.0')
insert into Ketqua(MaBN,MaXN,Ketqua) values ('2800','7','29.9')
insert into Ketqua(MaBN,MaXN,Ketqua) values ('2800','8','267')
insert into Ketqua(MaBN,MaXN,Ketqua) values ('2800','9','29.2')
insert into Ketqua(MaBN,MaXN,Ketqua) values ('2800','10','2.0')
insert into Ketqua(MaBN,MaXN,Ketqua) values ('2800','11','68.8')
insert into Ketqua(MaBN,MaXN,Ketqua) values ('2800','12','12.8')
insert into Ketqua(MaBN,MaXN,Ketqua) values ('2800','13','0.25')
insert into Ketqua(MaBN,MaXN,Ketqua) values ('2800','14','9.4')
insert into Ketqua(MaBN,MaXN,Ketqua) values ('2800','15','16.3')
insert into Ketqua(MaBN,MaXN,Ketqua) values ('2800','16','( O )')
insert into Ketqua(MaBN,MaXN,Ketqua) values ('2800','17','( + )')
insert into Ketqua(MaBN,MaXN,Ketqua) values ('2800','18','')
insert into Ketqua(MaBN,MaXN,Ketqua) values ('2800','19','ÂM TÍNH')
insert into Ketqua(MaBN,MaXN,Ketqua) values ('2800','20','ÂM TÍNH')
insert into Ketqua(MaBN,MaXN,Ketqua) values ('2800','21','ÂM TÍNH')
insert into Ketqua(MaBN,MaXN,Ketqua) values ('2800','22','ÂM TÍNH')
insert into Ketqua(MaBN,MaXN,Ketqua) values ('2800','23','DƯƠNG TÍNH 36.0')
insert into Ketqua(MaBN,MaXN,Ketqua) values ('2800','24','ÂM TÍNH 0.24')
insert into Ketqua(MaBN,MaXN,Ketqua) values ('2800','25','4.1')
insert into Ketqua(MaBN,MaXN,Ketqua) values ('2800','26','1.0')
insert into Ketqua(MaBN,MaXN,Ketqua) values ('2800','27','1.3')
insert into Ketqua(MaBN,MaXN,Ketqua) values ('2800','28','')
insert into Ketqua(MaBN,MaXN,Ketqua) values ('2800','29','83')
insert into Ketqua(MaBN,MaXN,Ketqua) values ('2800','40','4.6')
insert into Ketqua(MaBN,MaXN,Ketqua) values ('2801','41','')
insert into Ketqua(MaBN,MaXN,Ketqua) values ('2801','42','DƯƠNG TÍNH 19.3')
insert into Ketqua(MaBN,MaXN,Ketqua) values ('2801','20','ÂM TÍNH 0.32')
insert into Ketqua(MaBN,MaXN,Ketqua) values ('2802','25','')
insert into Ketqua(MaBN,MaXN,Ketqua) values ('2802','26','')
insert into Ketqua(MaBN,MaXN,Ketqua) values ('2802','1','5.7')
insert into Ketqua(MaBN,MaXN,Ketqua) values ('2802','2','3.69')
insert into Ketqua(MaBN,MaXN,Ketqua) values ('2802','3','10.4')
insert into Ketqua(MaBN,MaXN,Ketqua) values ('2802','4','32.9')
insert into Ketqua(MaBN,MaXN,Ketqua) values ('2802','5','89.2')
insert into Ketqua(MaBN,MaXN,Ketqua) values ('2802','6','28.2')
insert into Ketqua(MaBN,MaXN,Ketqua) values ('2802','7','31.6')
insert into Ketqua(MaBN,MaXN,Ketqua) values ('2802','8','189')
insert into Ketqua(MaBN,MaXN,Ketqua) values ('2802','9','60.4')
insert into Ketqua(MaBN,MaXN,Ketqua) values ('2802','10','6.7')
insert into Ketqua(MaBN,MaXN,Ketqua) values ('2802','11','32.9')
insert into Ketqua(MaBN,MaXN,Ketqua) values ('2802','12','13.1')
insert into Ketqua(MaBN,MaXN,Ketqua) values ('2802','13','0.13')
insert into Ketqua(MaBN,MaXN,Ketqua) values ('2802','14','7.1')
insert into Ketqua(MaBN,MaXN,Ketqua) values ('2802','15','16.4')
insert into Ketqua(MaBN,MaXN,Ketqua) values ('2802','16','(AB)')
insert into Ketqua(MaBN,MaXN,Ketqua) values ('2802','17','(+)')
insert into Ketqua(MaBN,MaXN,Ketqua) values ('2802','18','')
insert into Ketqua(MaBN,MaXN,Ketqua) values ('2802','19','ÂM TÍNH')
insert into Ketqua(MaBN,MaXN,Ketqua) values ('2802','20','ÂM TÍNH')
insert into Ketqua(MaBN,MaXN,Ketqua) values ('2802','21','ÂM TÍNH')
insert into Ketqua(MaBN,MaXN,Ketqua) values ('2802','22','ÂM TÍNH')
insert into Ketqua(MaBN,MaXN,Ketqua) values ('2802','23','DƯƠNG TÍNH 67.0')
insert into Ketqua(MaBN,MaXN,Ketqua) values ('2802','24','ÂM TÍNH 0.35')
insert into Ketqua(MaBN,MaXN,Ketqua) values ('2802','25','2.5')
insert into Ketqua(MaBN,MaXN,Ketqua) values ('2802','26','0.9')
insert into Ketqua(MaBN,MaXN,Ketqua) values ('2802','27','3.8')
insert into Ketqua(MaBN,MaXN,Ketqua) values ('2802','28','')
insert into Ketqua(MaBN,MaXN,Ketqua) values ('2802','29','99')
insert into Ketqua(MaBN,MaXN,Ketqua) values ('2802','40','5.3')
insert into Ketqua(MaBN,MaXN,Ketqua) values ('2803','41','')
insert into Ketqua(MaBN,MaXN,Ketqua) values ('2803','42','')
insert into Ketqua(MaBN,MaXN,Ketqua) values ('2803','1','7.1')
insert into Ketqua(MaBN,MaXN,Ketqua) values ('2803','2','3.95')
insert into Ketqua(MaBN,MaXN,Ketqua) values ('2803','3','10.6')
insert into Ketqua(MaBN,MaXN,Ketqua) values ('2803','4','33.1')
insert into Ketqua(MaBN,MaXN,Ketqua) values ('2803','5','83.6')
insert into Ketqua(MaBN,MaXN,Ketqua) values ('2803','6','27.0')
insert into Ketqua(MaBN,MaXN,Ketqua) values ('2803','7','32.0')
insert into Ketqua(MaBN,MaXN,Ketqua) values ('2803','8','299')
insert into Ketqua(MaBN,MaXN,Ketqua) values ('2803','9','35.2')
insert into Ketqua(MaBN,MaXN,Ketqua) values ('2803','10','1.6')
insert into Ketqua(MaBN,MaXN,Ketqua) values ('2803','11','63.2')
insert into Ketqua(MaBN,MaXN,Ketqua) values ('2803','12','10.6')
insert into Ketqua(MaBN,MaXN,Ketqua) values ('2803','13','0.21')
insert into Ketqua(MaBN,MaXN,Ketqua) values ('2803','14','7.1')
insert into Ketqua(MaBN,MaXN,Ketqua) values ('2803','15','16.4')
insert into Ketqua(MaBN,MaXN,Ketqua) values ('2803','16','(O)')
insert into Ketqua(MaBN,MaXN,Ketqua) values ('2803','17','(+)')
insert into Ketqua(MaBN,MaXN,Ketqua) values ('2803','18','')
insert into Ketqua(MaBN,MaXN,Ketqua) values ('2803','19','ÂM TÍNH')
insert into Ketqua(MaBN,MaXN,Ketqua) values ('2803','20','ÂM TÍNH')
insert into Ketqua(MaBN,MaXN,Ketqua) values ('2803','21','ÂM TÍNH')
insert into Ketqua(MaBN,MaXN,Ketqua) values ('2803','22','ÂM TÍNH')
insert into Ketqua(MaBN,MaXN,Ketqua) values ('2803','23','ÂM TÍNH 0.8')
insert into Ketqua(MaBN,MaXN,Ketqua) values ('2803','24','ÂM TÍNH 0.15')
insert into Ketqua(MaBN,MaXN,Ketqua) values ('2803','25','2.5')
insert into Ketqua(MaBN,MaXN,Ketqua) values ('2803','26','0.7')
insert into Ketqua(MaBN,MaXN,Ketqua) values ('2803','27','0.3')
insert into Ketqua(MaBN,MaXN,Ketqua) values ('2803','28','')
insert into Ketqua(MaBN,MaXN,Ketqua) values ('2803','29','102')
insert into Ketqua(MaBN,MaXN,Ketqua) values ('2803','40','4.9')
insert into Ketqua(MaBN,MaXN,Ketqua) values ('2804','41','')
insert into Ketqua(MaBN,MaXN,Ketqua) values ('2804','42','')
insert into Ketqua(MaBN,MaXN,Ketqua) values ('2804','1','9.8')
insert into Ketqua(MaBN,MaXN,Ketqua) values ('2804','2','3.78')
insert into Ketqua(MaBN,MaXN,Ketqua) values ('2804','3','10.8')
insert into Ketqua(MaBN,MaXN,Ketqua) values ('2804','4','33.4')
insert into Ketqua(MaBN,MaXN,Ketqua) values ('2804','5','88.4')
insert into Ketqua(MaBN,MaXN,Ketqua) values ('2804','6','28.6')
insert into Ketqua(MaBN,MaXN,Ketqua) values ('2804','7','32.3')
insert into Ketqua(MaBN,MaXN,Ketqua) values ('2804','8','213')
insert into Ketqua(MaBN,MaXN,Ketqua) values ('2804','9','29.0')
insert into Ketqua(MaBN,MaXN,Ketqua) values ('2804','10','1.1')
insert into Ketqua(MaBN,MaXN,Ketqua) values ('2804','11','69.9')
insert into Ketqua(MaBN,MaXN,Ketqua) values ('2804','12','12.1')
insert into Ketqua(MaBN,MaXN,Ketqua) values ('2804','13','0.17')
insert into Ketqua(MaBN,MaXN,Ketqua) values ('2804','14','8.2')
insert into Ketqua(MaBN,MaXN,Ketqua) values ('2804','15','16.4')
insert into Ketqua(MaBN,MaXN,Ketqua) values ('2804','16','(B)')
insert into Ketqua(MaBN,MaXN,Ketqua) values ('2804','17','(+)')
insert into Ketqua(MaBN,MaXN,Ketqua) values ('2804','18','')
insert into Ketqua(MaBN,MaXN,Ketqua) values ('2804','19','ÂM TÍNH')
insert into Ketqua(MaBN,MaXN,Ketqua) values ('2804','20','ÂM TÍNH')
insert into Ketqua(MaBN,MaXN,Ketqua) values ('2804','21','ÂM TÍNH')
insert into Ketqua(MaBN,MaXN,Ketqua) values ('2804','22','ÂM TÍNH')
insert into Ketqua(MaBN,MaXN,Ketqua) values ('2804','23','4.1')
insert into Ketqua(MaBN,MaXN,Ketqua) values ('2804','24','1.0')
insert into Ketqua(MaBN,MaXN,Ketqua) values ('2804','27','1.0')
insert into Ketqua(MaBN,MaXN,Ketqua) values ('2804','28','')
insert into Ketqua(MaBN,MaXN,Ketqua) values ('2804','29','95')
insert into Ketqua(MaBN,MaXN,Ketqua) values ('2804','40','5.1')
insert into Ketqua(MaBN,MaXN,Ketqua) values ('2805','41','')
insert into Ketqua(MaBN,MaXN,Ketqua) values ('2805','42','(B)')
insert into Ketqua(MaBN,MaXN,Ketqua) values ('2805','1','(+)')
insert into Ketqua(MaBN,MaXN,Ketqua) values ('2805','18','')
insert into Ketqua(MaBN,MaXN,Ketqua) values ('2805','19','ÂM TÍNH')
insert into Ketqua(MaBN,MaXN,Ketqua) values ('2805','20','ÂM TÍNH')
insert into Ketqua(MaBN,MaXN,Ketqua) values ('2805','21','ÂM TÍNH')
insert into Ketqua(MaBN,MaXN,Ketqua) values ('2805','22','3.6')
insert into Ketqua(MaBN,MaXN,Ketqua) values ('2805','23','1.2')
insert into Ketqua(MaBN,MaXN,Ketqua) values ('2805','27','0.5')
insert into Ketqua(MaBN,MaXN,Ketqua) values ('2805','28','')
insert into Ketqua(MaBN,MaXN,Ketqua) values ('2805','29','83')
insert into Ketqua(MaBN,MaXN,Ketqua) values ('2805','40','4.7')
insert into Ketqua(MaBN,MaXN,Ketqua) values ('2806','41','')
insert into Ketqua(MaBN,MaXN,Ketqua) values ('2806','42','')
insert into Ketqua(MaBN,MaXN,Ketqua) values ('2806','1','9.1')
insert into Ketqua(MaBN,MaXN,Ketqua) values ('2806','2','4.15')
insert into Ketqua(MaBN,MaXN,Ketqua) values ('2806','3','11.6')
insert into Ketqua(MaBN,MaXN,Ketqua) values ('2806','4','37.5')
insert into Ketqua(MaBN,MaXN,Ketqua) values ('2806','5','90.4')
insert into Ketqua(MaBN,MaXN,Ketqua) values ('2806','6','28.0')
insert into Ketqua(MaBN,MaXN,Ketqua) values ('2806','7','30.9')
insert into Ketqua(MaBN,MaXN,Ketqua) values ('2806','8','245')
insert into Ketqua(MaBN,MaXN,Ketqua) values ('2806','9','30.7')
insert into Ketqua(MaBN,MaXN,Ketqua) values ('2806','10','25.1')
insert into Ketqua(MaBN,MaXN,Ketqua) values ('2806','11','44.2')
insert into Ketqua(MaBN,MaXN,Ketqua) values ('2806','12','14.7')
insert into Ketqua(MaBN,MaXN,Ketqua) values ('2806','13','0.22')
insert into Ketqua(MaBN,MaXN,Ketqua) values ('2806','14','8.8')
insert into Ketqua(MaBN,MaXN,Ketqua) values ('2806','15','16.0')
insert into Ketqua(MaBN,MaXN,Ketqua) values ('2806','16','(O)')
insert into Ketqua(MaBN,MaXN,Ketqua) values ('2806','17','(+)')
insert into Ketqua(MaBN,MaXN,Ketqua) values ('2806','18','')
insert into Ketqua(MaBN,MaXN,Ketqua) values ('2806','19','ÂM TÍNH')
insert into Ketqua(MaBN,MaXN,Ketqua) values ('2806','20','ÂM TÍNH')
insert into Ketqua(MaBN,MaXN,Ketqua) values ('2806','21','ÂM TÍNH')
insert into Ketqua(MaBN,MaXN,Ketqua) values ('2806','22','ÂM TÍNH')
insert into Ketqua(MaBN,MaXN,Ketqua) values ('2806','23','DƯƠNG TÍNH 102.5')
insert into Ketqua(MaBN,MaXN,Ketqua) values ('2805','24','ÂM TÍNH')
insert into Ketqua(MaBN,MaXN,Ketqua) values ('2805','25','DƯƠNG TÍNH 90.5')
insert into Ketqua(MaBN,MaXN,Ketqua) values ('2805','24','ÂM TÍNH 0.25')
insert into Ketqua(MaBN,MaXN,Ketqua) values ('2806','25','ÂM TÍNH 0.13')
insert into Ketqua(MaBN,MaXN,Ketqua) values ('2806','26','3.8')
insert into Ketqua(MaBN,MaXN,Ketqua) values ('2806','26','1.5')
insert into Ketqua(MaBN,MaXN,Ketqua) values ('2806','27','1.6')
insert into Ketqua(MaBN,MaXN,Ketqua) values ('2806','28','')
insert into Ketqua(MaBN,MaXN,Ketqua) values ('2806','29','90')
insert into Ketqua(MaBN,MaXN,Ketqua) values ('2806','40','4.5')
insert into Ketqua(MaBN,MaXN,Ketqua) values ('2807','41','')
insert into Ketqua(MaBN,MaXN,Ketqua) values ('2807','42','')
insert into Ketqua(MaBN,MaXN,Ketqua) values ('2807','1','8.8')
insert into Ketqua(MaBN,MaXN,Ketqua) values ('2807','2','3.9')
insert into Ketqua(MaBN,MaXN,Ketqua) values ('2807','3','12.3')
insert into Ketqua(MaBN,MaXN,Ketqua) values ('2807','4','36.7')
insert into Ketqua(MaBN,MaXN,Ketqua) values ('2807','5','94.1')
insert into Ketqua(MaBN,MaXN,Ketqua) values ('2807','6','31.5')
insert into Ketqua(MaBN,MaXN,Ketqua) values ('2807','7','33.5')
insert into Ketqua(MaBN,MaXN,Ketqua) values ('2807','8','250')
insert into Ketqua(MaBN,MaXN,Ketqua) values ('2807','9','35.7')
insert into Ketqua(MaBN,MaXN,Ketqua) values ('2807','10','3.6')
insert into Ketqua(MaBN,MaXN,Ketqua) values ('2807','11','60.7')
insert into Ketqua(MaBN,MaXN,Ketqua) values ('2807','12','10.9')
insert into Ketqua(MaBN,MaXN,Ketqua) values ('2807','13','0.19')
insert into Ketqua(MaBN,MaXN,Ketqua) values ('2807','14','7.4')
insert into Ketqua(MaBN,MaXN,Ketqua) values ('2807','15','16.0')
insert into Ketqua(MaBN,MaXN,Ketqua) values ('2807','16','(O)')
insert into Ketqua(MaBN,MaXN,Ketqua) values ('2807','17','(+)')
insert into Ketqua(MaBN,MaXN,Ketqua) values ('2807','18','')
insert into Ketqua(MaBN,MaXN,Ketqua) values ('2807','19','ÂM TÍNH')
insert into Ketqua(MaBN,MaXN,Ketqua) values ('2807','20','ÂM TÍNH')
insert into Ketqua(MaBN,MaXN,Ketqua) values ('2807','21','ÂM TÍNH')
insert into Ketqua(MaBN,MaXN,Ketqua) values ('2807','22','ÂM TÍNH')
insert into Ketqua(MaBN,MaXN,Ketqua) values ('2807','23','2.9')
insert into Ketqua(MaBN,MaXN,Ketqua) values ('2807','24','0.9')
insert into Ketqua(MaBN,MaXN,Ketqua) values ('2807','27','1.0')
insert into Ketqua(MaBN,MaXN,Ketqua) values ('2807','28','')
insert into Ketqua(MaBN,MaXN,Ketqua) values ('2807','29','126')
insert into Ketqua(MaBN,MaXN,Ketqua) values ('2807','40','5.4')
insert into Ketqua(MaBN,MaXN,Ketqua) values ('2808','41','')
insert into Ketqua(MaBN,MaXN,Ketqua) values ('2808','42','')
insert into Ketqua(MaBN,MaXN,Ketqua) values ('2808','1','10.9')
insert into Ketqua(MaBN,MaXN,Ketqua) values ('2808','2','3.91')
insert into Ketqua(MaBN,MaXN,Ketqua) values ('2808','3','11.5')
insert into Ketqua(MaBN,MaXN,Ketqua) values ('2808','4','37.4')
insert into Ketqua(MaBN,MaXN,Ketqua) values ('2808','5','95.7')
insert into Ketqua(MaBN,MaXN,Ketqua) values ('2808','6','29.4')
insert into Ketqua(MaBN,MaXN,Ketqua) values ('2808','7','30.7')
insert into Ketqua(MaBN,MaXN,Ketqua) values ('2808','8','185')
insert into Ketqua(MaBN,MaXN,Ketqua) values ('2808','9','22.4')
insert into Ketqua(MaBN,MaXN,Ketqua) values ('2808','10','8.5')
insert into Ketqua(MaBN,MaXN,Ketqua) values ('2808','11','69.1')
insert into Ketqua(MaBN,MaXN,Ketqua) values ('2808','12','14.0')
insert into Ketqua(MaBN,MaXN,Ketqua) values ('2808','13','0.14')
insert into Ketqua(MaBN,MaXN,Ketqua) values ('2808','14','7.7')
insert into Ketqua(MaBN,MaXN,Ketqua) values ('2808','15','16.1')
insert into Ketqua(MaBN,MaXN,Ketqua) values ('2808','16','')
insert into Ketqua(MaBN,MaXN,Ketqua) values ('2808','17','ÂM TÍNH')
insert into Ketqua(MaBN,MaXN,Ketqua) values ('2808','20','ÂM TÍNH')
insert into Ketqua(MaBN,MaXN,Ketqua) values ('2808','21','ÂM TÍNH')
insert into Ketqua(MaBN,MaXN,Ketqua) values ('2808','22','ÂM TÍNH')
insert into Ketqua(MaBN,MaXN,Ketqua) values ('2808','23','2.0')
insert into Ketqua(MaBN,MaXN,Ketqua) values ('2808','24','0.7')
insert into Ketqua(MaBN,MaXN,Ketqua) values ('2808','27','2.7')
insert into Ketqua(MaBN,MaXN,Ketqua) values ('2808','28','')
insert into Ketqua(MaBN,MaXN,Ketqua) values ('2808','29','132')
insert into Ketqua(MaBN,MaXN,Ketqua) values ('2808','40','4.9')
insert into Ketqua(MaBN,MaXN,Ketqua) values ('2808','41','')
insert into Ketqua(MaBN,MaXN,Ketqua) values ('2809','42','')
insert into Ketqua(MaBN,MaXN,Ketqua) values ('2809','39','79.5')
insert into Ketqua(MaBN,MaXN,Ketqua) values ('2810','20','')
insert into Ketqua(MaBN,MaXN,Ketqua) values ('2810','31','')
insert into Ketqua(MaBN,MaXN,Ketqua) values ('2810','1','8.25')
insert into Ketqua(MaBN,MaXN,Ketqua) values ('2810','2','4.74')
insert into Ketqua(MaBN,MaXN,Ketqua) values ('2810','3','13.0')
insert into Ketqua(MaBN,MaXN,Ketqua) values ('2810','4','39.2')
insert into Ketqua(MaBN,MaXN,Ketqua) values ('2810','5','82.7')
insert into Ketqua(MaBN,MaXN,Ketqua) values ('2810','6','27.4')
insert into Ketqua(MaBN,MaXN,Ketqua) values ('2810','7','33.2')
insert into Ketqua(MaBN,MaXN,Ketqua) values ('2810','8','288')
insert into Ketqua(MaBN,MaXN,Ketqua) values ('2810','9','29.6')
insert into Ketqua(MaBN,MaXN,Ketqua) values ('2810','10','5.4')
insert into Ketqua(MaBN,MaXN,Ketqua) values ('2810','11','65.0')
insert into Ketqua(MaBN,MaXN,Ketqua) values ('2810','12','11.3')
insert into Ketqua(MaBN,MaXN,Ketqua) values ('2810','13','0.18')
insert into Ketqua(MaBN,MaXN,Ketqua) values ('2810','14','8.6')
insert into Ketqua(MaBN,MaXN,Ketqua) values ('2810','15','17.0')
insert into Ketqua(MaBN,MaXN,Ketqua) values ('2811','16','')
insert into Ketqua(MaBN,MaXN,Ketqua) values ('2811','17','23')
insert into Ketqua(MaBN,MaXN,Ketqua) values ('2811','40','19')
insert into Ketqua(MaBN,MaXN,Ketqua) values ('2811','44','15')
insert into Ketqua(MaBN,MaXN,Ketqua) values ('2811','45','0.7')
insert into Ketqua(MaBN,MaXN,Ketqua) values ('2811','46','214')
insert into Ketqua(MaBN,MaXN,Ketqua) values ('2811','47','112')
insert into Ketqua(MaBN,MaXN,Ketqua) values ('2811','48','5.1')
insert into Ketqua(MaBN,MaXN,Ketqua) values ('2812','41','')
insert into Ketqua(MaBN,MaXN,Ketqua) values ('2812','49','1.3')
insert into Ketqua(MaBN,MaXN,Ketqua) values ('2813','20','')
insert into Ketqua(MaBN,MaXN,Ketqua) values ('2813','31','')
insert into Ketqua(MaBN,MaXN,Ketqua) values ('2813','1','5.8')
insert into Ketqua(MaBN,MaXN,Ketqua) values ('2813','2','4.0')
insert into Ketqua(MaBN,MaXN,Ketqua) values ('2813','3','11.5')
insert into Ketqua(MaBN,MaXN,Ketqua) values ('2813','4','35.7')
insert into Ketqua(MaBN,MaXN,Ketqua) values ('2813','5','89.3')
insert into Ketqua(MaBN,MaXN,Ketqua) values ('2813','6','28.8')
insert into Ketqua(MaBN,MaXN,Ketqua) values ('2813','7','32.2')
insert into Ketqua(MaBN,MaXN,Ketqua) values ('2813','8','199')
insert into Ketqua(MaBN,MaXN,Ketqua) values ('2813','9','35.0')
insert into Ketqua(MaBN,MaXN,Ketqua) values ('2813','10','6.4')
insert into Ketqua(MaBN,MaXN,Ketqua) values ('2813','11','58.6')
insert into Ketqua(MaBN,MaXN,Ketqua) values ('2813','12','10.8')
insert into Ketqua(MaBN,MaXN,Ketqua) values ('2813','13','0.13')
insert into Ketqua(MaBN,MaXN,Ketqua) values ('2813','14','6.7')
insert into Ketqua(MaBN,MaXN,Ketqua) values ('2813','15','18.1')
insert into Ketqua(MaBN,MaXN,Ketqua) values ('2813','16','( B )')
insert into Ketqua(MaBN,MaXN,Ketqua) values ('2813','17','( + )')
insert into Ketqua(MaBN,MaXN,Ketqua) values ('2813','18','')
insert into Ketqua(MaBN,MaXN,Ketqua) values ('2813','19','ÂM TÍNH')
insert into Ketqua(MaBN,MaXN,Ketqua) values ('2813','20','ÂM TÍNH')
insert into Ketqua(MaBN,MaXN,Ketqua) values ('2813','21','ÂM TÍNH')
insert into Ketqua(MaBN,MaXN,Ketqua) values ('2813','22','')
insert into Ketqua(MaBN,MaXN,Ketqua) values ('2813','23','')
insert into Ketqua(MaBN,MaXN,Ketqua) values ('2813','40','')
insert into Ketqua(MaBN,MaXN,Ketqua) values ('2813','41','')
insert into Ketqua(MaBN,MaXN,Ketqua) values ('2813','39','ÂM TÍNH')
insert into Ketqua(MaBN,MaXN,Ketqua) values ('2814','39','')
insert into Ketqua(MaBN,MaXN,Ketqua) values ('2814','24','')
insert into Ketqua(MaBN,MaXN,Ketqua) values ('2814','1','8.7')
insert into Ketqua(MaBN,MaXN,Ketqua) values ('2814','2','4.32')
insert into Ketqua(MaBN,MaXN,Ketqua) values ('2814','3','12.1')
insert into Ketqua(MaBN,MaXN,Ketqua) values ('2814','4','37.8')
insert into Ketqua(MaBN,MaXN,Ketqua) values ('2814','5','87.5')
insert into Ketqua(MaBN,MaXN,Ketqua) values ('2814','6','28.0')
insert into Ketqua(MaBN,MaXN,Ketqua) values ('2814','7','32.0')
insert into Ketqua(MaBN,MaXN,Ketqua) values ('2814','8','165')
insert into Ketqua(MaBN,MaXN,Ketqua) values ('2814','9','29.8')
insert into Ketqua(MaBN,MaXN,Ketqua) values ('2814','10','2.9')
insert into Ketqua(MaBN,MaXN,Ketqua) values ('2814','11','67.3')
insert into Ketqua(MaBN,MaXN,Ketqua) values ('2814','12','13.8')
insert into Ketqua(MaBN,MaXN,Ketqua) values ('2814','13','0.16')
insert into Ketqua(MaBN,MaXN,Ketqua) values ('2814','14','9.9')
insert into Ketqua(MaBN,MaXN,Ketqua) values ('2814','15','16.9')
insert into Ketqua(MaBN,MaXN,Ketqua) values ('2814','16','( A )')
insert into Ketqua(MaBN,MaXN,Ketqua) values ('2814','17','( + )')
insert into Ketqua(MaBN,MaXN,Ketqua) values ('2814','18','')
insert into Ketqua(MaBN,MaXN,Ketqua) values ('2814','19','DƯƠNG TÍNH')
insert into Ketqua(MaBN,MaXN,Ketqua) values ('2814','20','ÂM TÍNH')
insert into Ketqua(MaBN,MaXN,Ketqua) values ('2814','21','ÂM TÍNH')
insert into Ketqua(MaBN,MaXN,Ketqua) values ('2814','22','ÂM TÍNH')
insert into Ketqua(MaBN,MaXN,Ketqua) values ('2814','23','ÂM TÍNH 0.3')
insert into Ketqua(MaBN,MaXN,Ketqua) values ('2814','24','ÂM TÍNH 0.15')
insert into Ketqua(MaBN,MaXN,Ketqua) values ('2814','25','2.0')
insert into Ketqua(MaBN,MaXN,Ketqua) values ('2814','26','0.7')
insert into Ketqua(MaBN,MaXN,Ketqua) values ('2814','27','4.2')
insert into Ketqua(MaBN,MaXN,Ketqua) values ('2814','28','')
insert into Ketqua(MaBN,MaXN,Ketqua) values ('2814','29','118')
insert into Ketqua(MaBN,MaXN,Ketqua) values ('2814','40','5.1')
insert into Ketqua(MaBN,MaXN,Ketqua) values ('2815','41','')
insert into Ketqua(MaBN,MaXN,Ketqua) values ('2815','42','')
insert into Ketqua(MaBN,MaXN,Ketqua) values ('2815','1','9.8')
insert into Ketqua(MaBN,MaXN,Ketqua) values ('2815','2','3.47')
insert into Ketqua(MaBN,MaXN,Ketqua) values ('2815','3','9.9')
insert into Ketqua(MaBN,MaXN,Ketqua) values ('2815','4','30.6')
insert into Ketqua(MaBN,MaXN,Ketqua) values ('2815','5','88.2')
insert into Ketqua(MaBN,MaXN,Ketqua) values ('2815','6','28.5')
insert into Ketqua(MaBN,MaXN,Ketqua) values ('2815','7','32.4')
insert into Ketqua(MaBN,MaXN,Ketqua) values ('2815','8','214')
insert into Ketqua(MaBN,MaXN,Ketqua) values ('2815','9','24.5')
insert into Ketqua(MaBN,MaXN,Ketqua) values ('2815','10','2.4')
insert into Ketqua(MaBN,MaXN,Ketqua) values ('2815','11','73.1')
insert into Ketqua(MaBN,MaXN,Ketqua) values ('2815','12','11.1')
insert into Ketqua(MaBN,MaXN,Ketqua) values ('2815','13','0.18')
insert into Ketqua(MaBN,MaXN,Ketqua) values ('2815','14','8.6')
insert into Ketqua(MaBN,MaXN,Ketqua) values ('2815','15','17.0')
insert into Ketqua(MaBN,MaXN,Ketqua) values ('2815','16','( B )')
insert into Ketqua(MaBN,MaXN,Ketqua) values ('2815','17','( + )')
insert into Ketqua(MaBN,MaXN,Ketqua) values ('2815','18','')
insert into Ketqua(MaBN,MaXN,Ketqua) values ('2815','19','ÂM TÍNH')
insert into Ketqua(MaBN,MaXN,Ketqua) values ('2815','20','ÂM TÍNH')
insert into Ketqua(MaBN,MaXN,Ketqua) values ('2815','21','ÂM TÍNH')
insert into Ketqua(MaBN,MaXN,Ketqua) values ('2815','22','ÂM TÍNH')
insert into Ketqua(MaBN,MaXN,Ketqua) values ('2815','23','DƯƠNG TÍNH 29.6')
insert into Ketqua(MaBN,MaXN,Ketqua) values ('2815','24','ÂM TÍNH 0.14')
insert into Ketqua(MaBN,MaXN,Ketqua) values ('2815','25','2.6')
insert into Ketqua(MaBN,MaXN,Ketqua) values ('2815','26','0.8')
insert into Ketqua(MaBN,MaXN,Ketqua) values ('2815','27','1.1')
insert into Ketqua(MaBN,MaXN,Ketqua) values ('2815','28','')
insert into Ketqua(MaBN,MaXN,Ketqua) values ('2815','29','89')
insert into Ketqua(MaBN,MaXN,Ketqua) values ('2815','40','4.7')
insert into Ketqua(MaBN,MaXN,Ketqua) values ('2816','41','')
insert into Ketqua(MaBN,MaXN,Ketqua) values ('2816','42','ÂM TÍNH')
insert into Ketqua(MaBN,MaXN,Ketqua) values ('2816','20','ÂM TÍNH')
insert into Ketqua(MaBN,MaXN,Ketqua) values ('2816','21','DƯƠNG TÍNH 39.0')
insert into Ketqua(MaBN,MaXN,Ketqua) values ('2816','22','ÂM TÍNH 0.22')
insert into Ketqua(MaBN,MaXN,Ketqua) values ('2816','25','')
insert into Ketqua(MaBN,MaXN,Ketqua) values ('2816','26','4.3')
insert into Ketqua(MaBN,MaXN,Ketqua) values ('2817','40','')
insert into Ketqua(MaBN,MaXN,Ketqua) values ('2817','42','ÂM TÍNH 0.6')
insert into Ketqua(MaBN,MaXN,Ketqua) values ('2817','20','ÂM TÍNH 0.41')
insert into Ketqua(MaBN,MaXN,Ketqua) values ('2818','25','')
insert into Ketqua(MaBN,MaXN,Ketqua) values ('2818','26','')
insert into Ketqua(MaBN,MaXN,Ketqua) values ('2818','1','10.7')
insert into Ketqua(MaBN,MaXN,Ketqua) values ('2818','2','4.46')
insert into Ketqua(MaBN,MaXN,Ketqua) values ('2818','3','12.7')
insert into Ketqua(MaBN,MaXN,Ketqua) values ('2818','4','40.8')
insert into Ketqua(MaBN,MaXN,Ketqua) values ('2818','5','91.5')
insert into Ketqua(MaBN,MaXN,Ketqua) values ('2818','6','28.5')
insert into Ketqua(MaBN,MaXN,Ketqua) values ('2818','7','31.1')
insert into Ketqua(MaBN,MaXN,Ketqua) values ('2818','8','271')
insert into Ketqua(MaBN,MaXN,Ketqua) values ('2818','9','25.0')
insert into Ketqua(MaBN,MaXN,Ketqua) values ('2818','10','1.9')
insert into Ketqua(MaBN,MaXN,Ketqua) values ('2818','11','73.1')
insert into Ketqua(MaBN,MaXN,Ketqua) values ('2818','12','13.7')
insert into Ketqua(MaBN,MaXN,Ketqua) values ('2818','13','0.2')
insert into Ketqua(MaBN,MaXN,Ketqua) values ('2818','14','7.5')
insert into Ketqua(MaBN,MaXN,Ketqua) values ('2818','15','16.1')
insert into Ketqua(MaBN,MaXN,Ketqua) values ('2818','16','( O )')
insert into Ketqua(MaBN,MaXN,Ketqua) values ('2818','17','( + )')
insert into Ketqua(MaBN,MaXN,Ketqua) values ('2818','18','')
insert into Ketqua(MaBN,MaXN,Ketqua) values ('2818','19','ÂM TÍNH')
insert into Ketqua(MaBN,MaXN,Ketqua) values ('2818','20','ÂM TÍNH')
insert into Ketqua(MaBN,MaXN,Ketqua) values ('2818','21','ÂM TÍNH')
insert into Ketqua(MaBN,MaXN,Ketqua) values ('2818','22','ÂM TÍNH')
insert into Ketqua(MaBN,MaXN,Ketqua) values ('2818','23','ÂM TÍNH 1.2')
insert into Ketqua(MaBN,MaXN,Ketqua) values ('2818','24','ÂM TÍNH 0.38')
insert into Ketqua(MaBN,MaXN,Ketqua) values ('2818','25','2.6')
insert into Ketqua(MaBN,MaXN,Ketqua) values ('2818','26','0.9')
insert into Ketqua(MaBN,MaXN,Ketqua) values ('2818','27','1.5')
insert into Ketqua(MaBN,MaXN,Ketqua) values ('2818','28','')
insert into Ketqua(MaBN,MaXN,Ketqua) values ('2818','29','96')
insert into Ketqua(MaBN,MaXN,Ketqua) values ('2818','40','4.9')
insert into Ketqua(MaBN,MaXN,Ketqua) values ('2819','41','')
insert into Ketqua(MaBN,MaXN,Ketqua) values ('2819','42','ÂM TÍNH')
insert into Ketqua(MaBN,MaXN,Ketqua) values ('2819','20','ÂM TÍNH')
insert into Ketqua(MaBN,MaXN,Ketqua) values ('2819','24','DƯƠNG TÍNH 14.3')
insert into Ketqua(MaBN,MaXN,Ketqua) values ('2819','23','ÂM TÍNH 0.28')
insert into Ketqua(MaBN,MaXN,Ketqua) values ('2820','25','')
insert into Ketqua(MaBN,MaXN,Ketqua) values ('2820','26','')
insert into Ketqua(MaBN,MaXN,Ketqua) values ('2820','1','9.5')
insert into Ketqua(MaBN,MaXN,Ketqua) values ('2820','2','4.36')
insert into Ketqua(MaBN,MaXN,Ketqua) values ('2820','3','12.5')
insert into Ketqua(MaBN,MaXN,Ketqua) values ('2820','4','40.9')
insert into Ketqua(MaBN,MaXN,Ketqua) values ('2820','5','93.8')
insert into Ketqua(MaBN,MaXN,Ketqua) values ('2820','6','28.7')
insert into Ketqua(MaBN,MaXN,Ketqua) values ('2820','7','30.6')
insert into Ketqua(MaBN,MaXN,Ketqua) values ('2820','8','237')
insert into Ketqua(MaBN,MaXN,Ketqua) values ('2820','9','18.2')
insert into Ketqua(MaBN,MaXN,Ketqua) values ('2820','10','1.8')
insert into Ketqua(MaBN,MaXN,Ketqua) values ('2820','11','80.0')
insert into Ketqua(MaBN,MaXN,Ketqua) values ('2820','12','13.4')
insert into Ketqua(MaBN,MaXN,Ketqua) values ('2820','13','0.19')
insert into Ketqua(MaBN,MaXN,Ketqua) values ('2820','14','8.0')
insert into Ketqua(MaBN,MaXN,Ketqua) values ('2820','15','16.3')
insert into Ketqua(MaBN,MaXN,Ketqua) values ('2820','16','( A )')
insert into Ketqua(MaBN,MaXN,Ketqua) values ('2820','17','( + )')
insert into Ketqua(MaBN,MaXN,Ketqua) values ('2820','18','')
insert into Ketqua(MaBN,MaXN,Ketqua) values ('2820','19','ÂM TÍNH')
insert into Ketqua(MaBN,MaXN,Ketqua) values ('2820','20','ÂM TÍNH')
insert into Ketqua(MaBN,MaXN,Ketqua) values ('2820','21','ÂM TÍNH')
insert into Ketqua(MaBN,MaXN,Ketqua) values ('2820','22','ÂM TÍNH')
insert into Ketqua(MaBN,MaXN,Ketqua) values ('2820','23','ÂM TÍNH 2.1')
insert into Ketqua(MaBN,MaXN,Ketqua) values ('2820','24','ÂM TÍNH 0.17')
insert into Ketqua(MaBN,MaXN,Ketqua) values ('2820','25','2.2')
insert into Ketqua(MaBN,MaXN,Ketqua) values ('2820','26','1.0')
insert into Ketqua(MaBN,MaXN,Ketqua) values ('2820','27','0.8')
insert into Ketqua(MaBN,MaXN,Ketqua) values ('2820','28','')
insert into Ketqua(MaBN,MaXN,Ketqua) values ('2820','29','102')
insert into Ketqua(MaBN,MaXN,Ketqua) values ('2820','40','5.1')
insert into Ketqua(MaBN,MaXN,Ketqua) values ('2821','41','')
insert into Ketqua(MaBN,MaXN,Ketqua) values ('2821','42','')
insert into Ketqua(MaBN,MaXN,Ketqua) values ('2821','1','11.2')
insert into Ketqua(MaBN,MaXN,Ketqua) values ('2821','2','5.0')
insert into Ketqua(MaBN,MaXN,Ketqua) values ('2821','3','10.2')
insert into Ketqua(MaBN,MaXN,Ketqua) values ('2821','4','32.5')
insert into Ketqua(MaBN,MaXN,Ketqua) values ('2821','5','65.0')
insert into Ketqua(MaBN,MaXN,Ketqua) values ('2821','6','20.4')
insert into Ketqua(MaBN,MaXN,Ketqua) values ('2821','7','31.4')
insert into Ketqua(MaBN,MaXN,Ketqua) values ('2821','8','355')
insert into Ketqua(MaBN,MaXN,Ketqua) values ('2821','9','31.4')
insert into Ketqua(MaBN,MaXN,Ketqua) values ('2821','10','2.2')
insert into Ketqua(MaBN,MaXN,Ketqua) values ('2821','11','66.4')
insert into Ketqua(MaBN,MaXN,Ketqua) values ('2821','12','12.1')
insert into Ketqua(MaBN,MaXN,Ketqua) values ('2821','13','0.27')
insert into Ketqua(MaBN,MaXN,Ketqua) values ('2821','14','7.5')
insert into Ketqua(MaBN,MaXN,Ketqua) values ('2821','15','15.5')
insert into Ketqua(MaBN,MaXN,Ketqua) values ('2821','16','( A )')
insert into Ketqua(MaBN,MaXN,Ketqua) values ('2821','17','( + )')
insert into Ketqua(MaBN,MaXN,Ketqua) values ('2821','18','')
insert into Ketqua(MaBN,MaXN,Ketqua) values ('2821','19','ÂM TÍNH')
insert into Ketqua(MaBN,MaXN,Ketqua) values ('2821','20','ÂM TÍNH')
insert into Ketqua(MaBN,MaXN,Ketqua) values ('2821','21','ÂM TÍNH')
insert into Ketqua(MaBN,MaXN,Ketqua) values ('2821','22','ÂM TÍNH')
insert into Ketqua(MaBN,MaXN,Ketqua) values ('2821','23','ÂM TÍNH 0.91')
insert into Ketqua(MaBN,MaXN,Ketqua) values ('2821','24','ÂM TÍNH 0.32')
insert into Ketqua(MaBN,MaXN,Ketqua) values ('2821','25','4.0')
insert into Ketqua(MaBN,MaXN,Ketqua) values ('2821','26','0.7')
insert into Ketqua(MaBN,MaXN,Ketqua) values ('2821','27','2.1')
insert into Ketqua(MaBN,MaXN,Ketqua) values ('2821','28','')
insert into Ketqua(MaBN,MaXN,Ketqua) values ('2821','29','126')
insert into Ketqua(MaBN,MaXN,Ketqua) values ('2821','40','5.0')
insert into Ketqua(MaBN,MaXN,Ketqua) values ('2822','41','')
insert into Ketqua(MaBN,MaXN,Ketqua) values ('2822','42','')
insert into Ketqua(MaBN,MaXN,Ketqua) values ('2822','1','7.1')
insert into Ketqua(MaBN,MaXN,Ketqua) values ('2822','2','3.5')
insert into Ketqua(MaBN,MaXN,Ketqua) values ('2822','3','10.3')
insert into Ketqua(MaBN,MaXN,Ketqua) values ('2822','4','32.1')
insert into Ketqua(MaBN,MaXN,Ketqua) values ('2822','5','91.7')
insert into Ketqua(MaBN,MaXN,Ketqua) values ('2822','6','29.4')
insert into Ketqua(MaBN,MaXN,Ketqua) values ('2822','7','32.1')
insert into Ketqua(MaBN,MaXN,Ketqua) values ('2822','8','198')
insert into Ketqua(MaBN,MaXN,Ketqua) values ('2822','9','35.4')
insert into Ketqua(MaBN,MaXN,Ketqua) values ('2822','10','1.7')
insert into Ketqua(MaBN,MaXN,Ketqua) values ('2822','11','62.9')
insert into Ketqua(MaBN,MaXN,Ketqua) values ('2822','12','11.9')
insert into Ketqua(MaBN,MaXN,Ketqua) values ('2822','13','0.21')
insert into Ketqua(MaBN,MaXN,Ketqua) values ('2822','14','10.5')
insert into Ketqua(MaBN,MaXN,Ketqua) values ('2822','15','16.7')
insert into Ketqua(MaBN,MaXN,Ketqua) values ('2822','16','( A )')
insert into Ketqua(MaBN,MaXN,Ketqua) values ('2822','17','( + )')
insert into Ketqua(MaBN,MaXN,Ketqua) values ('2822','18','')
insert into Ketqua(MaBN,MaXN,Ketqua) values ('2822','19','ÂM TÍNH')
insert into Ketqua(MaBN,MaXN,Ketqua) values ('2822','20','ÂM TÍNH')
insert into Ketqua(MaBN,MaXN,Ketqua) values ('2822','21','ÂM TÍNH')
insert into Ketqua(MaBN,MaXN,Ketqua) values ('2822','23','DƯƠNG TÍNH 81.0')
insert into Ketqua(MaBN,MaXN,Ketqua) values ('2822','24','ÂM TÍNH 0.18')
insert into Ketqua(MaBN,MaXN,Ketqua) values ('2822','25','')
insert into Ketqua(MaBN,MaXN,Ketqua) values ('2822','26','')
insert into Ketqua(MaBN,MaXN,Ketqua) values ('2822','39','118')
insert into Ketqua(MaBN,MaXN,Ketqua) values ('2823','40','')
insert into Ketqua(MaBN,MaXN,Ketqua) values ('2823','41','')
insert into Ketqua(MaBN,MaXN,Ketqua) values ('2823','1','6.4')
insert into Ketqua(MaBN,MaXN,Ketqua) values ('2823','2','4.85')
insert into Ketqua(MaBN,MaXN,Ketqua) values ('2823','3','13.3')
insert into Ketqua(MaBN,MaXN,Ketqua) values ('2823','4','43.6')
insert into Ketqua(MaBN,MaXN,Ketqua) values ('2823','5','89.9')
insert into Ketqua(MaBN,MaXN,Ketqua) values ('2823','6','27.4')
insert into Ketqua(MaBN,MaXN,Ketqua) values ('2823','7','30.5')
insert into Ketqua(MaBN,MaXN,Ketqua) values ('2823','8','126')
insert into Ketqua(MaBN,MaXN,Ketqua) values ('2823','9','37.5')
insert into Ketqua(MaBN,MaXN,Ketqua) values ('2823','10','6.0')
insert into Ketqua(MaBN,MaXN,Ketqua) values ('2823','11','56.5')
insert into Ketqua(MaBN,MaXN,Ketqua) values ('2823','12','12.6')
insert into Ketqua(MaBN,MaXN,Ketqua) values ('2823','13','0.18')
insert into Ketqua(MaBN,MaXN,Ketqua) values ('2823','14','7.7')
insert into Ketqua(MaBN,MaXN,Ketqua) values ('2823','15','17.2')
insert into Ketqua(MaBN,MaXN,Ketqua) values ('2823','16','( B )')
insert into Ketqua(MaBN,MaXN,Ketqua) values ('2823','17','( + )')
insert into Ketqua(MaBN,MaXN,Ketqua) values ('2823','18','')
insert into Ketqua(MaBN,MaXN,Ketqua) values ('2823','19','ÂM TÍNH')
insert into Ketqua(MaBN,MaXN,Ketqua) values ('2823','20','ÂM TÍNH')
insert into Ketqua(MaBN,MaXN,Ketqua) values ('2823','21','ÂM TÍNH')
insert into Ketqua(MaBN,MaXN,Ketqua) values ('2823','23','ÂM TÍNH 0.4')
insert into Ketqua(MaBN,MaXN,Ketqua) values ('2823','24','ÂM TÍNH 0.33')
insert into Ketqua(MaBN,MaXN,Ketqua) values ('2823','25','')
insert into Ketqua(MaBN,MaXN,Ketqua) values ('2823','26','')
insert into Ketqua(MaBN,MaXN,Ketqua) values ('2823','39','102')
insert into Ketqua(MaBN,MaXN,Ketqua) values ('2824','40','')
insert into Ketqua(MaBN,MaXN,Ketqua) values ('2824','41','')
insert into Ketqua(MaBN,MaXN,Ketqua) values ('2824','1','13.66')
insert into Ketqua(MaBN,MaXN,Ketqua) values ('2824','2','4.61')
insert into Ketqua(MaBN,MaXN,Ketqua) values ('2824','3','13.2')
insert into Ketqua(MaBN,MaXN,Ketqua) values ('2824','4','39.5')
insert into Ketqua(MaBN,MaXN,Ketqua) values ('2824','5','85.1')
insert into Ketqua(MaBN,MaXN,Ketqua) values ('2824','6','28.4')
insert into Ketqua(MaBN,MaXN,Ketqua) values ('2824','7','33.4')
insert into Ketqua(MaBN,MaXN,Ketqua) values ('2824','8','304')
insert into Ketqua(MaBN,MaXN,Ketqua) values ('2824','9','14.3')
insert into Ketqua(MaBN,MaXN,Ketqua) values ('2824','10','76.9')
insert into Ketqua(MaBN,MaXN,Ketqua) values ('2824','11','8.8')
insert into Ketqua(MaBN,MaXN,Ketqua) values ('2824','12','14.1')
insert into Ketqua(MaBN,MaXN,Ketqua) values ('2824','13','0.26')
insert into Ketqua(MaBN,MaXN,Ketqua) values ('2824','14','8.5')
insert into Ketqua(MaBN,MaXN,Ketqua) values ('2824','15','16.4')
insert into Ketqua(MaBN,MaXN,Ketqua) values ('2825','16','')
insert into Ketqua(MaBN,MaXN,Ketqua) values ('2825','17','15.5')
insert into Ketqua(MaBN,MaXN,Ketqua) values ('2826','20','')
insert into Ketqua(MaBN,MaXN,Ketqua) values ('2826','31','65.1')
insert into Ketqua(MaBN,MaXN,Ketqua) values ('2827','20','')
insert into Ketqua(MaBN,MaXN,Ketqua) values ('2827','31','')
insert into Ketqua(MaBN,MaXN,Ketqua) values ('2827','1','11.0')
insert into Ketqua(MaBN,MaXN,Ketqua) values ('2827','2','4.38')
insert into Ketqua(MaBN,MaXN,Ketqua) values ('2827','3','11.9')
insert into Ketqua(MaBN,MaXN,Ketqua) values ('2827','4','36.9')
insert into Ketqua(MaBN,MaXN,Ketqua) values ('2827','5','84.2')
insert into Ketqua(MaBN,MaXN,Ketqua) values ('2827','6','27.2')
insert into Ketqua(MaBN,MaXN,Ketqua) values ('2827','7','32.2')
insert into Ketqua(MaBN,MaXN,Ketqua) values ('2827','8','260')
insert into Ketqua(MaBN,MaXN,Ketqua) values ('2827','9','24.3')
insert into Ketqua(MaBN,MaXN,Ketqua) values ('2827','10','3.8')
insert into Ketqua(MaBN,MaXN,Ketqua) values ('2827','11','71.9')
insert into Ketqua(MaBN,MaXN,Ketqua) values ('2827','12','10.3')
insert into Ketqua(MaBN,MaXN,Ketqua) values ('2827','13','0.22')
insert into Ketqua(MaBN,MaXN,Ketqua) values ('2827','14','8.3')
insert into Ketqua(MaBN,MaXN,Ketqua) values ('2827','15','17.5')
insert into Ketqua(MaBN,MaXN,Ketqua) values ('2827','16','( B )')
insert into Ketqua(MaBN,MaXN,Ketqua) values ('2827','17','( + )')
insert into Ketqua(MaBN,MaXN,Ketqua) values ('2827','18','')
insert into Ketqua(MaBN,MaXN,Ketqua) values ('2827','19','ÂM TÍNH')
insert into Ketqua(MaBN,MaXN,Ketqua) values ('2827','20','ÂM TÍNH')
insert into Ketqua(MaBN,MaXN,Ketqua) values ('2827','21','ÂM TÍNH')
insert into Ketqua(MaBN,MaXN,Ketqua) values ('2827','22','ÂM TÍNH')
insert into Ketqua(MaBN,MaXN,Ketqua) values ('2827','23','')
insert into Ketqua(MaBN,MaXN,Ketqua) values ('2827','24','')
insert into Ketqua(MaBN,MaXN,Ketqua) values ('2827','39','')
insert into Ketqua(MaBN,MaXN,Ketqua) values ('2827','39','137')
insert into Ketqua(MaBN,MaXN,Ketqua) values ('2828','40','')
insert into Ketqua(MaBN,MaXN,Ketqua) values ('2828','41','')
insert into Ketqua(MaBN,MaXN,Ketqua) values ('2828','1','4.8')
insert into Ketqua(MaBN,MaXN,Ketqua) values ('2828','2','3.82')
insert into Ketqua(MaBN,MaXN,Ketqua) values ('2828','3','11.0')
insert into Ketqua(MaBN,MaXN,Ketqua) values ('2828','4','33.7')
insert into Ketqua(MaBN,MaXN,Ketqua) values ('2828','5','88.2')
insert into Ketqua(MaBN,MaXN,Ketqua) values ('2828','6','28.8')
insert into Ketqua(MaBN,MaXN,Ketqua) values ('2828','7','32.6')
insert into Ketqua(MaBN,MaXN,Ketqua) values ('2828','8','203')
insert into Ketqua(MaBN,MaXN,Ketqua) values ('2828','9','20.7')
insert into Ketqua(MaBN,MaXN,Ketqua) values ('2828','10','3.3')
insert into Ketqua(MaBN,MaXN,Ketqua) values ('2828','11','76.0')
insert into Ketqua(MaBN,MaXN,Ketqua) values ('2828','12','10.2')
insert into Ketqua(MaBN,MaXN,Ketqua) values ('2828','13','0.14')
insert into Ketqua(MaBN,MaXN,Ketqua) values ('2828','14','6.9')
insert into Ketqua(MaBN,MaXN,Ketqua) values ('2828','15','17.6')
insert into Ketqua(MaBN,MaXN,Ketqua) values ('2828','16','( B )')
insert into Ketqua(MaBN,MaXN,Ketqua) values ('2828','17','( + )')
insert into Ketqua(MaBN,MaXN,Ketqua) values ('2828','18','')
insert into Ketqua(MaBN,MaXN,Ketqua) values ('2828','19','ÂM TÍNH')
insert into Ketqua(MaBN,MaXN,Ketqua) values ('2828','20','ÂM TÍNH')
insert into Ketqua(MaBN,MaXN,Ketqua) values ('2828','21','ÂM TÍNH')
insert into Ketqua(MaBN,MaXN,Ketqua) values ('2828','22','')
insert into Ketqua(MaBN,MaXN,Ketqua) values ('2828','24','')
insert into Ketqua(MaBN,MaXN,Ketqua) values ('2828','39','')
insert into Ketqua(MaBN,MaXN,Ketqua) values ('2828','39','71')
insert into Ketqua(MaBN,MaXN,Ketqua) values ('2829','40','')
insert into Ketqua(MaBN,MaXN,Ketqua) values ('2829','41','ÂM TÍNH')
insert into Ketqua(MaBN,MaXN,Ketqua) values ('2830','20','')
insert into Ketqua(MaBN,MaXN,Ketqua) values ('2830','33','ÂM TÍNH')
insert into Ketqua(MaBN,MaXN,Ketqua) values ('2831','20','')
insert into Ketqua(MaBN,MaXN,Ketqua) values ('2831','33','')
insert into Ketqua(MaBN,MaXN,Ketqua) values ('2831','1','6.3')
insert into Ketqua(MaBN,MaXN,Ketqua) values ('2831','2','3.95')
insert into Ketqua(MaBN,MaXN,Ketqua) values ('2831','3','11.5')
insert into Ketqua(MaBN,MaXN,Ketqua) values ('2831','4','35.4')
insert into Ketqua(MaBN,MaXN,Ketqua) values ('2831','5','89.6')
insert into Ketqua(MaBN,MaXN,Ketqua) values ('2831','6','29.1')
insert into Ketqua(MaBN,MaXN,Ketqua) values ('2831','7','32.5')
insert into Ketqua(MaBN,MaXN,Ketqua) values ('2831','8','210')
insert into Ketqua(MaBN,MaXN,Ketqua) values ('2831','9','36.1')
insert into Ketqua(MaBN,MaXN,Ketqua) values ('2831','10','3.2')
insert into Ketqua(MaBN,MaXN,Ketqua) values ('2831','11','60.7')
insert into Ketqua(MaBN,MaXN,Ketqua) values ('2831','12','11.2')
insert into Ketqua(MaBN,MaXN,Ketqua) values ('2831','13','0.17')
insert into Ketqua(MaBN,MaXN,Ketqua) values ('2831','14','8.0')
insert into Ketqua(MaBN,MaXN,Ketqua) values ('2831','15','16.3')
insert into Ketqua(MaBN,MaXN,Ketqua) values ('2831','16','( B )')
insert into Ketqua(MaBN,MaXN,Ketqua) values ('2831','17','( + )')
insert into Ketqua(MaBN,MaXN,Ketqua) values ('2831','18','')
insert into Ketqua(MaBN,MaXN,Ketqua) values ('2831','19','DƯƠNG TÍNH')
insert into Ketqua(MaBN,MaXN,Ketqua) values ('2831','20','ÂM TÍNH')
insert into Ketqua(MaBN,MaXN,Ketqua) values ('2831','21','ÂM TÍNH')
insert into Ketqua(MaBN,MaXN,Ketqua) values ('2831','23','')
insert into Ketqua(MaBN,MaXN,Ketqua) values ('2831','24','')
insert into Ketqua(MaBN,MaXN,Ketqua) values ('2831','39','')
insert into Ketqua(MaBN,MaXN,Ketqua) values ('2831','39','')
insert into Ketqua(MaBN,MaXN,Ketqua) values ('2831','39','81')
insert into Ketqua(MaBN,MaXN,Ketqua) values ('2832','40','')
insert into Ketqua(MaBN,MaXN,Ketqua) values ('2832','41','84')
insert into Ketqua(MaBN,MaXN,Ketqua) values ('2832','40','132')
insert into Ketqua(MaBN,MaXN,Ketqua) values ('2833','43','')
insert into Ketqua(MaBN,MaXN,Ketqua) values ('2833','51','')
insert into Ketqua(MaBN,MaXN,Ketqua) values ('2833','1','10.3')
insert into Ketqua(MaBN,MaXN,Ketqua) values ('2833','2','3.96')
insert into Ketqua(MaBN,MaXN,Ketqua) values ('2833','3','11.8')
insert into Ketqua(MaBN,MaXN,Ketqua) values ('2833','4','36.6')
insert into Ketqua(MaBN,MaXN,Ketqua) values ('2833','5','89.5')
insert into Ketqua(MaBN,MaXN,Ketqua) values ('2833','6','28.8')
insert into Ketqua(MaBN,MaXN,Ketqua) values ('2833','7','31.6')
insert into Ketqua(MaBN,MaXN,Ketqua) values ('2833','8','289')
insert into Ketqua(MaBN,MaXN,Ketqua) values ('2833','9','26.2')
insert into Ketqua(MaBN,MaXN,Ketqua) values ('2833','10','2.5')
insert into Ketqua(MaBN,MaXN,Ketqua) values ('2833','11','71.3')
insert into Ketqua(MaBN,MaXN,Ketqua) values ('2833','12','13.0')
insert into Ketqua(MaBN,MaXN,Ketqua) values ('2833','13','0.21')
insert into Ketqua(MaBN,MaXN,Ketqua) values ('2833','14','7.3')
insert into Ketqua(MaBN,MaXN,Ketqua) values ('2833','15','16.5')
insert into Ketqua(MaBN,MaXN,Ketqua) values ('2833','16','( B )')
insert into Ketqua(MaBN,MaXN,Ketqua) values ('2833','17','( + )')
insert into Ketqua(MaBN,MaXN,Ketqua) values ('2833','18','')
insert into Ketqua(MaBN,MaXN,Ketqua) values ('2833','19','ÂM TÍNH')
insert into Ketqua(MaBN,MaXN,Ketqua) values ('2833','20','ÂM TÍNH')
insert into Ketqua(MaBN,MaXN,Ketqua) values ('2833','21','ÂM TÍNH')
insert into Ketqua(MaBN,MaXN,Ketqua) values ('2833','22','ÂM TÍNH')
insert into Ketqua(MaBN,MaXN,Ketqua) values ('2833','23','DƯƠNG TÍNH 125.3')
insert into Ketqua(MaBN,MaXN,Ketqua) values ('2833','24','ÂM TÍNH 0.15')
insert into Ketqua(MaBN,MaXN,Ketqua) values ('2833','25','2.6')
insert into Ketqua(MaBN,MaXN,Ketqua) values ('2833','26','0.9')
insert into Ketqua(MaBN,MaXN,Ketqua) values ('2833','27','3.2')
insert into Ketqua(MaBN,MaXN,Ketqua) values ('2833','28','')
insert into Ketqua(MaBN,MaXN,Ketqua) values ('2833','29','128')
insert into Ketqua(MaBN,MaXN,Ketqua) values ('2833','40','5.4')
insert into Ketqua(MaBN,MaXN,Ketqua) values ('2834','41','')
insert into Ketqua(MaBN,MaXN,Ketqua) values ('2834','42','')
insert into Ketqua(MaBN,MaXN,Ketqua) values ('2834','1','9.2')
insert into Ketqua(MaBN,MaXN,Ketqua) values ('2834','2','4.11')
insert into Ketqua(MaBN,MaXN,Ketqua) values ('2834','3','11.7')
insert into Ketqua(MaBN,MaXN,Ketqua) values ('2834','4','37.3')
insert into Ketqua(MaBN,MaXN,Ketqua) values ('2834','5','90.8')
insert into Ketqua(MaBN,MaXN,Ketqua) values ('2834','6','28.5')
insert into Ketqua(MaBN,MaXN,Ketqua) values ('2834','7','31.4')
insert into Ketqua(MaBN,MaXN,Ketqua) values ('2834','8','325')
insert into Ketqua(MaBN,MaXN,Ketqua) values ('2834','9','33.8')
insert into Ketqua(MaBN,MaXN,Ketqua) values ('2834','10','2.5')
insert into Ketqua(MaBN,MaXN,Ketqua) values ('2834','11','63.7')
insert into Ketqua(MaBN,MaXN,Ketqua) values ('2834','12','13.2')
insert into Ketqua(MaBN,MaXN,Ketqua) values ('2834','13','0.21')
insert into Ketqua(MaBN,MaXN,Ketqua) values ('2834','14','6.5')
insert into Ketqua(MaBN,MaXN,Ketqua) values ('2834','15','16.8')
insert into Ketqua(MaBN,MaXN,Ketqua) values ('2834','16','( O )')
insert into Ketqua(MaBN,MaXN,Ketqua) values ('2834','17','( + )')
insert into Ketqua(MaBN,MaXN,Ketqua) values ('2834','18','')
insert into Ketqua(MaBN,MaXN,Ketqua) values ('2834','19','ÂM TÍNH')
insert into Ketqua(MaBN,MaXN,Ketqua) values ('2834','20','ÂM TÍNH')
insert into Ketqua(MaBN,MaXN,Ketqua) values ('2834','21','ÂM TÍNH')
insert into Ketqua(MaBN,MaXN,Ketqua) values ('2834','22','ÂM TÍNH')
insert into Ketqua(MaBN,MaXN,Ketqua) values ('2834','23','DƯƠNG TÍNH 81.6')
insert into Ketqua(MaBN,MaXN,Ketqua) values ('2834','24','ÂM TÍNH 0.28')
insert into Ketqua(MaBN,MaXN,Ketqua) values ('2834','25','2.9')
insert into Ketqua(MaBN,MaXN,Ketqua) values ('2834','26','1.5')
insert into Ketqua(MaBN,MaXN,Ketqua) values ('2834','27','0.5')
insert into Ketqua(MaBN,MaXN,Ketqua) values ('2834','28','')
insert into Ketqua(MaBN,MaXN,Ketqua) values ('2834','29','94')
insert into Ketqua(MaBN,MaXN,Ketqua) values ('2834','40','4.7')
insert into Ketqua(MaBN,MaXN,Ketqua) values ('2835','41','')
insert into Ketqua(MaBN,MaXN,Ketqua) values ('2835','42','')
insert into Ketqua(MaBN,MaXN,Ketqua) values ('2835','1','10.8')
insert into Ketqua(MaBN,MaXN,Ketqua) values ('2835','2','4.08')
insert into Ketqua(MaBN,MaXN,Ketqua) values ('2835','3','11.5')
insert into Ketqua(MaBN,MaXN,Ketqua) values ('2835','4','36.5')
insert into Ketqua(MaBN,MaXN,Ketqua) values ('2835','5','90.4')
insert into Ketqua(MaBN,MaXN,Ketqua) values ('2835','6','28.2')
insert into Ketqua(MaBN,MaXN,Ketqua) values ('2835','7','32.9')
insert into Ketqua(MaBN,MaXN,Ketqua) values ('2835','8','279')
insert into Ketqua(MaBN,MaXN,Ketqua) values ('2835','9','11.6')
insert into Ketqua(MaBN,MaXN,Ketqua) values ('2835','10','2.6')
insert into Ketqua(MaBN,MaXN,Ketqua) values ('2835','11','85.8')
insert into Ketqua(MaBN,MaXN,Ketqua) values ('2835','12','13.8')
insert into Ketqua(MaBN,MaXN,Ketqua) values ('2835','13','0.25')
insert into Ketqua(MaBN,MaXN,Ketqua) values ('2835','14','8.8')
insert into Ketqua(MaBN,MaXN,Ketqua) values ('2835','15','17.1')
insert into Ketqua(MaBN,MaXN,Ketqua) values ('2835','16','( A )')
insert into Ketqua(MaBN,MaXN,Ketqua) values ('2835','17','( + )')
insert into Ketqua(MaBN,MaXN,Ketqua) values ('2835','18','')
insert into Ketqua(MaBN,MaXN,Ketqua) values ('2835','19','ÂM TÍNH')
insert into Ketqua(MaBN,MaXN,Ketqua) values ('2835','20','ÂM TÍNH')
insert into Ketqua(MaBN,MaXN,Ketqua) values ('2835','21','ÂM TÍNH')
insert into Ketqua(MaBN,MaXN,Ketqua) values ('2835','22','ÂM TÍNH')
insert into Ketqua(MaBN,MaXN,Ketqua) values ('2835','23','2.6')
insert into Ketqua(MaBN,MaXN,Ketqua) values ('2835','24','0.9')
insert into Ketqua(MaBN,MaXN,Ketqua) values ('2835','27','5.2')
insert into Ketqua(MaBN,MaXN,Ketqua) values ('2836','28','')
insert into Ketqua(MaBN,MaXN,Ketqua) values ('2836','42','')
insert into Ketqua(MaBN,MaXN,Ketqua) values ('2836','1','8.5')
insert into Ketqua(MaBN,MaXN,Ketqua) values ('2836','2','4.28')
insert into Ketqua(MaBN,MaXN,Ketqua) values ('2836','3','12.2')
insert into Ketqua(MaBN,MaXN,Ketqua) values ('2836','4','38.3')
insert into Ketqua(MaBN,MaXN,Ketqua) values ('2836','5','89.5')
insert into Ketqua(MaBN,MaXN,Ketqua) values ('2836','6','28.5')
insert into Ketqua(MaBN,MaXN,Ketqua) values ('2836','7','31.9')
insert into Ketqua(MaBN,MaXN,Ketqua) values ('2836','8','305')
insert into Ketqua(MaBN,MaXN,Ketqua) values ('2836','9','36.9')
insert into Ketqua(MaBN,MaXN,Ketqua) values ('2836','10','3.5')
insert into Ketqua(MaBN,MaXN,Ketqua) values ('2836','11','59.6')
insert into Ketqua(MaBN,MaXN,Ketqua) values ('2836','12','12.5')
insert into Ketqua(MaBN,MaXN,Ketqua) values ('2836','13','0.19')
insert into Ketqua(MaBN,MaXN,Ketqua) values ('2836','14','6.2')
insert into Ketqua(MaBN,MaXN,Ketqua) values ('2836','15','17.3')
insert into Ketqua(MaBN,MaXN,Ketqua) values ('2836','16','( A )')
insert into Ketqua(MaBN,MaXN,Ketqua) values ('2836','17','( + )')
insert into Ketqua(MaBN,MaXN,Ketqua) values ('2836','18','')
insert into Ketqua(MaBN,MaXN,Ketqua) values ('2836','19','ÂM TÍNH')
insert into Ketqua(MaBN,MaXN,Ketqua) values ('2836','20','ÂM TÍNH')
insert into Ketqua(MaBN,MaXN,Ketqua) values ('2836','21','ÂM TÍNH')
insert into Ketqua(MaBN,MaXN,Ketqua) values ('2836','22','ÂM TÍNH')
insert into Ketqua(MaBN,MaXN,Ketqua) values ('2836','23','DƯƠNG TÍNH 96.2')
insert into Ketqua(MaBN,MaXN,Ketqua) values ('2836','24','ÂM TÍNH 0.35')
insert into Ketqua(MaBN,MaXN,Ketqua) values ('2836','25','6.1')
insert into Ketqua(MaBN,MaXN,Ketqua) values ('2836','26','1.1')
insert into Ketqua(MaBN,MaXN,Ketqua) values ('2836','27','0.4')
insert into Ketqua(MaBN,MaXN,Ketqua) values ('2836','28','')
insert into Ketqua(MaBN,MaXN,Ketqua) values ('2836','29','4.9')
insert into Ketqua(MaBN,MaXN,Ketqua) values ('2837','40','')
insert into Ketqua(MaBN,MaXN,Ketqua) values ('2837','42','')
insert into Ketqua(MaBN,MaXN,Ketqua) values ('2837','1','10.8')
insert into Ketqua(MaBN,MaXN,Ketqua) values ('2837','2','4.94')
insert into Ketqua(MaBN,MaXN,Ketqua) values ('2837','3','13.9')
insert into Ketqua(MaBN,MaXN,Ketqua) values ('2837','4','45.2')
insert into Ketqua(MaBN,MaXN,Ketqua) values ('2837','5','91.5')
insert into Ketqua(MaBN,MaXN,Ketqua) values ('2837','6','28.1')
insert into Ketqua(MaBN,MaXN,Ketqua) values ('2837','7','30.8')
insert into Ketqua(MaBN,MaXN,Ketqua) values ('2837','8','158')
insert into Ketqua(MaBN,MaXN,Ketqua) values ('2837','9','25.4')
insert into Ketqua(MaBN,MaXN,Ketqua) values ('2837','10','9.7')
insert into Ketqua(MaBN,MaXN,Ketqua) values ('2837','11','64.9')
insert into Ketqua(MaBN,MaXN,Ketqua) values ('2837','12','13.5')
insert into Ketqua(MaBN,MaXN,Ketqua) values ('2837','13','0.14')
insert into Ketqua(MaBN,MaXN,Ketqua) values ('2837','14','8.9')
insert into Ketqua(MaBN,MaXN,Ketqua) values ('2837','15','17.1')
insert into Ketqua(MaBN,MaXN,Ketqua) values ('2837','16','( B )')
insert into Ketqua(MaBN,MaXN,Ketqua) values ('2837','17','( + )')
insert into Ketqua(MaBN,MaXN,Ketqua) values ('2837','18','')
insert into Ketqua(MaBN,MaXN,Ketqua) values ('2837','19','ÂM TÍNH')
insert into Ketqua(MaBN,MaXN,Ketqua) values ('2837','20','ÂM TÍNH')
insert into Ketqua(MaBN,MaXN,Ketqua) values ('2837','21','ÂM TÍNH')
insert into Ketqua(MaBN,MaXN,Ketqua) values ('2837','22','ÂM TÍNH')
insert into Ketqua(MaBN,MaXN,Ketqua) values ('2837','23','DƯƠNG TÍNH 40.6')
insert into Ketqua(MaBN,MaXN,Ketqua) values ('2837','24','ÂM TÍNH 0.19')
insert into Ketqua(MaBN,MaXN,Ketqua) values ('2837','25','3.1')
insert into Ketqua(MaBN,MaXN,Ketqua) values ('2837','26','0.9')
insert into Ketqua(MaBN,MaXN,Ketqua) values ('2837','27','4.0')
insert into Ketqua(MaBN,MaXN,Ketqua) values ('2837','28','')
insert into Ketqua(MaBN,MaXN,Ketqua) values ('2837','29','86')
insert into Ketqua(MaBN,MaXN,Ketqua) values ('2837','40','4.8')
insert into Ketqua(MaBN,MaXN,Ketqua) values ('2838','41','')
insert into Ketqua(MaBN,MaXN,Ketqua) values ('2838','42','')
insert into Ketqua(MaBN,MaXN,Ketqua) values ('2838','1','10.9')
insert into Ketqua(MaBN,MaXN,Ketqua) values ('2838','2','4.44')
insert into Ketqua(MaBN,MaXN,Ketqua) values ('2838','3','13.0')
insert into Ketqua(MaBN,MaXN,Ketqua) values ('2835','4','0.4')
insert into Ketqua(MaBN,MaXN,Ketqua) values ('2835','5','')
insert into Ketqua(MaBN,MaXN,Ketqua) values ('2835','29','90')
insert into Ketqua(MaBN,MaXN,Ketqua) values ('2836','40','97')
insert into Ketqua(MaBN,MaXN,Ketqua) values ('2838','41','39.3')
insert into Ketqua(MaBN,MaXN,Ketqua) values ('2838','41','88.5')
insert into Ketqua(MaBN,MaXN,Ketqua) values ('2838','6','29.3')
insert into Ketqua(MaBN,MaXN,Ketqua) values ('2838','7','33.1')
insert into Ketqua(MaBN,MaXN,Ketqua) values ('2838','8','298')
insert into Ketqua(MaBN,MaXN,Ketqua) values ('2838','9','31.9')
insert into Ketqua(MaBN,MaXN,Ketqua) values ('2838','10','2.1')
insert into Ketqua(MaBN,MaXN,Ketqua) values ('2838','11','66.0')
insert into Ketqua(MaBN,MaXN,Ketqua) values ('2838','12','11.4')
insert into Ketqua(MaBN,MaXN,Ketqua) values ('2838','13','0.26')
insert into Ketqua(MaBN,MaXN,Ketqua) values ('2838','14','8.7')
insert into Ketqua(MaBN,MaXN,Ketqua) values ('2838','15','17.0')
insert into Ketqua(MaBN,MaXN,Ketqua) values ('2838','16','( O )')
insert into Ketqua(MaBN,MaXN,Ketqua) values ('2838','17','( + )')
insert into Ketqua(MaBN,MaXN,Ketqua) values ('2838','18','')
insert into Ketqua(MaBN,MaXN,Ketqua) values ('2838','19','ÂM TÍNH')
insert into Ketqua(MaBN,MaXN,Ketqua) values ('2838','20','ÂM TÍNH')
insert into Ketqua(MaBN,MaXN,Ketqua) values ('2838','21','ÂM TÍNH')
insert into Ketqua(MaBN,MaXN,Ketqua) values ('2838','22','ÂM TÍNH')
insert into Ketqua(MaBN,MaXN,Ketqua) values ('2838','23','ÂM TÍNH 0.9')
insert into Ketqua(MaBN,MaXN,Ketqua) values ('2838','24','ÂM TÍNH 0.3')
insert into Ketqua(MaBN,MaXN,Ketqua) values ('2838','25','4.2')
insert into Ketqua(MaBN,MaXN,Ketqua) values ('2838','26','1.0')
insert into Ketqua(MaBN,MaXN,Ketqua) values ('2838','27','0.9')
insert into Ketqua(MaBN,MaXN,Ketqua) values ('2838','28','')
insert into Ketqua(MaBN,MaXN,Ketqua) values ('2838','29','81')
insert into Ketqua(MaBN,MaXN,Ketqua) values ('2838','40','4.3')
insert into Ketqua(MaBN,MaXN,Ketqua) values ('2839','41','')
insert into Ketqua(MaBN,MaXN,Ketqua) values ('2839','42','( B )')
insert into Ketqua(MaBN,MaXN,Ketqua) values ('2839','1','( + )')
insert into Ketqua(MaBN,MaXN,Ketqua) values ('2839','18','')
insert into Ketqua(MaBN,MaXN,Ketqua) values ('2839','19','4.2')
insert into Ketqua(MaBN,MaXN,Ketqua) values ('2839','20','1.2')
insert into Ketqua(MaBN,MaXN,Ketqua) values ('2839','27','3.0')
insert into Ketqua(MaBN,MaXN,Ketqua) values ('2839','28','')
insert into Ketqua(MaBN,MaXN,Ketqua) values ('2839','29','4.6')
insert into Ketqua(MaBN,MaXN,Ketqua) values ('2840','40','')
insert into Ketqua(MaBN,MaXN,Ketqua) values ('2840','42','')
insert into Ketqua(MaBN,MaXN,Ketqua) values ('2840','1','8.8')
insert into Ketqua(MaBN,MaXN,Ketqua) values ('2840','2','4.01')
insert into Ketqua(MaBN,MaXN,Ketqua) values ('2840','3','12.2')
insert into Ketqua(MaBN,MaXN,Ketqua) values ('2840','4','36.5')
insert into Ketqua(MaBN,MaXN,Ketqua) values ('2840','5','87.0')
insert into Ketqua(MaBN,MaXN,Ketqua) values ('2840','6','29.4')
insert into Ketqua(MaBN,MaXN,Ketqua) values ('2840','7','31.2')
insert into Ketqua(MaBN,MaXN,Ketqua) values ('2840','8','204')
insert into Ketqua(MaBN,MaXN,Ketqua) values ('2840','9','39.8')
insert into Ketqua(MaBN,MaXN,Ketqua) values ('2840','10','5.5')
insert into Ketqua(MaBN,MaXN,Ketqua) values ('2840','11','54.7')
insert into Ketqua(MaBN,MaXN,Ketqua) values ('2840','12','14.4')
insert into Ketqua(MaBN,MaXN,Ketqua) values ('2840','13','0.16')
insert into Ketqua(MaBN,MaXN,Ketqua) values ('2840','14','7.7')
insert into Ketqua(MaBN,MaXN,Ketqua) values ('2840','15','16.1')
insert into Ketqua(MaBN,MaXN,Ketqua) values ('2840','16','( O )')
insert into Ketqua(MaBN,MaXN,Ketqua) values ('2840','17','( + )')
insert into Ketqua(MaBN,MaXN,Ketqua) values ('2840','18','')
insert into Ketqua(MaBN,MaXN,Ketqua) values ('2840','19','ÂM TÍNH')
insert into Ketqua(MaBN,MaXN,Ketqua) values ('2840','20','ÂM TÍNH')
insert into Ketqua(MaBN,MaXN,Ketqua) values ('2840','21','ÂM TÍNH')
insert into Ketqua(MaBN,MaXN,Ketqua) values ('2840','22','ÂM TÍNH')
insert into Ketqua(MaBN,MaXN,Ketqua) values ('2840','23','ÂM TÍNH 0.6')
insert into Ketqua(MaBN,MaXN,Ketqua) values ('2840','24','ÂM TÍNH 0.32')
insert into Ketqua(MaBN,MaXN,Ketqua) values ('2840','25','2.0')
insert into Ketqua(MaBN,MaXN,Ketqua) values ('2840','26','0.8')
insert into Ketqua(MaBN,MaXN,Ketqua) values ('2840','27','0.9')
insert into Ketqua(MaBN,MaXN,Ketqua) values ('2840','28','')
insert into Ketqua(MaBN,MaXN,Ketqua) values ('2840','29','100')
insert into Ketqua(MaBN,MaXN,Ketqua) values ('2840','40','5.1')
insert into Ketqua(MaBN,MaXN,Ketqua) values ('2841','41','')
insert into Ketqua(MaBN,MaXN,Ketqua) values ('2841','42','')
insert into Ketqua(MaBN,MaXN,Ketqua) values ('2841','1','10.7')
insert into Ketqua(MaBN,MaXN,Ketqua) values ('2841','2','3.98')
insert into Ketqua(MaBN,MaXN,Ketqua) values ('2841','3','11.6')
insert into Ketqua(MaBN,MaXN,Ketqua) values ('2841','4','34.5')
insert into Ketqua(MaBN,MaXN,Ketqua) values ('2841','5','89.2')
insert into Ketqua(MaBN,MaXN,Ketqua) values ('2841','6','28.6')
insert into Ketqua(MaBN,MaXN,Ketqua) values ('2841','7','30.9')
insert into Ketqua(MaBN,MaXN,Ketqua) values ('2841','8','284')
insert into Ketqua(MaBN,MaXN,Ketqua) values ('2841','9','32.0')
insert into Ketqua(MaBN,MaXN,Ketqua) values ('2841','10','5.7')
insert into Ketqua(MaBN,MaXN,Ketqua) values ('2841','11','62.3')
insert into Ketqua(MaBN,MaXN,Ketqua) values ('2841','12','14.1')
insert into Ketqua(MaBN,MaXN,Ketqua) values ('2841','13','0.32')
insert into Ketqua(MaBN,MaXN,Ketqua) values ('2841','14','11.1')
insert into Ketqua(MaBN,MaXN,Ketqua) values ('2841','15','17.4')
insert into Ketqua(MaBN,MaXN,Ketqua) values ('2841','16','(O)')
insert into Ketqua(MaBN,MaXN,Ketqua) values ('2841','17','(+)')
insert into Ketqua(MaBN,MaXN,Ketqua) values ('2841','18','')
insert into Ketqua(MaBN,MaXN,Ketqua) values ('2841','19','DƯƠNG TÍNH')
insert into Ketqua(MaBN,MaXN,Ketqua) values ('2841','20','ÂM TÍNH')
insert into Ketqua(MaBN,MaXN,Ketqua) values ('2841','21','ÂM TÍNH')
insert into Ketqua(MaBN,MaXN,Ketqua) values ('2841','22','ÂM TÍNH')
insert into Ketqua(MaBN,MaXN,Ketqua) values ('2841','23','DƯƠNG TÍNH 89.6')
insert into Ketqua(MaBN,MaXN,Ketqua) values ('2841','24','ÂM TÍNH 0.25')
insert into Ketqua(MaBN,MaXN,Ketqua) values ('2841','25','2.6')
insert into Ketqua(MaBN,MaXN,Ketqua) values ('2841','26','1.3')
insert into Ketqua(MaBN,MaXN,Ketqua) values ('2841','27','1.5')
insert into Ketqua(MaBN,MaXN,Ketqua) values ('2841','28','')
insert into Ketqua(MaBN,MaXN,Ketqua) values ('2841','29','93')
insert into Ketqua(MaBN,MaXN,Ketqua) values ('2841','40','4.9')
insert into Ketqua(MaBN,MaXN,Ketqua) values ('2842','41','')
insert into Ketqua(MaBN,MaXN,Ketqua) values ('2842','42','')
insert into Ketqua(MaBN,MaXN,Ketqua) values ('2842','1','7.35')
insert into Ketqua(MaBN,MaXN,Ketqua) values ('2842','2','5.15')
insert into Ketqua(MaBN,MaXN,Ketqua) values ('2842','3','14.3')
insert into Ketqua(MaBN,MaXN,Ketqua) values ('2842','4','41.8')
insert into Ketqua(MaBN,MaXN,Ketqua) values ('2842','5','81.2')
insert into Ketqua(MaBN,MaXN,Ketqua) values ('2842','6','27.8')
insert into Ketqua(MaBN,MaXN,Ketqua) values ('2842','7','34.6')
insert into Ketqua(MaBN,MaXN,Ketqua) values ('2842','8','142')
insert into Ketqua(MaBN,MaXN,Ketqua) values ('2842','9','40.8')
insert into Ketqua(MaBN,MaXN,Ketqua) values ('2842','10','11.0')
insert into Ketqua(MaBN,MaXN,Ketqua) values ('2842','11','46.4')
insert into Ketqua(MaBN,MaXN,Ketqua) values ('2842','12','12.7')
insert into Ketqua(MaBN,MaXN,Ketqua) values ('2842','13','0.28')
insert into Ketqua(MaBN,MaXN,Ketqua) values ('2842','14','9.6')
insert into Ketqua(MaBN,MaXN,Ketqua) values ('2842','15','17.0')
insert into Ketqua(MaBN,MaXN,Ketqua) values ('2843','16','')
insert into Ketqua(MaBN,MaXN,Ketqua) values ('2843','17','(B)')
insert into Ketqua(MaBN,MaXN,Ketqua) values ('2843','1','(+)')
insert into Ketqua(MaBN,MaXN,Ketqua) values ('2844','18','')
insert into Ketqua(MaBN,MaXN,Ketqua) values ('2844','19','ÂM TÍNH 0.7')
insert into Ketqua(MaBN,MaXN,Ketqua) values ('2844','20','ÂM TÍNH 0.18')
insert into Ketqua(MaBN,MaXN,Ketqua) values ('2845','25','')
insert into Ketqua(MaBN,MaXN,Ketqua) values ('2845','26','512')
insert into Ketqua(MaBN,MaXN,Ketqua) values ('2846','20','')
insert into Ketqua(MaBN,MaXN,Ketqua) values ('2846','31','')
insert into Ketqua(MaBN,MaXN,Ketqua) values ('2846','1','9.4')
insert into Ketqua(MaBN,MaXN,Ketqua) values ('2846','2','4.54')
insert into Ketqua(MaBN,MaXN,Ketqua) values ('2846','3','13.0')
insert into Ketqua(MaBN,MaXN,Ketqua) values ('2846','4','40.4')
insert into Ketqua(MaBN,MaXN,Ketqua) values ('2846','5','89.0')
insert into Ketqua(MaBN,MaXN,Ketqua) values ('2846','6','28.6')
insert into Ketqua(MaBN,MaXN,Ketqua) values ('2846','7','32.2')
insert into Ketqua(MaBN,MaXN,Ketqua) values ('2846','8','259')
insert into Ketqua(MaBN,MaXN,Ketqua) values ('2846','9','20.2')
insert into Ketqua(MaBN,MaXN,Ketqua) values ('2846','10','1.6')
insert into Ketqua(MaBN,MaXN,Ketqua) values ('2846','11','78.2')
insert into Ketqua(MaBN,MaXN,Ketqua) values ('2846','12','12.7')
insert into Ketqua(MaBN,MaXN,Ketqua) values ('2846','13','0.2')
insert into Ketqua(MaBN,MaXN,Ketqua) values ('2846','14','7.9')
insert into Ketqua(MaBN,MaXN,Ketqua) values ('2846','15','16.8')
insert into Ketqua(MaBN,MaXN,Ketqua) values ('2846','16','( B )')
insert into Ketqua(MaBN,MaXN,Ketqua) values ('2846','17','( + )')
insert into Ketqua(MaBN,MaXN,Ketqua) values ('2846','18','')
insert into Ketqua(MaBN,MaXN,Ketqua) values ('2846','19','ÂM TÍNH')
insert into Ketqua(MaBN,MaXN,Ketqua) values ('2846','20','ÂM TÍNH')
insert into Ketqua(MaBN,MaXN,Ketqua) values ('2846','21','ÂM TÍNH')
insert into Ketqua(MaBN,MaXN,Ketqua) values ('2846','22','ÂM TÍNH')
insert into Ketqua(MaBN,MaXN,Ketqua) values ('2846','23','')
insert into Ketqua(MaBN,MaXN,Ketqua) values ('2846','24','')
insert into Ketqua(MaBN,MaXN,Ketqua) values ('2846','39','')
insert into Ketqua(MaBN,MaXN,Ketqua) values ('2846','39','74')
insert into Ketqua(MaBN,MaXN,Ketqua) values ('2828','40','')
insert into Ketqua(MaBN,MaXN,Ketqua) values ('2847','41','')
insert into Ketqua(MaBN,MaXN,Ketqua) values ('2847','39','ÂM TÍNH 0.7')
insert into Ketqua(MaBN,MaXN,Ketqua) values ('2847','20','ÂM TÍNH 0.12')
insert into Ketqua(MaBN,MaXN,Ketqua) values ('2847','25','')
insert into Ketqua(MaBN,MaXN,Ketqua) values ('2847','26','98')
insert into Ketqua(MaBN,MaXN,Ketqua) values ('2847','40','5.2')
insert into Ketqua(MaBN,MaXN,Ketqua) values ('2848','41','')
insert into Ketqua(MaBN,MaXN,Ketqua) values ('2848','42','')
insert into Ketqua(MaBN,MaXN,Ketqua) values ('2848','1','6.3')
insert into Ketqua(MaBN,MaXN,Ketqua) values ('2848','2','4.58')
insert into Ketqua(MaBN,MaXN,Ketqua) values ('2848','3','12.6')
insert into Ketqua(MaBN,MaXN,Ketqua) values ('2848','4','41.5')
insert into Ketqua(MaBN,MaXN,Ketqua) values ('2848','5','90.6')
insert into Ketqua(MaBN,MaXN,Ketqua) values ('2848','6','27.5')
insert into Ketqua(MaBN,MaXN,Ketqua) values ('2848','7','30.4')
insert into Ketqua(MaBN,MaXN,Ketqua) values ('2848','8','182')
insert into Ketqua(MaBN,MaXN,Ketqua) values ('2848','9','32.1')
insert into Ketqua(MaBN,MaXN,Ketqua) values ('2848','10','16.3')
insert into Ketqua(MaBN,MaXN,Ketqua) values ('2848','11','51.6')
insert into Ketqua(MaBN,MaXN,Ketqua) values ('2848','12','13.9')
insert into Ketqua(MaBN,MaXN,Ketqua) values ('2848','13','0.2')
insert into Ketqua(MaBN,MaXN,Ketqua) values ('2848','14','10.8')
insert into Ketqua(MaBN,MaXN,Ketqua) values ('2848','15','16.3')
insert into Ketqua(MaBN,MaXN,Ketqua) values ('2848','16','( B )')
insert into Ketqua(MaBN,MaXN,Ketqua) values ('2848','17','( + )')
insert into Ketqua(MaBN,MaXN,Ketqua) values ('2848','18','')
insert into Ketqua(MaBN,MaXN,Ketqua) values ('2848','19','ÂM TÍNH')
insert into Ketqua(MaBN,MaXN,Ketqua) values ('2848','20','ÂM TÍNH')
insert into Ketqua(MaBN,MaXN,Ketqua) values ('2848','21','ÂM TÍNH')
insert into Ketqua(MaBN,MaXN,Ketqua) values ('2848','22','ÂM TÍNH')
insert into Ketqua(MaBN,MaXN,Ketqua) values ('2848','23','2.3')
insert into Ketqua(MaBN,MaXN,Ketqua) values ('2848','24','0.9')
insert into Ketqua(MaBN,MaXN,Ketqua) values ('2848','27','1.1')
insert into Ketqua(MaBN,MaXN,Ketqua) values ('2848','28','')
insert into Ketqua(MaBN,MaXN,Ketqua) values ('2848','29','86')
insert into Ketqua(MaBN,MaXN,Ketqua) values ('2848','40','4.9')
insert into Ketqua(MaBN,MaXN,Ketqua) values ('2849','41','')
insert into Ketqua(MaBN,MaXN,Ketqua) values ('2849','42','')
insert into Ketqua(MaBN,MaXN,Ketqua) values ('2849','1','9.7')
insert into Ketqua(MaBN,MaXN,Ketqua) values ('2849','2','4.49')
insert into Ketqua(MaBN,MaXN,Ketqua) values ('2849','3','13.3')
insert into Ketqua(MaBN,MaXN,Ketqua) values ('2849','4','39.6')
insert into Ketqua(MaBN,MaXN,Ketqua) values ('2849','5','88.1')
insert into Ketqua(MaBN,MaXN,Ketqua) values ('2849','6','29.6')
insert into Ketqua(MaBN,MaXN,Ketqua) values ('2849','7','31.5')
insert into Ketqua(MaBN,MaXN,Ketqua) values ('2849','8','353')
insert into Ketqua(MaBN,MaXN,Ketqua) values ('2849','9','38.7')
insert into Ketqua(MaBN,MaXN,Ketqua) values ('2849','10','9.8')
insert into Ketqua(MaBN,MaXN,Ketqua) values ('2849','11','51.5')
insert into Ketqua(MaBN,MaXN,Ketqua) values ('2849','12','14.3')
insert into Ketqua(MaBN,MaXN,Ketqua) values ('2849','13','0.29')
insert into Ketqua(MaBN,MaXN,Ketqua) values ('2849','14','8.3')
insert into Ketqua(MaBN,MaXN,Ketqua) values ('2849','15','16.4')
insert into Ketqua(MaBN,MaXN,Ketqua) values ('2849','16','')
insert into Ketqua(MaBN,MaXN,Ketqua) values ('2849','17','ÂM TÍNH')
insert into Ketqua(MaBN,MaXN,Ketqua) values ('2849','20','ÂM TÍNH')
insert into Ketqua(MaBN,MaXN,Ketqua) values ('2849','21','ÂM TÍNH')
insert into Ketqua(MaBN,MaXN,Ketqua) values ('2849','22','ÂM TÍNH')
insert into Ketqua(MaBN,MaXN,Ketqua) values ('2849','23','ÂM TÍNH 1.4')
insert into Ketqua(MaBN,MaXN,Ketqua) values ('2849','24','ÂM TÍNH 0.28')
insert into Ketqua(MaBN,MaXN,Ketqua) values ('2849','25','2.5')
insert into Ketqua(MaBN,MaXN,Ketqua) values ('2849','26','0.9')
insert into Ketqua(MaBN,MaXN,Ketqua) values ('2849','27','0.3')
insert into Ketqua(MaBN,MaXN,Ketqua) values ('2849','28','')
insert into Ketqua(MaBN,MaXN,Ketqua) values ('2849','29','102')
insert into Ketqua(MaBN,MaXN,Ketqua) values ('2849','40','5.0')
insert into Ketqua(MaBN,MaXN,Ketqua) values ('2850','41','')
insert into Ketqua(MaBN,MaXN,Ketqua) values ('2850','42','132')
insert into Ketqua(MaBN,MaXN,Ketqua) values ('2850','40','5.3')
insert into Ketqua(MaBN,MaXN,Ketqua) values ('2851','41','')
insert into Ketqua(MaBN,MaXN,Ketqua) values ('2851','42','')
insert into Ketqua(MaBN,MaXN,Ketqua) values ('2851','1','11.1')
insert into Ketqua(MaBN,MaXN,Ketqua) values ('2851','2','4.12')
insert into Ketqua(MaBN,MaXN,Ketqua) values ('2851','3','12.4')
insert into Ketqua(MaBN,MaXN,Ketqua) values ('2851','4','37.4')
insert into Ketqua(MaBN,MaXN,Ketqua) values ('2851','5','85.6')
insert into Ketqua(MaBN,MaXN,Ketqua) values ('2851','6','27.8')
insert into Ketqua(MaBN,MaXN,Ketqua) values ('2851','7','31.5')
insert into Ketqua(MaBN,MaXN,Ketqua) values ('2851','8','356')
insert into Ketqua(MaBN,MaXN,Ketqua) values ('2851','9','37.0')
insert into Ketqua(MaBN,MaXN,Ketqua) values ('2851','10','10.0')
insert into Ketqua(MaBN,MaXN,Ketqua) values ('2851','11','53.0')
insert into Ketqua(MaBN,MaXN,Ketqua) values ('2851','12','13.2')
insert into Ketqua(MaBN,MaXN,Ketqua) values ('2851','13','0.27')
insert into Ketqua(MaBN,MaXN,Ketqua) values ('2851','14','7.5')
insert into Ketqua(MaBN,MaXN,Ketqua) values ('2851','15','16.0')
insert into Ketqua(MaBN,MaXN,Ketqua) values ('2851','16','')
insert into Ketqua(MaBN,MaXN,Ketqua) values ('2851','17','ÂM TÍNH')
insert into Ketqua(MaBN,MaXN,Ketqua) values ('2851','20','ÂM TÍNH')
insert into Ketqua(MaBN,MaXN,Ketqua) values ('2851','21','ÂM TÍNH')
insert into Ketqua(MaBN,MaXN,Ketqua) values ('2851','22','ÂM TÍNH')
insert into Ketqua(MaBN,MaXN,Ketqua) values ('2851','23','3.2')
insert into Ketqua(MaBN,MaXN,Ketqua) values ('2851','24','1.0')
insert into Ketqua(MaBN,MaXN,Ketqua) values ('2851','27','3.6')
insert into Ketqua(MaBN,MaXN,Ketqua) values ('2851','28','')
insert into Ketqua(MaBN,MaXN,Ketqua) values ('2851','29','95')
insert into Ketqua(MaBN,MaXN,Ketqua) values ('2851','40','4.7')
insert into Ketqua(MaBN,MaXN,Ketqua) values ('2851','41','DƯƠNG TÍNH 90.3')
insert into Ketqua(MaBN,MaXN,Ketqua) values ('2851','42','ÂM TÍNH 0.18')
insert into Ketqua(MaBN,MaXN,Ketqua) values ('2852','25','')
insert into Ketqua(MaBN,MaXN,Ketqua) values ('2852','26','')
insert into Ketqua(MaBN,MaXN,Ketqua) values ('2852','1','9.5')
insert into Ketqua(MaBN,MaXN,Ketqua) values ('2852','2','4.52')
insert into Ketqua(MaBN,MaXN,Ketqua) values ('2852','3','13.6')
insert into Ketqua(MaBN,MaXN,Ketqua) values ('2852','4','42.8')
insert into Ketqua(MaBN,MaXN,Ketqua) values ('2852','5','88.7')
insert into Ketqua(MaBN,MaXN,Ketqua) values ('2852','6','27.9')
insert into Ketqua(MaBN,MaXN,Ketqua) values ('2852','7','31.4')
insert into Ketqua(MaBN,MaXN,Ketqua) values ('2852','8','224')
insert into Ketqua(MaBN,MaXN,Ketqua) values ('2852','9','33.4')
insert into Ketqua(MaBN,MaXN,Ketqua) values ('2852','10','5.3')
insert into Ketqua(MaBN,MaXN,Ketqua) values ('2852','11','61.3')
insert into Ketqua(MaBN,MaXN,Ketqua) values ('2852','12','14.1')
insert into Ketqua(MaBN,MaXN,Ketqua) values ('2852','13','0.19')
insert into Ketqua(MaBN,MaXN,Ketqua) values ('2852','14','8.4')
insert into Ketqua(MaBN,MaXN,Ketqua) values ('2852','15','16.4')
insert into Ketqua(MaBN,MaXN,Ketqua) values ('2852','16','( O )')
insert into Ketqua(MaBN,MaXN,Ketqua) values ('2852','17','( + )')
insert into Ketqua(MaBN,MaXN,Ketqua) values ('2852','18','')
insert into Ketqua(MaBN,MaXN,Ketqua) values ('2852','19','ÂM TÍNH')
insert into Ketqua(MaBN,MaXN,Ketqua) values ('2852','20','ÂM TÍNH')
insert into Ketqua(MaBN,MaXN,Ketqua) values ('2852','21','ÂM TÍNH')
insert into Ketqua(MaBN,MaXN,Ketqua) values ('2852','22','ÂM TÍNH')
insert into Ketqua(MaBN,MaXN,Ketqua) values ('2852','23','DƯƠNG TÍNH 152.3')
insert into Ketqua(MaBN,MaXN,Ketqua) values ('2852','24','ÂM TÍNH 0.29')
insert into Ketqua(MaBN,MaXN,Ketqua) values ('2852','25','3.1')
insert into Ketqua(MaBN,MaXN,Ketqua) values ('2852','26','1.4')
insert into Ketqua(MaBN,MaXN,Ketqua) values ('2852','27','0.7')
insert into Ketqua(MaBN,MaXN,Ketqua) values ('2852','28','')
insert into Ketqua(MaBN,MaXN,Ketqua) values ('2852','29','141')
insert into Ketqua(MaBN,MaXN,Ketqua) values ('2852','40','5.6')
insert into Ketqua(MaBN,MaXN,Ketqua) values ('2853','41','')
insert into Ketqua(MaBN,MaXN,Ketqua) values ('2853','42','')
insert into Ketqua(MaBN,MaXN,Ketqua) values ('2853','1','11.6')
insert into Ketqua(MaBN,MaXN,Ketqua) values ('2853','2','4.25')
insert into Ketqua(MaBN,MaXN,Ketqua) values ('2853','3','12.7')
insert into Ketqua(MaBN,MaXN,Ketqua) values ('2853','4','39.5')
insert into Ketqua(MaBN,MaXN,Ketqua) values ('2853','5','92.9')
insert into Ketqua(MaBN,MaXN,Ketqua) values ('2853','6','29.9')
insert into Ketqua(MaBN,MaXN,Ketqua) values ('2853','7','32.2')
insert into Ketqua(MaBN,MaXN,Ketqua) values ('2853','8','226')
insert into Ketqua(MaBN,MaXN,Ketqua) values ('2853','9','23.4')
insert into Ketqua(MaBN,MaXN,Ketqua) values ('2853','10','2.4')
insert into Ketqua(MaBN,MaXN,Ketqua) values ('2853','11','74.2')
insert into Ketqua(MaBN,MaXN,Ketqua) values ('2853','12','13.4')
insert into Ketqua(MaBN,MaXN,Ketqua) values ('2853','13','0.21')
insert into Ketqua(MaBN,MaXN,Ketqua) values ('2853','14','9.3')
insert into Ketqua(MaBN,MaXN,Ketqua) values ('2853','15','17.3')
insert into Ketqua(MaBN,MaXN,Ketqua) values ('2853','16','( A )')
insert into Ketqua(MaBN,MaXN,Ketqua) values ('2853','17','( + )')
insert into Ketqua(MaBN,MaXN,Ketqua) values ('2853','18','')
insert into Ketqua(MaBN,MaXN,Ketqua) values ('2853','19','ÂM TÍNH')
insert into Ketqua(MaBN,MaXN,Ketqua) values ('2853','20','ÂM TÍNH')
insert into Ketqua(MaBN,MaXN,Ketqua) values ('2853','21','ÂM TÍNH')
insert into Ketqua(MaBN,MaXN,Ketqua) values ('2853','22','ÂM TÍNH')
insert into Ketqua(MaBN,MaXN,Ketqua) values ('2853','23','ÂM TÍNH 1.0')
insert into Ketqua(MaBN,MaXN,Ketqua) values ('2853','24','ÂM TÍNH 0.3')
insert into Ketqua(MaBN,MaXN,Ketqua) values ('2853','25','4.2')
insert into Ketqua(MaBN,MaXN,Ketqua) values ('2853','26','1.0')
insert into Ketqua(MaBN,MaXN,Ketqua) values ('2853','27','2.6')
insert into Ketqua(MaBN,MaXN,Ketqua) values ('2853','28','')
insert into Ketqua(MaBN,MaXN,Ketqua) values ('2853','29','108')
insert into Ketqua(MaBN,MaXN,Ketqua) values ('2853','40','5.1')
insert into Ketqua(MaBN,MaXN,Ketqua) values ('2854','41','')
insert into Ketqua(MaBN,MaXN,Ketqua) values ('2854','42','ÂM TÍNH 0.32')
insert into Ketqua(MaBN,MaXN,Ketqua) values ('2854','20','ÂM TÍNH 0.6')
insert into Ketqua(MaBN,MaXN,Ketqua) values ('2854','34','ÂM TÍNH')
insert into Ketqua(MaBN,MaXN,Ketqua) values ('2855','35','')
insert into Ketqua(MaBN,MaXN,Ketqua) values ('2855','33','ÂM TÍNH')
insert into Ketqua(MaBN,MaXN,Ketqua) values ('2855','20','ÂM TÍNH')
insert into Ketqua(MaBN,MaXN,Ketqua) values ('2855','22','ÂM TÍNH')
insert into Ketqua(MaBN,MaXN,Ketqua) values ('2855','23','DƯƠNG TÍNH 92.0')
insert into Ketqua(MaBN,MaXN,Ketqua) values ('2855','24','ÂM TÍNH 0.18')
insert into Ketqua(MaBN,MaXN,Ketqua) values ('2855','25','3.6')
insert into Ketqua(MaBN,MaXN,Ketqua) values ('2855','26','1.0')
insert into Ketqua(MaBN,MaXN,Ketqua) values ('2855','27','0.9')
insert into Ketqua(MaBN,MaXN,Ketqua) values ('2855','28','')
insert into Ketqua(MaBN,MaXN,Ketqua) values ('2855','29','133')
insert into Ketqua(MaBN,MaXN,Ketqua) values ('2855','40','5.2')
insert into Ketqua(MaBN,MaXN,Ketqua) values ('2855','41','ÂM TÍNH')
insert into Ketqua(MaBN,MaXN,Ketqua) values ('2855','42','23')
insert into Ketqua(MaBN,MaXN,Ketqua) values ('2855','30','23')
insert into Ketqua(MaBN,MaXN,Ketqua) values ('2855','44','20')
insert into Ketqua(MaBN,MaXN,Ketqua) values ('2857','45','')
insert into Ketqua(MaBN,MaXN,Ketqua) values ('2857','46','2450')
insert into Ketqua(MaBN,MaXN,Ketqua) values ('2858','20','')
insert into Ketqua(MaBN,MaXN,Ketqua) values ('2858','31','1432')
insert into Ketqua(MaBN,MaXN,Ketqua) values ('2859','20','')
insert into Ketqua(MaBN,MaXN,Ketqua) values ('2859','31','1.6')
insert into Ketqua(MaBN,MaXN,Ketqua) values ('2860','20','')
insert into Ketqua(MaBN,MaXN,Ketqua) values ('2860','31','')
insert into Ketqua(MaBN,MaXN,Ketqua) values ('2860','1','6.8')
insert into Ketqua(MaBN,MaXN,Ketqua) values ('2860','2','4.65')
insert into Ketqua(MaBN,MaXN,Ketqua) values ('2860','3','13.3')
insert into Ketqua(MaBN,MaXN,Ketqua) values ('2860','4','42.6')
insert into Ketqua(MaBN,MaXN,Ketqua) values ('2860','5','91.6')
insert into Ketqua(MaBN,MaXN,Ketqua) values ('2860','6','28.6')
insert into Ketqua(MaBN,MaXN,Ketqua) values ('2860','7','31.2')
insert into Ketqua(MaBN,MaXN,Ketqua) values ('2860','8','234')
insert into Ketqua(MaBN,MaXN,Ketqua) values ('2860','9','38.7')
insert into Ketqua(MaBN,MaXN,Ketqua) values ('2860','10','5.1')
insert into Ketqua(MaBN,MaXN,Ketqua) values ('2860','11','56.2')
insert into Ketqua(MaBN,MaXN,Ketqua) values ('2860','12','12.5')
insert into Ketqua(MaBN,MaXN,Ketqua) values ('2860','13','0.22')
insert into Ketqua(MaBN,MaXN,Ketqua) values ('2860','14','9.6')
insert into Ketqua(MaBN,MaXN,Ketqua) values ('2860','15','16.3')
insert into Ketqua(MaBN,MaXN,Ketqua) values ('2860','16','( B )')
insert into Ketqua(MaBN,MaXN,Ketqua) values ('2860','17','( + )')
insert into Ketqua(MaBN,MaXN,Ketqua) values ('2860','18','')
insert into Ketqua(MaBN,MaXN,Ketqua) values ('2860','19','ÂM TÍNH')
insert into Ketqua(MaBN,MaXN,Ketqua) values ('2860','20','ÂM TÍNH')
insert into Ketqua(MaBN,MaXN,Ketqua) values ('2860','21','ÂM TÍNH')
insert into Ketqua(MaBN,MaXN,Ketqua) values ('2860','23','DƯƠNG TÍNH 23.0')
insert into Ketqua(MaBN,MaXN,Ketqua) values ('2860','24','ÂM TÍNH 0.12')
insert into Ketqua(MaBN,MaXN,Ketqua) values ('2860','25','')
insert into Ketqua(MaBN,MaXN,Ketqua) values ('2860','26','')
insert into Ketqua(MaBN,MaXN,Ketqua) values ('2860','39','118')
insert into Ketqua(MaBN,MaXN,Ketqua) values ('2861','40','')
insert into Ketqua(MaBN,MaXN,Ketqua) values ('2861','41','')
insert into Ketqua(MaBN,MaXN,Ketqua) values ('2861','1','11.8')
insert into Ketqua(MaBN,MaXN,Ketqua) values ('2861','2','3.8')
insert into Ketqua(MaBN,MaXN,Ketqua) values ('2861','3','11.5')
insert into Ketqua(MaBN,MaXN,Ketqua) values ('2861','4','36.5')
insert into Ketqua(MaBN,MaXN,Ketqua) values ('2861','5','96.1')
insert into Ketqua(MaBN,MaXN,Ketqua) values ('2861','6','30.3')
insert into Ketqua(MaBN,MaXN,Ketqua) values ('2861','7','31.5')
insert into Ketqua(MaBN,MaXN,Ketqua) values ('2861','8','359')
insert into Ketqua(MaBN,MaXN,Ketqua) values ('2861','9','17.4')
insert into Ketqua(MaBN,MaXN,Ketqua) values ('2861','10','4.1')
insert into Ketqua(MaBN,MaXN,Ketqua) values ('2861','11','78.5')
insert into Ketqua(MaBN,MaXN,Ketqua) values ('2861','12','14.2')
insert into Ketqua(MaBN,MaXN,Ketqua) values ('2861','13','0.23')
insert into Ketqua(MaBN,MaXN,Ketqua) values ('2861','14','6.4')
insert into Ketqua(MaBN,MaXN,Ketqua) values ('2861','15','16.1')
insert into Ketqua(MaBN,MaXN,Ketqua) values ('2861','16','( A )')
insert into Ketqua(MaBN,MaXN,Ketqua) values ('2861','17','( + )')
insert into Ketqua(MaBN,MaXN,Ketqua) values ('2861','18','')
insert into Ketqua(MaBN,MaXN,Ketqua) values ('2861','19','ÂM TÍNH')
insert into Ketqua(MaBN,MaXN,Ketqua) values ('2861','20','ÂM TÍNH')
insert into Ketqua(MaBN,MaXN,Ketqua) values ('2861','21','ÂM TÍNH')
insert into Ketqua(MaBN,MaXN,Ketqua) values ('2861','23','ÂM TÍNH 1.3')
insert into Ketqua(MaBN,MaXN,Ketqua) values ('2861','24','ÂM TÍNH 0.32')
insert into Ketqua(MaBN,MaXN,Ketqua) values ('2861','25','')
insert into Ketqua(MaBN,MaXN,Ketqua) values ('2861','26','89')
insert into Ketqua(MaBN,MaXN,Ketqua) values ('2861','40','')
insert into Ketqua(MaBN,MaXN,Ketqua) values ('2862','41','')
insert into Ketqua(MaBN,MaXN,Ketqua) values ('2862','39','')
insert into Ketqua(MaBN,MaXN,Ketqua) values ('2862','1','9.0')
insert into Ketqua(MaBN,MaXN,Ketqua) values ('2862','2','4.08')
insert into Ketqua(MaBN,MaXN,Ketqua) values ('2862','3','11.2')
insert into Ketqua(MaBN,MaXN,Ketqua) values ('2862','4','35.5')
insert into Ketqua(MaBN,MaXN,Ketqua) values ('2862','5','87.0')
insert into Ketqua(MaBN,MaXN,Ketqua) values ('2862','6','27.5')
insert into Ketqua(MaBN,MaXN,Ketqua) values ('2862','7','31.5')
insert into Ketqua(MaBN,MaXN,Ketqua) values ('2862','8','232')
insert into Ketqua(MaBN,MaXN,Ketqua) values ('2862','9','23.2')
insert into Ketqua(MaBN,MaXN,Ketqua) values ('2862','10','4.6')
insert into Ketqua(MaBN,MaXN,Ketqua) values ('2862','11','72.2')
insert into Ketqua(MaBN,MaXN,Ketqua) values ('2862','12','12.9')
insert into Ketqua(MaBN,MaXN,Ketqua) values ('2862','13','0.18')
insert into Ketqua(MaBN,MaXN,Ketqua) values ('2862','14','7.6')
insert into Ketqua(MaBN,MaXN,Ketqua) values ('2862','15','17.2')
insert into Ketqua(MaBN,MaXN,Ketqua) values ('2862','16','( O )')
insert into Ketqua(MaBN,MaXN,Ketqua) values ('2862','17','( + )')
insert into Ketqua(MaBN,MaXN,Ketqua) values ('2862','18','')
insert into Ketqua(MaBN,MaXN,Ketqua) values ('2862','19','ÂM TÍNH')
insert into Ketqua(MaBN,MaXN,Ketqua) values ('2862','20','ÂM TÍNH')
insert into Ketqua(MaBN,MaXN,Ketqua) values ('2862','21','ÂM TÍNH')
insert into Ketqua(MaBN,MaXN,Ketqua) values ('2862','22','ÂM TÍNH')
insert into Ketqua(MaBN,MaXN,Ketqua) values ('2862','23','')
insert into Ketqua(MaBN,MaXN,Ketqua) values ('2862','24','')
insert into Ketqua(MaBN,MaXN,Ketqua) values ('2862','39','')
insert into Ketqua(MaBN,MaXN,Ketqua) values ('2862','39','86')
insert into Ketqua(MaBN,MaXN,Ketqua) values ('2863','40','')
insert into Ketqua(MaBN,MaXN,Ketqua) values ('2863','41','')
insert into Ketqua(MaBN,MaXN,Ketqua) values ('2863','1','8.7')
insert into Ketqua(MaBN,MaXN,Ketqua) values ('2863','2','3.77')
insert into Ketqua(MaBN,MaXN,Ketqua) values ('2863','3','11.5')
insert into Ketqua(MaBN,MaXN,Ketqua) values ('2863','4','34.2')
insert into Ketqua(MaBN,MaXN,Ketqua) values ('2863','5','84.1')
insert into Ketqua(MaBN,MaXN,Ketqua) values ('2863','6','27.5')
insert into Ketqua(MaBN,MaXN,Ketqua) values ('2863','7','30.1')
insert into Ketqua(MaBN,MaXN,Ketqua) values ('2863','8','214')
insert into Ketqua(MaBN,MaXN,Ketqua) values ('2863','9','34.8')
insert into Ketqua(MaBN,MaXN,Ketqua) values ('2863','10','10.6')
insert into Ketqua(MaBN,MaXN,Ketqua) values ('2863','11','54.6')
insert into Ketqua(MaBN,MaXN,Ketqua) values ('2863','12','14.1')
insert into Ketqua(MaBN,MaXN,Ketqua) values ('2863','13','0.21')
insert into Ketqua(MaBN,MaXN,Ketqua) values ('2863','14','10.0')
insert into Ketqua(MaBN,MaXN,Ketqua) values ('2863','15','16.0')
insert into Ketqua(MaBN,MaXN,Ketqua) values ('2863','16','(B)')
insert into Ketqua(MaBN,MaXN,Ketqua) values ('2863','17','(+)')
insert into Ketqua(MaBN,MaXN,Ketqua) values ('2863','18','')
insert into Ketqua(MaBN,MaXN,Ketqua) values ('2863','19','ÂM TÍNH')
insert into Ketqua(MaBN,MaXN,Ketqua) values ('2863','20','ÂM TÍNH')
insert into Ketqua(MaBN,MaXN,Ketqua) values ('2863','21','ÂM TÍNH')
insert into Ketqua(MaBN,MaXN,Ketqua) values ('2863','22','ÂM TÍNH')
insert into Ketqua(MaBN,MaXN,Ketqua) values ('2863','23','DƯƠNG TÍNH 80.3')
insert into Ketqua(MaBN,MaXN,Ketqua) values ('2863','24','ÂM TÍNH 0.18')
insert into Ketqua(MaBN,MaXN,Ketqua) values ('2863','25','2.9')
insert into Ketqua(MaBN,MaXN,Ketqua) values ('2863','26','0.8')
insert into Ketqua(MaBN,MaXN,Ketqua) values ('2863','27','3.2')
insert into Ketqua(MaBN,MaXN,Ketqua) values ('2863','28','')
insert into Ketqua(MaBN,MaXN,Ketqua) values ('2863','29','91')
insert into Ketqua(MaBN,MaXN,Ketqua) values ('2863','40','5.0')
insert into Ketqua(MaBN,MaXN,Ketqua) values ('2864','41','')
insert into Ketqua(MaBN,MaXN,Ketqua) values ('2864','42','(O)')
insert into Ketqua(MaBN,MaXN,Ketqua) values ('2864','1','(+)')
insert into Ketqua(MaBN,MaXN,Ketqua) values ('2865','18','')
insert into Ketqua(MaBN,MaXN,Ketqua) values ('2865','19','ÂM TÍNH 0.9')
insert into Ketqua(MaBN,MaXN,Ketqua) values ('2865','20','ÂM TÍNH 0.14')
insert into Ketqua(MaBN,MaXN,Ketqua) values ('2866','25','')
insert into Ketqua(MaBN,MaXN,Ketqua) values ('2866','26','')
insert into Ketqua(MaBN,MaXN,Ketqua) values ('2866','1','7.9')
insert into Ketqua(MaBN,MaXN,Ketqua) values ('2866','2','3.22')
insert into Ketqua(MaBN,MaXN,Ketqua) values ('2866','3','10.1')
insert into Ketqua(MaBN,MaXN,Ketqua) values ('2866','4','29.1')
insert into Ketqua(MaBN,MaXN,Ketqua) values ('2866','5','81.0')
insert into Ketqua(MaBN,MaXN,Ketqua) values ('2866','6','27.0')
insert into Ketqua(MaBN,MaXN,Ketqua) values ('2866','7','29.9')
insert into Ketqua(MaBN,MaXN,Ketqua) values ('2866','8','241')
insert into Ketqua(MaBN,MaXN,Ketqua) values ('2866','9','30.3')
insert into Ketqua(MaBN,MaXN,Ketqua) values ('2866','10','9.3')
insert into Ketqua(MaBN,MaXN,Ketqua) values ('2866','11','60.4')
insert into Ketqua(MaBN,MaXN,Ketqua) values ('2866','12','14.3')
insert into Ketqua(MaBN,MaXN,Ketqua) values ('2866','13','0.24')
insert into Ketqua(MaBN,MaXN,Ketqua) values ('2866','14','9.8')
insert into Ketqua(MaBN,MaXN,Ketqua) values ('2866','15','16.9')
insert into Ketqua(MaBN,MaXN,Ketqua) values ('2866','16','(A)')
insert into Ketqua(MaBN,MaXN,Ketqua) values ('2866','17','(+)')
insert into Ketqua(MaBN,MaXN,Ketqua) values ('2866','18','')
insert into Ketqua(MaBN,MaXN,Ketqua) values ('2866','19','ÂM TÍNH')
insert into Ketqua(MaBN,MaXN,Ketqua) values ('2866','20','ÂM TÍNH')
insert into Ketqua(MaBN,MaXN,Ketqua) values ('2866','21','ÂM TÍNH')
insert into Ketqua(MaBN,MaXN,Ketqua) values ('2866','22','ÂM TÍNH')
insert into Ketqua(MaBN,MaXN,Ketqua) values ('2866','23','4.2')
insert into Ketqua(MaBN,MaXN,Ketqua) values ('2866','24','1.3')
insert into Ketqua(MaBN,MaXN,Ketqua) values ('2866','27','0.5')
insert into Ketqua(MaBN,MaXN,Ketqua) values ('2866','28','')
insert into Ketqua(MaBN,MaXN,Ketqua) values ('2866','29','148')
insert into Ketqua(MaBN,MaXN,Ketqua) values ('2866','40','5.7')
insert into Ketqua(MaBN,MaXN,Ketqua) values ('2867','41','')
insert into Ketqua(MaBN,MaXN,Ketqua) values ('2867','42','ÂM TÍNH 1.0')
insert into Ketqua(MaBN,MaXN,Ketqua) values ('2867','20','ÂM TÍNH 0.32')
insert into Ketqua(MaBN,MaXN,Ketqua) values ('2868','25','')
insert into Ketqua(MaBN,MaXN,Ketqua) values ('2868','26','')
insert into Ketqua(MaBN,MaXN,Ketqua) values ('2868','1','4.4')
insert into Ketqua(MaBN,MaXN,Ketqua) values ('2868','2','4.39')
insert into Ketqua(MaBN,MaXN,Ketqua) values ('2868','3','12.3')
insert into Ketqua(MaBN,MaXN,Ketqua) values ('2868','4','40.0')
insert into Ketqua(MaBN,MaXN,Ketqua) values ('2868','5','91.1')
insert into Ketqua(MaBN,MaXN,Ketqua) values ('2868','6','28.0')
insert into Ketqua(MaBN,MaXN,Ketqua) values ('2868','7','30.8')
insert into Ketqua(MaBN,MaXN,Ketqua) values ('2868','8','281')
insert into Ketqua(MaBN,MaXN,Ketqua) values ('2868','9','37.4')
insert into Ketqua(MaBN,MaXN,Ketqua) values ('2868','10','20.0')
insert into Ketqua(MaBN,MaXN,Ketqua) values ('2868','11','42.6')
insert into Ketqua(MaBN,MaXN,Ketqua) values ('2868','12','13.8')
insert into Ketqua(MaBN,MaXN,Ketqua) values ('2868','13','0.22')
insert into Ketqua(MaBN,MaXN,Ketqua) values ('2868','14','7.8')
insert into Ketqua(MaBN,MaXN,Ketqua) values ('2868','15','15.7')
insert into Ketqua(MaBN,MaXN,Ketqua) values ('2868','16','(B)')
insert into Ketqua(MaBN,MaXN,Ketqua) values ('2868','17','(+)')
insert into Ketqua(MaBN,MaXN,Ketqua) values ('2868','18','')
insert into Ketqua(MaBN,MaXN,Ketqua) values ('2868','19','ÂM TÍNH')
insert into Ketqua(MaBN,MaXN,Ketqua) values ('2868','20','ÂM TÍNH')
insert into Ketqua(MaBN,MaXN,Ketqua) values ('2868','21','ÂM TÍNH')
insert into Ketqua(MaBN,MaXN,Ketqua) values ('2868','22','ÂM TÍNH')
insert into Ketqua(MaBN,MaXN,Ketqua) values ('2868','23','ÂM TÍNH 0.5')
insert into Ketqua(MaBN,MaXN,Ketqua) values ('2868','24','ÂM TÍNH 0.15')
insert into Ketqua(MaBN,MaXN,Ketqua) values ('2868','25','3.2')
insert into Ketqua(MaBN,MaXN,Ketqua) values ('2868','26','0.9')
insert into Ketqua(MaBN,MaXN,Ketqua) values ('2868','27','1.0')
insert into Ketqua(MaBN,MaXN,Ketqua) values ('2868','28','')
insert into Ketqua(MaBN,MaXN,Ketqua) values ('2868','29','118')
insert into Ketqua(MaBN,MaXN,Ketqua) values ('2868','40','4.7')
insert into Ketqua(MaBN,MaXN,Ketqua) values ('2869','41','')
insert into Ketqua(MaBN,MaXN,Ketqua) values ('2869','42','')
insert into Ketqua(MaBN,MaXN,Ketqua) values ('2869','1','7.1')
insert into Ketqua(MaBN,MaXN,Ketqua) values ('2869','2','4.74')
insert into Ketqua(MaBN,MaXN,Ketqua) values ('2869','3','11.3')
insert into Ketqua(MaBN,MaXN,Ketqua) values ('2869','4','35.4')
insert into Ketqua(MaBN,MaXN,Ketqua) values ('2869','5','74.7')
insert into Ketqua(MaBN,MaXN,Ketqua) values ('2869','6','23.8')
insert into Ketqua(MaBN,MaXN,Ketqua) values ('2869','7','31.9')
insert into Ketqua(MaBN,MaXN,Ketqua) values ('2869','8','154')
insert into Ketqua(MaBN,MaXN,Ketqua) values ('2869','9','28.2')
insert into Ketqua(MaBN,MaXN,Ketqua) values ('2869','10','4.0')
insert into Ketqua(MaBN,MaXN,Ketqua) values ('2869','11','67.8')
insert into Ketqua(MaBN,MaXN,Ketqua) values ('2869','12','15.4')
insert into Ketqua(MaBN,MaXN,Ketqua) values ('2869','13','0.11')
insert into Ketqua(MaBN,MaXN,Ketqua) values ('2869','14','7.1')
insert into Ketqua(MaBN,MaXN,Ketqua) values ('2869','15','15.8')
insert into Ketqua(MaBN,MaXN,Ketqua) values ('2869','16','(AB)')
insert into Ketqua(MaBN,MaXN,Ketqua) values ('2869','17','(+)')
insert into Ketqua(MaBN,MaXN,Ketqua) values ('2869','18','')
insert into Ketqua(MaBN,MaXN,Ketqua) values ('2869','19','ÂM TÍNH')
insert into Ketqua(MaBN,MaXN,Ketqua) values ('2869','20','ÂM TÍNH')
insert into Ketqua(MaBN,MaXN,Ketqua) values ('2869','21','ÂM TÍNH')
insert into Ketqua(MaBN,MaXN,Ketqua) values ('2869','22','ÂM TÍNH')
insert into Ketqua(MaBN,MaXN,Ketqua) values ('2869','23','ÂM TÍNH 1.5')
insert into Ketqua(MaBN,MaXN,Ketqua) values ('2869','24','ÂM TÍNH 0.32')
insert into Ketqua(MaBN,MaXN,Ketqua) values ('2869','25','1.8')
insert into Ketqua(MaBN,MaXN,Ketqua) values ('2869','26','1.0')
insert into Ketqua(MaBN,MaXN,Ketqua) values ('2869','27','3.2')
insert into Ketqua(MaBN,MaXN,Ketqua) values ('2869','28','')
insert into Ketqua(MaBN,MaXN,Ketqua) values ('2869','29','90')
insert into Ketqua(MaBN,MaXN,Ketqua) values ('2869','40','4.6')
insert into Ketqua(MaBN,MaXN,Ketqua) values ('2870','41','')
insert into Ketqua(MaBN,MaXN,Ketqua) values ('2870','42','')
insert into Ketqua(MaBN,MaXN,Ketqua) values ('2870','1','10.3')
insert into Ketqua(MaBN,MaXN,Ketqua) values ('2870','2','4.1')
insert into Ketqua(MaBN,MaXN,Ketqua) values ('2870','3','11.4')
insert into Ketqua(MaBN,MaXN,Ketqua) values ('2870','4','36.7')
insert into Ketqua(MaBN,MaXN,Ketqua) values ('2870','5','89.5')
insert into Ketqua(MaBN,MaXN,Ketqua) values ('2870','6','27.8')
insert into Ketqua(MaBN,MaXN,Ketqua) values ('2870','7','31.1')
insert into Ketqua(MaBN,MaXN,Ketqua) values ('2870','8','239')
insert into Ketqua(MaBN,MaXN,Ketqua) values ('2870','9','28.8')
insert into Ketqua(MaBN,MaXN,Ketqua) values ('2870','10','2.3')
insert into Ketqua(MaBN,MaXN,Ketqua) values ('2870','11','68.9')
insert into Ketqua(MaBN,MaXN,Ketqua) values ('2870','12','12.8')
insert into Ketqua(MaBN,MaXN,Ketqua) values ('2870','13','0.16')
insert into Ketqua(MaBN,MaXN,Ketqua) values ('2870','14','6.7')
insert into Ketqua(MaBN,MaXN,Ketqua) values ('2870','15','16.9')
insert into Ketqua(MaBN,MaXN,Ketqua) values ('2870','16','(B)')
insert into Ketqua(MaBN,MaXN,Ketqua) values ('2870','17','(+)')
insert into Ketqua(MaBN,MaXN,Ketqua) values ('2870','18','')
insert into Ketqua(MaBN,MaXN,Ketqua) values ('2870','19','ÂM TÍNH')
insert into Ketqua(MaBN,MaXN,Ketqua) values ('2870','20','ÂM TÍNH')
insert into Ketqua(MaBN,MaXN,Ketqua) values ('2870','21','ÂM TÍNH')
insert into Ketqua(MaBN,MaXN,Ketqua) values ('2870','22','ÂM TÍNH')
insert into Ketqua(MaBN,MaXN,Ketqua) values ('2870','23','DƯƠNG TÍNH 80.8')
insert into Ketqua(MaBN,MaXN,Ketqua) values ('2870','24','ÂM TÍNH 0.17')
insert into Ketqua(MaBN,MaXN,Ketqua) values ('2870','25','2.6')
insert into Ketqua(MaBN,MaXN,Ketqua) values ('2870','26','1.3')
insert into Ketqua(MaBN,MaXN,Ketqua) values ('2870','27','0.7')
insert into Ketqua(MaBN,MaXN,Ketqua) values ('2870','28','')
insert into Ketqua(MaBN,MaXN,Ketqua) values ('2870','29','102')
insert into Ketqua(MaBN,MaXN,Ketqua) values ('2870','40','5.1')
insert into Ketqua(MaBN,MaXN,Ketqua) values ('2871','41','')
insert into Ketqua(MaBN,MaXN,Ketqua) values ('2871','42','')
insert into Ketqua(MaBN,MaXN,Ketqua) values ('2871','1','6.4')
insert into Ketqua(MaBN,MaXN,Ketqua) values ('2871','2','4.15')
insert into Ketqua(MaBN,MaXN,Ketqua) values ('2871','3','11.2')
insert into Ketqua(MaBN,MaXN,Ketqua) values ('2871','4','37.1')
insert into Ketqua(MaBN,MaXN,Ketqua) values ('2871','5','89.4')
insert into Ketqua(MaBN,MaXN,Ketqua) values ('2871','6','27.0')
insert into Ketqua(MaBN,MaXN,Ketqua) values ('2871','7','30.2')
insert into Ketqua(MaBN,MaXN,Ketqua) values ('2871','8','131')
insert into Ketqua(MaBN,MaXN,Ketqua) values ('2871','9','28.8')
insert into Ketqua(MaBN,MaXN,Ketqua) values ('2871','10','5.8')
insert into Ketqua(MaBN,MaXN,Ketqua) values ('2871','11','65.4')
insert into Ketqua(MaBN,MaXN,Ketqua) values ('2871','12','15.1')
insert into Ketqua(MaBN,MaXN,Ketqua) values ('2871','13','0.11')
insert into Ketqua(MaBN,MaXN,Ketqua) values ('2871','14','10.3')
insert into Ketqua(MaBN,MaXN,Ketqua) values ('2871','15','15.2')
insert into Ketqua(MaBN,MaXN,Ketqua) values ('2871','16','(A)')
insert into Ketqua(MaBN,MaXN,Ketqua) values ('2871','17','(+)')
insert into Ketqua(MaBN,MaXN,Ketqua) values ('2871','18','')
insert into Ketqua(MaBN,MaXN,Ketqua) values ('2871','19','ÂM TÍNH')
insert into Ketqua(MaBN,MaXN,Ketqua) values ('2871','20','ÂM TÍNH')
insert into Ketqua(MaBN,MaXN,Ketqua) values ('2871','21','ÂM TÍNH')
insert into Ketqua(MaBN,MaXN,Ketqua) values ('2871','22','ÂM TÍNH')
insert into Ketqua(MaBN,MaXN,Ketqua) values ('2871','23','DƯƠNG TÍNH 46.7')
insert into Ketqua(MaBN,MaXN,Ketqua) values ('2871','24','ÂM TÍNH 0.3')
insert into Ketqua(MaBN,MaXN,Ketqua) values ('2871','25','4.2')
insert into Ketqua(MaBN,MaXN,Ketqua) values ('2871','26','0.9')
insert into Ketqua(MaBN,MaXN,Ketqua) values ('2871','27','0.3')
insert into Ketqua(MaBN,MaXN,Ketqua) values ('2871','28','')
insert into Ketqua(MaBN,MaXN,Ketqua) values ('2871','29','84')
insert into Ketqua(MaBN,MaXN,Ketqua) values ('2871','40','4.9')
insert into Ketqua(MaBN,MaXN,Ketqua) values ('2872','41','')
insert into Ketqua(MaBN,MaXN,Ketqua) values ('2872','42','')
insert into Ketqua(MaBN,MaXN,Ketqua) values ('2872','1','8.2')
insert into Ketqua(MaBN,MaXN,Ketqua) values ('2872','2','3.86')
insert into Ketqua(MaBN,MaXN,Ketqua) values ('2872','3','11.8')
insert into Ketqua(MaBN,MaXN,Ketqua) values ('2872','4','36.1')
insert into Ketqua(MaBN,MaXN,Ketqua) values ('2872','5','86.1')
insert into Ketqua(MaBN,MaXN,Ketqua) values ('2872','6','27.6')
insert into Ketqua(MaBN,MaXN,Ketqua) values ('2872','7','30.8')
insert into Ketqua(MaBN,MaXN,Ketqua) values ('2872','8','327')
insert into Ketqua(MaBN,MaXN,Ketqua) values ('2872','9','49.9')
insert into Ketqua(MaBN,MaXN,Ketqua) values ('2872','10','17.1')
insert into Ketqua(MaBN,MaXN,Ketqua) values ('2872','11','33.0')
insert into Ketqua(MaBN,MaXN,Ketqua) values ('2872','12','13.4')
insert into Ketqua(MaBN,MaXN,Ketqua) values ('2872','13','0.21')
insert into Ketqua(MaBN,MaXN,Ketqua) values ('2872','14','6.5')
insert into Ketqua(MaBN,MaXN,Ketqua) values ('2872','15','16.8')
insert into Ketqua(MaBN,MaXN,Ketqua) values ('2872','16','(O)')
insert into Ketqua(MaBN,MaXN,Ketqua) values ('2872','17','(+)')
insert into Ketqua(MaBN,MaXN,Ketqua) values ('2872','18','')
insert into Ketqua(MaBN,MaXN,Ketqua) values ('2872','19','ÂM TÍNH')
insert into Ketqua(MaBN,MaXN,Ketqua) values ('2872','20','ÂM TÍNH')
insert into Ketqua(MaBN,MaXN,Ketqua) values ('2872','21','ÂM TÍNH')
insert into Ketqua(MaBN,MaXN,Ketqua) values ('2872','22','ÂM TÍNH')
insert into Ketqua(MaBN,MaXN,Ketqua) values ('2872','23','ÂM TÍNH 1.1')
insert into Ketqua(MaBN,MaXN,Ketqua) values ('2872','24','ÂM TÍNH 0.34')
insert into Ketqua(MaBN,MaXN,Ketqua) values ('2872','25','4.0')
insert into Ketqua(MaBN,MaXN,Ketqua) values ('2872','26','0.9')
insert into Ketqua(MaBN,MaXN,Ketqua) values ('2872','27','1.2')
insert into Ketqua(MaBN,MaXN,Ketqua) values ('2872','28','')
insert into Ketqua(MaBN,MaXN,Ketqua) values ('2872','29','156')
insert into Ketqua(MaBN,MaXN,Ketqua) values ('2872','40','6.0')
insert into Ketqua(MaBN,MaXN,Ketqua) values ('2873','41','')
insert into Ketqua(MaBN,MaXN,Ketqua) values ('2873','42','')
insert into Ketqua(MaBN,MaXN,Ketqua) values ('2873','1','12.2')
insert into Ketqua(MaBN,MaXN,Ketqua) values ('2873','2','4.65')
insert into Ketqua(MaBN,MaXN,Ketqua) values ('2873','3','13.9')
insert into Ketqua(MaBN,MaXN,Ketqua) values ('2873','4','40.8')
insert into Ketqua(MaBN,MaXN,Ketqua) values ('2873','5','87.7')
insert into Ketqua(MaBN,MaXN,Ketqua) values ('2873','6','29.9')
insert into Ketqua(MaBN,MaXN,Ketqua) values ('2873','7','34.1')
insert into Ketqua(MaBN,MaXN,Ketqua) values ('2873','8','203')
insert into Ketqua(MaBN,MaXN,Ketqua) values ('2873','9','40.3')
insert into Ketqua(MaBN,MaXN,Ketqua) values ('2873','10','6.2')
insert into Ketqua(MaBN,MaXN,Ketqua) values ('2873','11','53.5')
insert into Ketqua(MaBN,MaXN,Ketqua) values ('2873','12','10.8')
insert into Ketqua(MaBN,MaXN,Ketqua) values ('2873','13','0.21')
insert into Ketqua(MaBN,MaXN,Ketqua) values ('2873','14','10.3')
insert into Ketqua(MaBN,MaXN,Ketqua) values ('2873','15','16.6')
insert into Ketqua(MaBN,MaXN,Ketqua) values ('2873','16','(O)')
insert into Ketqua(MaBN,MaXN,Ketqua) values ('2873','17','(+)')
insert into Ketqua(MaBN,MaXN,Ketqua) values ('2873','18','')
insert into Ketqua(MaBN,MaXN,Ketqua) values ('2873','19','ÂM TÍNH')
insert into Ketqua(MaBN,MaXN,Ketqua) values ('2873','20','ÂM TÍNH')
insert into Ketqua(MaBN,MaXN,Ketqua) values ('2873','21','ÂM TÍNH')
insert into Ketqua(MaBN,MaXN,Ketqua) values ('2873','22','ÂM TÍNH')
insert into Ketqua(MaBN,MaXN,Ketqua) values ('2873','23','ÂM TÍNH 1.8')
insert into Ketqua(MaBN,MaXN,Ketqua) values ('2873','24','ÂM TÍNH 0.22')
insert into Ketqua(MaBN,MaXN,Ketqua) values ('2873','25','3.0')
insert into Ketqua(MaBN,MaXN,Ketqua) values ('2873','26','1.3')
insert into Ketqua(MaBN,MaXN,Ketqua) values ('2873','27','0.5')
insert into Ketqua(MaBN,MaXN,Ketqua) values ('2873','28','')
insert into Ketqua(MaBN,MaXN,Ketqua) values ('2873','29','79')
insert into Ketqua(MaBN,MaXN,Ketqua) values ('2873','40','4.4')
insert into Ketqua(MaBN,MaXN,Ketqua) values ('2874','41','')
insert into Ketqua(MaBN,MaXN,Ketqua) values ('2874','42','')
insert into Ketqua(MaBN,MaXN,Ketqua) values ('2874','1','10.7')
insert into Ketqua(MaBN,MaXN,Ketqua) values ('2874','2','3.88')
insert into Ketqua(MaBN,MaXN,Ketqua) values ('2874','3','10.7')
insert into Ketqua(MaBN,MaXN,Ketqua) values ('2874','4','33.4')
insert into Ketqua(MaBN,MaXN,Ketqua) values ('2874','5','86.1')
insert into Ketqua(MaBN,MaXN,Ketqua) values ('2874','6','27.6')
insert into Ketqua(MaBN,MaXN,Ketqua) values ('2874','7','32.0')
insert into Ketqua(MaBN,MaXN,Ketqua) values ('2874','8','244')
insert into Ketqua(MaBN,MaXN,Ketqua) values ('2874','9','22.4')
insert into Ketqua(MaBN,MaXN,Ketqua) values ('2874','10','3.3')
insert into Ketqua(MaBN,MaXN,Ketqua) values ('2874','11','74.3')
insert into Ketqua(MaBN,MaXN,Ketqua) values ('2874','12','11.2')
insert into Ketqua(MaBN,MaXN,Ketqua) values ('2874','13','0.12')
insert into Ketqua(MaBN,MaXN,Ketqua) values ('2874','14','5.1')
insert into Ketqua(MaBN,MaXN,Ketqua) values ('2874','15','16.8')
insert into Ketqua(MaBN,MaXN,Ketqua) values ('2874','16','(O)')
insert into Ketqua(MaBN,MaXN,Ketqua) values ('2874','17','(+)')
insert into Ketqua(MaBN,MaXN,Ketqua) values ('2874','18','')
insert into Ketqua(MaBN,MaXN,Ketqua) values ('2874','19','ÂM TÍNH')
insert into Ketqua(MaBN,MaXN,Ketqua) values ('2874','20','ÂM TÍNH')
insert into Ketqua(MaBN,MaXN,Ketqua) values ('2874','21','ÂM TÍNH')
insert into Ketqua(MaBN,MaXN,Ketqua) values ('2874','22','ÂM TÍNH')
insert into Ketqua(MaBN,MaXN,Ketqua) values ('2874','23','ÂM TÍNH 0.7')
insert into Ketqua(MaBN,MaXN,Ketqua) values ('2874','24','ÂM TÍNH 0.33')
insert into Ketqua(MaBN,MaXN,Ketqua) values ('2874','25','3.0')
insert into Ketqua(MaBN,MaXN,Ketqua) values ('2874','26','1.3')
insert into Ketqua(MaBN,MaXN,Ketqua) values ('2874','27','0.9')
insert into Ketqua(MaBN,MaXN,Ketqua) values ('2874','28','')
insert into Ketqua(MaBN,MaXN,Ketqua) values ('2874','29','86')
insert into Ketqua(MaBN,MaXN,Ketqua) values ('2874','40','4.7')
insert into Ketqua(MaBN,MaXN,Ketqua) values ('2875','41','')
insert into Ketqua(MaBN,MaXN,Ketqua) values ('2875','42','ÂM TÍNH')
insert into Ketqua(MaBN,MaXN,Ketqua) values ('2875','20','ÂM TÍNH')
insert into Ketqua(MaBN,MaXN,Ketqua) values ('2875','21','ÂM TÍNH')
insert into Ketqua(MaBN,MaXN,Ketqua) values ('2875','22','4.2')
insert into Ketqua(MaBN,MaXN,Ketqua) values ('2875','23','1.3')
insert into Ketqua(MaBN,MaXN,Ketqua) values ('2875','27','0.5')
insert into Ketqua(MaBN,MaXN,Ketqua) values ('2875','28','')
insert into Ketqua(MaBN,MaXN,Ketqua) values ('2875','29','108')
insert into Ketqua(MaBN,MaXN,Ketqua) values ('2875','40','5.1')
insert into Ketqua(MaBN,MaXN,Ketqua) values ('2876','41','')
insert into Ketqua(MaBN,MaXN,Ketqua) values ('2876','42','')
insert into Ketqua(MaBN,MaXN,Ketqua) values ('2876','1','8.3')
insert into Ketqua(MaBN,MaXN,Ketqua) values ('2876','2','4.41')
insert into Ketqua(MaBN,MaXN,Ketqua) values ('2876','3','12.5')
insert into Ketqua(MaBN,MaXN,Ketqua) values ('2876','4','37.9')
insert into Ketqua(MaBN,MaXN,Ketqua) values ('2876','5','85.9')
insert into Ketqua(MaBN,MaXN,Ketqua) values ('2876','6','28.3')
insert into Ketqua(MaBN,MaXN,Ketqua) values ('2876','7','33.0')
insert into Ketqua(MaBN,MaXN,Ketqua) values ('2876','8','255')
insert into Ketqua(MaBN,MaXN,Ketqua) values ('2876','9','29.0')
insert into Ketqua(MaBN,MaXN,Ketqua) values ('2876','10','1.6')
insert into Ketqua(MaBN,MaXN,Ketqua) values ('2876','11','69.4')
insert into Ketqua(MaBN,MaXN,Ketqua) values ('2876','12','10.5')
insert into Ketqua(MaBN,MaXN,Ketqua) values ('2876','13','0.18')
insert into Ketqua(MaBN,MaXN,Ketqua) values ('2876','14','6.9')
insert into Ketqua(MaBN,MaXN,Ketqua) values ('2876','15','15.8')
insert into Ketqua(MaBN,MaXN,Ketqua) values ('2876','16','(B)')
insert into Ketqua(MaBN,MaXN,Ketqua) values ('2876','17','(+)')
insert into Ketqua(MaBN,MaXN,Ketqua) values ('2876','18','')
insert into Ketqua(MaBN,MaXN,Ketqua) values ('2876','19','ÂM TÍNH')
insert into Ketqua(MaBN,MaXN,Ketqua) values ('2876','20','ÂM TÍNH')
insert into Ketqua(MaBN,MaXN,Ketqua) values ('2876','21','ÂM TÍNH')
insert into Ketqua(MaBN,MaXN,Ketqua) values ('2876','22','ÂM TÍNH')
insert into Ketqua(MaBN,MaXN,Ketqua) values ('2876','23','DƯƠNG TÍNH 118.3')
insert into Ketqua(MaBN,MaXN,Ketqua) values ('2876','24','ÂM TÍNH 0.4')
insert into Ketqua(MaBN,MaXN,Ketqua) values ('2876','25','2.0')
insert into Ketqua(MaBN,MaXN,Ketqua) values ('2876','26','1.0')
insert into Ketqua(MaBN,MaXN,Ketqua) values ('2876','27','4.2')
insert into Ketqua(MaBN,MaXN,Ketqua) values ('2876','28','')
insert into Ketqua(MaBN,MaXN,Ketqua) values ('2876','29','102')
insert into Ketqua(MaBN,MaXN,Ketqua) values ('2876','40','5.3')
insert into Ketqua(MaBN,MaXN,Ketqua) values ('2877','41','')
insert into Ketqua(MaBN,MaXN,Ketqua) values ('2877','42','')
insert into Ketqua(MaBN,MaXN,Ketqua) values ('2877','1','10.5')
insert into Ketqua(MaBN,MaXN,Ketqua) values ('2877','2','ÂM TÍNH')
insert into Ketqua(MaBN,MaXN,Ketqua) values ('2877','3','ÂM TÍNH')
insert into Ketqua(MaBN,MaXN,Ketqua) values ('2877','21','ÂM TÍNH')
insert into Ketqua(MaBN,MaXN,Ketqua) values ('2877','22','ÂM TÍNH')
insert into Ketqua(MaBN,MaXN,Ketqua) values ('2877','23','3.4')
insert into Ketqua(MaBN,MaXN,Ketqua) values ('2877','24','1.1')
insert into Ketqua(MaBN,MaXN,Ketqua) values ('2877','27','0.4')
insert into Ketqua(MaBN,MaXN,Ketqua) values ('2877','28','')
insert into Ketqua(MaBN,MaXN,Ketqua) values ('2877','29','110')
insert into Ketqua(MaBN,MaXN,Ketqua) values ('2877','40','5.0')
insert into Ketqua(MaBN,MaXN,Ketqua) values ('2877','41','')
insert into Ketqua(MaBN,MaXN,Ketqua) values ('2878','42','')
insert into Ketqua(MaBN,MaXN,Ketqua) values ('2878','39','')
insert into Ketqua(MaBN,MaXN,Ketqua) values ('2878','1','8.9')
insert into Ketqua(MaBN,MaXN,Ketqua) values ('2878','2','4.52')
insert into Ketqua(MaBN,MaXN,Ketqua) values ('2878','3','13.9')
insert into Ketqua(MaBN,MaXN,Ketqua) values ('2878','4','41.1')
insert into Ketqua(MaBN,MaXN,Ketqua) values ('2878','5','90.9')
insert into Ketqua(MaBN,MaXN,Ketqua) values ('2878','6','30.8')
insert into Ketqua(MaBN,MaXN,Ketqua) values ('2878','7','33.8')
insert into Ketqua(MaBN,MaXN,Ketqua) values ('2878','8','248')
insert into Ketqua(MaBN,MaXN,Ketqua) values ('2878','9','31.4')
insert into Ketqua(MaBN,MaXN,Ketqua) values ('2878','10','4.9')
insert into Ketqua(MaBN,MaXN,Ketqua) values ('2878','11','63.7')
insert into Ketqua(MaBN,MaXN,Ketqua) values ('2878','12','10.9')
insert into Ketqua(MaBN,MaXN,Ketqua) values ('2878','13','ÂM TÍNH')
insert into Ketqua(MaBN,MaXN,Ketqua) values ('2878','14','ÂM TÍNH')
insert into Ketqua(MaBN,MaXN,Ketqua) values ('2878','22','ÂM TÍNH')
insert into Ketqua(MaBN,MaXN,Ketqua) values ('2878','23','DƯƠNG TÍNH 135.0')
insert into Ketqua(MaBN,MaXN,Ketqua) values ('2878','24','ÂM TÍNH 0.27')
insert into Ketqua(MaBN,MaXN,Ketqua) values ('2878','25','3.4')
insert into Ketqua(MaBN,MaXN,Ketqua) values ('2878','26','1.4')
insert into Ketqua(MaBN,MaXN,Ketqua) values ('2878','27','0.9')
insert into Ketqua(MaBN,MaXN,Ketqua) values ('2878','28','')
insert into Ketqua(MaBN,MaXN,Ketqua) values ('2878','29','102')
insert into Ketqua(MaBN,MaXN,Ketqua) values ('2878','40','5.3')
insert into Ketqua(MaBN,MaXN,Ketqua) values ('2879','41','')
insert into Ketqua(MaBN,MaXN,Ketqua) values ('2879','42','')
insert into Ketqua(MaBN,MaXN,Ketqua) values ('2879','1','10.0')
insert into Ketqua(MaBN,MaXN,Ketqua) values ('2879','2','4.04')
insert into Ketqua(MaBN,MaXN,Ketqua) values ('2879','3','11.2')
insert into Ketqua(MaBN,MaXN,Ketqua) values ('2879','4','35.6')
insert into Ketqua(MaBN,MaXN,Ketqua) values ('2879','5','84.0')
insert into Ketqua(MaBN,MaXN,Ketqua) values ('2879','6','27.7')
insert into Ketqua(MaBN,MaXN,Ketqua) values ('2879','7','30.3')
insert into Ketqua(MaBN,MaXN,Ketqua) values ('2879','8','352')
insert into Ketqua(MaBN,MaXN,Ketqua) values ('2877','9','4.22')
insert into Ketqua(MaBN,MaXN,Ketqua) values ('2877','10','12.1')
insert into Ketqua(MaBN,MaXN,Ketqua) values ('2877','4','38.2')
insert into Ketqua(MaBN,MaXN,Ketqua) values ('2877','5','90.5')
insert into Ketqua(MaBN,MaXN,Ketqua) values ('2877','6','28.7')
insert into Ketqua(MaBN,MaXN,Ketqua) values ('2877','7','31.7')
insert into Ketqua(MaBN,MaXN,Ketqua) values ('2877','8','326')
insert into Ketqua(MaBN,MaXN,Ketqua) values ('2877','9','32.4')
insert into Ketqua(MaBN,MaXN,Ketqua) values ('2877','10','2.1')
insert into Ketqua(MaBN,MaXN,Ketqua) values ('2877','11','65.5')
insert into Ketqua(MaBN,MaXN,Ketqua) values ('2877','12','11.9')
insert into Ketqua(MaBN,MaXN,Ketqua) values ('2877','13','0.2')
insert into Ketqua(MaBN,MaXN,Ketqua) values ('2877','14','6.0')
insert into Ketqua(MaBN,MaXN,Ketqua) values ('2877','15','16.6')
insert into Ketqua(MaBN,MaXN,Ketqua) values ('2877','16','')
insert into Ketqua(MaBN,MaXN,Ketqua) values ('2878','17','0.17')
insert into Ketqua(MaBN,MaXN,Ketqua) values ('2878','20','6.9')
insert into Ketqua(MaBN,MaXN,Ketqua) values ('2878','15','16.9')
insert into Ketqua(MaBN,MaXN,Ketqua) values ('2878','16','(A)')
insert into Ketqua(MaBN,MaXN,Ketqua) values ('2878','17','(+)')
insert into Ketqua(MaBN,MaXN,Ketqua) values ('2878','18','')
insert into Ketqua(MaBN,MaXN,Ketqua) values ('2878','19','DƯƠNG TÍNH')
insert into Ketqua(MaBN,MaXN,Ketqua) values ('2879','20','26.0')
insert into Ketqua(MaBN,MaXN,Ketqua) values ('2879','21','4.9')
insert into Ketqua(MaBN,MaXN,Ketqua) values ('2880','11','')
insert into Ketqua(MaBN,MaXN,Ketqua) values ('2880','42','350')
insert into Ketqua(MaBN,MaXN,Ketqua) values ('2881','20','')
insert into Ketqua(MaBN,MaXN,Ketqua) values ('2881','31','1385')
insert into Ketqua(MaBN,MaXN,Ketqua) values ('2882','20','')
insert into Ketqua(MaBN,MaXN,Ketqua) values ('2882','31','ÂM TÍNH 0.7')
insert into Ketqua(MaBN,MaXN,Ketqua) values ('2882','20','ÂM TÍNH 0.32')
insert into Ketqua(MaBN,MaXN,Ketqua) values ('2883','25','')
insert into Ketqua(MaBN,MaXN,Ketqua) values ('2883','26','')
insert into Ketqua(MaBN,MaXN,Ketqua) values ('2883','1','9.4')
insert into Ketqua(MaBN,MaXN,Ketqua) values ('2883','2','4.65')
insert into Ketqua(MaBN,MaXN,Ketqua) values ('2883','3','13.3')
insert into Ketqua(MaBN,MaXN,Ketqua) values ('2883','4','41.1')
insert into Ketqua(MaBN,MaXN,Ketqua) values ('2883','5','88.4')
insert into Ketqua(MaBN,MaXN,Ketqua) values ('2883','6','28.6')
insert into Ketqua(MaBN,MaXN,Ketqua) values ('2883','7','32.4')
insert into Ketqua(MaBN,MaXN,Ketqua) values ('2883','8','307')
insert into Ketqua(MaBN,MaXN,Ketqua) values ('2883','9','22.8')
insert into Ketqua(MaBN,MaXN,Ketqua) values ('2883','10','3.2')
insert into Ketqua(MaBN,MaXN,Ketqua) values ('2883','11','74.0')
insert into Ketqua(MaBN,MaXN,Ketqua) values ('2883','12','11.5')
insert into Ketqua(MaBN,MaXN,Ketqua) values ('2883','13','0.2')
insert into Ketqua(MaBN,MaXN,Ketqua) values ('2883','14','6.5')
insert into Ketqua(MaBN,MaXN,Ketqua) values ('2883','15','16.2')
insert into Ketqua(MaBN,MaXN,Ketqua) values ('2883','16','( B )')
insert into Ketqua(MaBN,MaXN,Ketqua) values ('2883','17','( + )')
insert into Ketqua(MaBN,MaXN,Ketqua) values ('2883','18','')
insert into Ketqua(MaBN,MaXN,Ketqua) values ('2883','19','ÂM TÍNH')
insert into Ketqua(MaBN,MaXN,Ketqua) values ('2883','20','ÂM TÍNH')
insert into Ketqua(MaBN,MaXN,Ketqua) values ('2883','21','ÂM TÍNH')
insert into Ketqua(MaBN,MaXN,Ketqua) values ('2883','22','ÂM TÍNH')
insert into Ketqua(MaBN,MaXN,Ketqua) values ('2883','23','DƯƠNG TÍNH 59.3')
insert into Ketqua(MaBN,MaXN,Ketqua) values ('2883','24','ÂM TÍNH 0.2')
insert into Ketqua(MaBN,MaXN,Ketqua) values ('2883','25','2.3')
insert into Ketqua(MaBN,MaXN,Ketqua) values ('2883','26','1.6')
insert into Ketqua(MaBN,MaXN,Ketqua) values ('2883','27','')
insert into Ketqua(MaBN,MaXN,Ketqua) values ('2883','29','118')
insert into Ketqua(MaBN,MaXN,Ketqua) values ('2883','40','5.3')
insert into Ketqua(MaBN,MaXN,Ketqua) values ('2884','41','')
insert into Ketqua(MaBN,MaXN,Ketqua) values ('2884','42','')
insert into Ketqua(MaBN,MaXN,Ketqua) values ('2884','1','6.6')
insert into Ketqua(MaBN,MaXN,Ketqua) values ('2884','2','3.52')
insert into Ketqua(MaBN,MaXN,Ketqua) values ('2884','3','10.5')
insert into Ketqua(MaBN,MaXN,Ketqua) values ('2884','4','33.4')
insert into Ketqua(MaBN,MaXN,Ketqua) values ('2884','5','94.9')
insert into Ketqua(MaBN,MaXN,Ketqua) values ('2884','6','28.8')
insert into Ketqua(MaBN,MaXN,Ketqua) values ('2884','7','31.4')
insert into Ketqua(MaBN,MaXN,Ketqua) values ('2884','8','277')
insert into Ketqua(MaBN,MaXN,Ketqua) values ('2884','9','41.4')
insert into Ketqua(MaBN,MaXN,Ketqua) values ('2884','10','28.4')
insert into Ketqua(MaBN,MaXN,Ketqua) values ('2884','11','30.2')
insert into Ketqua(MaBN,MaXN,Ketqua) values ('2884','12','12.6')
insert into Ketqua(MaBN,MaXN,Ketqua) values ('2884','13','0.22')
insert into Ketqua(MaBN,MaXN,Ketqua) values ('2884','14','7.9')
insert into Ketqua(MaBN,MaXN,Ketqua) values ('2884','15','16.2')
insert into Ketqua(MaBN,MaXN,Ketqua) values ('2884','16','( O)')
insert into Ketqua(MaBN,MaXN,Ketqua) values ('2884','17','( + )')
insert into Ketqua(MaBN,MaXN,Ketqua) values ('2884','18','')
insert into Ketqua(MaBN,MaXN,Ketqua) values ('2884','19','ÂM TÍNH')
insert into Ketqua(MaBN,MaXN,Ketqua) values ('2884','20','ÂM TÍNH')
insert into Ketqua(MaBN,MaXN,Ketqua) values ('2884','21','ÂM TÍNH')
insert into Ketqua(MaBN,MaXN,Ketqua) values ('2884','22','ÂM TÍNH')
insert into Ketqua(MaBN,MaXN,Ketqua) values ('2884','23','DƯƠNG TÍNH 115.8')
insert into Ketqua(MaBN,MaXN,Ketqua) values ('2884','24','ÂM TÍNH 0.35')
insert into Ketqua(MaBN,MaXN,Ketqua) values ('2884','25','3.5')
insert into Ketqua(MaBN,MaXN,Ketqua) values ('2884','26','1.4')
insert into Ketqua(MaBN,MaXN,Ketqua) values ('2884','27','0.7')
insert into Ketqua(MaBN,MaXN,Ketqua) values ('2884','28','')
insert into Ketqua(MaBN,MaXN,Ketqua) values ('2884','29','93')
insert into Ketqua(MaBN,MaXN,Ketqua) values ('2884','40','4.8')
insert into Ketqua(MaBN,MaXN,Ketqua) values ('2885','41','')
insert into Ketqua(MaBN,MaXN,Ketqua) values ('2885','42','')
insert into Ketqua(MaBN,MaXN,Ketqua) values ('2885','1','9.1')
insert into Ketqua(MaBN,MaXN,Ketqua) values ('2885','2','4.07')
insert into Ketqua(MaBN,MaXN,Ketqua) values ('2885','3','11.2')
insert into Ketqua(MaBN,MaXN,Ketqua) values ('2885','4','37.1')
insert into Ketqua(MaBN,MaXN,Ketqua) values ('2885','5','91.2')
insert into Ketqua(MaBN,MaXN,Ketqua) values ('2885','6','27.5')
insert into Ketqua(MaBN,MaXN,Ketqua) values ('2885','7','30.2')
insert into Ketqua(MaBN,MaXN,Ketqua) values ('2885','8','255')
insert into Ketqua(MaBN,MaXN,Ketqua) values ('2885','9','31.1')
insert into Ketqua(MaBN,MaXN,Ketqua) values ('2885','10','12.5')
insert into Ketqua(MaBN,MaXN,Ketqua) values ('2885','11','56.4')
insert into Ketqua(MaBN,MaXN,Ketqua) values ('2885','12','13.3')
insert into Ketqua(MaBN,MaXN,Ketqua) values ('2885','13','0.26')
insert into Ketqua(MaBN,MaXN,Ketqua) values ('2885','14','10.1')
insert into Ketqua(MaBN,MaXN,Ketqua) values ('2885','15','16.6')
insert into Ketqua(MaBN,MaXN,Ketqua) values ('2885','16','(A)')
insert into Ketqua(MaBN,MaXN,Ketqua) values ('2885','17','(+)')
insert into Ketqua(MaBN,MaXN,Ketqua) values ('2885','18','')
insert into Ketqua(MaBN,MaXN,Ketqua) values ('2885','19','ÂM TÍNH')
insert into Ketqua(MaBN,MaXN,Ketqua) values ('2885','20','ÂM TÍNH')
insert into Ketqua(MaBN,MaXN,Ketqua) values ('2885','21','ÂM TÍNH')
insert into Ketqua(MaBN,MaXN,Ketqua) values ('2885','22','ÂM TÍNH')
insert into Ketqua(MaBN,MaXN,Ketqua) values ('2885','23','DƯƠNG TÍNH 126.5')
insert into Ketqua(MaBN,MaXN,Ketqua) values ('2885','24','ÂM TÍNH 0.32')
insert into Ketqua(MaBN,MaXN,Ketqua) values ('2885','25','2.0')
insert into Ketqua(MaBN,MaXN,Ketqua) values ('2885','26','0.8')
insert into Ketqua(MaBN,MaXN,Ketqua) values ('2885','27','0.9')
insert into Ketqua(MaBN,MaXN,Ketqua) values ('2885','28','')
insert into Ketqua(MaBN,MaXN,Ketqua) values ('2885','29','87')
insert into Ketqua(MaBN,MaXN,Ketqua) values ('2885','40','4.6')
insert into Ketqua(MaBN,MaXN,Ketqua) values ('2886','41','')
insert into Ketqua(MaBN,MaXN,Ketqua) values ('2886','42','DƯƠNG TÍNH 20.5')
insert into Ketqua(MaBN,MaXN,Ketqua) values ('2886','20','ÂM TÍNH 0.14')
insert into Ketqua(MaBN,MaXN,Ketqua) values ('2887','25','')
insert into Ketqua(MaBN,MaXN,Ketqua) values ('2887','26','')
insert into Ketqua(MaBN,MaXN,Ketqua) values ('2887','1','8.7')
insert into Ketqua(MaBN,MaXN,Ketqua) values ('2887','2','4.31')
insert into Ketqua(MaBN,MaXN,Ketqua) values ('2887','3','12.1')
insert into Ketqua(MaBN,MaXN,Ketqua) values ('2887','4','40.0')
insert into Ketqua(MaBN,MaXN,Ketqua) values ('2887','5','92.8')
insert into Ketqua(MaBN,MaXN,Ketqua) values ('2887','6','28.1')
insert into Ketqua(MaBN,MaXN,Ketqua) values ('2887','7','31.3')
insert into Ketqua(MaBN,MaXN,Ketqua) values ('2887','8','231')
insert into Ketqua(MaBN,MaXN,Ketqua) values ('2887','9','41.5')
insert into Ketqua(MaBN,MaXN,Ketqua) values ('2887','10','3.8')
insert into Ketqua(MaBN,MaXN,Ketqua) values ('2887','11','54.7')
insert into Ketqua(MaBN,MaXN,Ketqua) values ('2887','12','14.1')
insert into Ketqua(MaBN,MaXN,Ketqua) values ('2887','13','0.18')
insert into Ketqua(MaBN,MaXN,Ketqua) values ('2887','14','7.8')
insert into Ketqua(MaBN,MaXN,Ketqua) values ('2887','15','16.8')
insert into Ketqua(MaBN,MaXN,Ketqua) values ('2887','16','(A)')
insert into Ketqua(MaBN,MaXN,Ketqua) values ('2887','17','(+)')
insert into Ketqua(MaBN,MaXN,Ketqua) values ('2887','18','')
insert into Ketqua(MaBN,MaXN,Ketqua) values ('2887','19','ÂM TÍNH')
insert into Ketqua(MaBN,MaXN,Ketqua) values ('2887','20','ÂM TÍNH')
insert into Ketqua(MaBN,MaXN,Ketqua) values ('2887','21','ÂM TÍNH')
insert into Ketqua(MaBN,MaXN,Ketqua) values ('2887','22','ÂM TÍNH')
insert into Ketqua(MaBN,MaXN,Ketqua) values ('2887','23','DƯƠNG TÍNH 70.4')
insert into Ketqua(MaBN,MaXN,Ketqua) values ('2887','24','ÂM TÍNH 0.25')
insert into Ketqua(MaBN,MaXN,Ketqua) values ('2887','25','4.2')
insert into Ketqua(MaBN,MaXN,Ketqua) values ('2887','26','0.9')
insert into Ketqua(MaBN,MaXN,Ketqua) values ('2887','27','0.8')
insert into Ketqua(MaBN,MaXN,Ketqua) values ('2887','28','')
insert into Ketqua(MaBN,MaXN,Ketqua) values ('2887','29','76')
insert into Ketqua(MaBN,MaXN,Ketqua) values ('2887','40','4.3')
insert into Ketqua(MaBN,MaXN,Ketqua) values ('2888','41','')
insert into Ketqua(MaBN,MaXN,Ketqua) values ('2888','42','')
insert into Ketqua(MaBN,MaXN,Ketqua) values ('2888','1','10.9')
insert into Ketqua(MaBN,MaXN,Ketqua) values ('2888','2','4.67')
insert into Ketqua(MaBN,MaXN,Ketqua) values ('2888','3','12.6')
insert into Ketqua(MaBN,MaXN,Ketqua) values ('2888','4','40.8')
insert into Ketqua(MaBN,MaXN,Ketqua) values ('2888','5','87.4')
insert into Ketqua(MaBN,MaXN,Ketqua) values ('2888','6','27.0')
insert into Ketqua(MaBN,MaXN,Ketqua) values ('2888','7','30.9')
insert into Ketqua(MaBN,MaXN,Ketqua) values ('2888','8','257')
insert into Ketqua(MaBN,MaXN,Ketqua) values ('2888','9','20.9')
insert into Ketqua(MaBN,MaXN,Ketqua) values ('2888','10','3.0')
insert into Ketqua(MaBN,MaXN,Ketqua) values ('2888','11','76.1')
insert into Ketqua(MaBN,MaXN,Ketqua) values ('2888','12','11.9')
insert into Ketqua(MaBN,MaXN,Ketqua) values ('2888','13','0.2')
insert into Ketqua(MaBN,MaXN,Ketqua) values ('2888','14','7.7')
insert into Ketqua(MaBN,MaXN,Ketqua) values ('2888','15','16.7')
insert into Ketqua(MaBN,MaXN,Ketqua) values ('2888','16','DƯƠNG TÍNH 80.5')
insert into Ketqua(MaBN,MaXN,Ketqua) values ('2888','17','ÂM TÍNH 0.38')
insert into Ketqua(MaBN,MaXN,Ketqua) values ('2888','25','2.8')
insert into Ketqua(MaBN,MaXN,Ketqua) values ('2888','26','1.4')
insert into Ketqua(MaBN,MaXN,Ketqua) values ('2888','27','4.0')
insert into Ketqua(MaBN,MaXN,Ketqua) values ('2888','28','')
insert into Ketqua(MaBN,MaXN,Ketqua) values ('2888','29','76')
insert into Ketqua(MaBN,MaXN,Ketqua) values ('2888','40','4.7')
insert into Ketqua(MaBN,MaXN,Ketqua) values ('2889','41','')
insert into Ketqua(MaBN,MaXN,Ketqua) values ('2889','42','')
insert into Ketqua(MaBN,MaXN,Ketqua) values ('2889','1','11.1')
insert into Ketqua(MaBN,MaXN,Ketqua) values ('2889','2','4.25')
insert into Ketqua(MaBN,MaXN,Ketqua) values ('2889','3','12.6')
insert into Ketqua(MaBN,MaXN,Ketqua) values ('2889','4','38.5')
insert into Ketqua(MaBN,MaXN,Ketqua) values ('2889','5','90.6')
insert into Ketqua(MaBN,MaXN,Ketqua) values ('2889','6','29.6')
insert into Ketqua(MaBN,MaXN,Ketqua) values ('2889','7','32.7')
insert into Ketqua(MaBN,MaXN,Ketqua) values ('2889','8','265')
insert into Ketqua(MaBN,MaXN,Ketqua) values ('2889','9','34.9')
insert into Ketqua(MaBN,MaXN,Ketqua) values ('2889','10','8.7')
insert into Ketqua(MaBN,MaXN,Ketqua) values ('2889','11','56.4')
insert into Ketqua(MaBN,MaXN,Ketqua) values ('2889','12','12.4')
insert into Ketqua(MaBN,MaXN,Ketqua) values ('2889','13','0.22')
insert into Ketqua(MaBN,MaXN,Ketqua) values ('2889','14','8.4')
insert into Ketqua(MaBN,MaXN,Ketqua) values ('2889','15','16.4')
insert into Ketqua(MaBN,MaXN,Ketqua) values ('2889','16','(A)')
insert into Ketqua(MaBN,MaXN,Ketqua) values ('2889','17','(+)')
insert into Ketqua(MaBN,MaXN,Ketqua) values ('2889','18','')
insert into Ketqua(MaBN,MaXN,Ketqua) values ('2889','19','ÂM TÍNH')
insert into Ketqua(MaBN,MaXN,Ketqua) values ('2889','20','ÂM TÍNH')
insert into Ketqua(MaBN,MaXN,Ketqua) values ('2889','21','ÂM TÍNH')
insert into Ketqua(MaBN,MaXN,Ketqua) values ('2889','22','ÂM TÍNH')
insert into Ketqua(MaBN,MaXN,Ketqua) values ('2889','23','ÂM TÍNH 0.9')
insert into Ketqua(MaBN,MaXN,Ketqua) values ('2879','24','11.3')
insert into Ketqua(MaBN,MaXN,Ketqua) values ('2879','25','62.7')
insert into Ketqua(MaBN,MaXN,Ketqua) values ('2879','12','14.7')
insert into Ketqua(MaBN,MaXN,Ketqua) values ('2879','13','0.27')
insert into Ketqua(MaBN,MaXN,Ketqua) values ('2879','14','7.8')
insert into Ketqua(MaBN,MaXN,Ketqua) values ('2879','15','15.6')
insert into Ketqua(MaBN,MaXN,Ketqua) values ('2879','16','(A)')
insert into Ketqua(MaBN,MaXN,Ketqua) values ('2879','17','(+)')
insert into Ketqua(MaBN,MaXN,Ketqua) values ('2879','18','')
insert into Ketqua(MaBN,MaXN,Ketqua) values ('2879','19','DƯƠNG TÍNH')
insert into Ketqua(MaBN,MaXN,Ketqua) values ('2879','20','ÂM TÍNH')
insert into Ketqua(MaBN,MaXN,Ketqua) values ('2879','21','ÂM TÍNH')
insert into Ketqua(MaBN,MaXN,Ketqua) values ('2879','22','ÂM TÍNH')
insert into Ketqua(MaBN,MaXN,Ketqua) values ('2879','23','DƯƠNG TÍNH 50.2')
insert into Ketqua(MaBN,MaXN,Ketqua) values ('2879','24','ÂM TÍNH 0.37')
insert into Ketqua(MaBN,MaXN,Ketqua) values ('2879','25','3.6')
insert into Ketqua(MaBN,MaXN,Ketqua) values ('2879','26','0.8')
insert into Ketqua(MaBN,MaXN,Ketqua) values ('2879','27','0.7')
insert into Ketqua(MaBN,MaXN,Ketqua) values ('2879','28','')
insert into Ketqua(MaBN,MaXN,Ketqua) values ('2879','29','91')
insert into Ketqua(MaBN,MaXN,Ketqua) values ('2883','40','0.9')
insert into Ketqua(MaBN,MaXN,Ketqua) values ('2888','41','(B)')
insert into Ketqua(MaBN,MaXN,Ketqua) values ('2888','28','(+)')
insert into Ketqua(MaBN,MaXN,Ketqua) values ('2888','18','')
insert into Ketqua(MaBN,MaXN,Ketqua) values ('2888','19','ÂM TÍNH')
insert into Ketqua(MaBN,MaXN,Ketqua) values ('2888','20','ÂM TÍNH')
insert into Ketqua(MaBN,MaXN,Ketqua) values ('2888','21','ÂM TÍNH')
insert into Ketqua(MaBN,MaXN,Ketqua) values ('2888','22','ÂM TÍNH')
insert into Ketqua(MaBN,MaXN,Ketqua) values ('2889','23','ÂM TÍNH 0.21')
insert into Ketqua(MaBN,MaXN,Ketqua) values ('2889','24','2.0')
insert into Ketqua(MaBN,MaXN,Ketqua) values ('2889','26','0.7')
insert into Ketqua(MaBN,MaXN,Ketqua) values ('2889','27','1.6')
insert into Ketqua(MaBN,MaXN,Ketqua) values ('2889','28','')
insert into Ketqua(MaBN,MaXN,Ketqua) values ('2889','29','103')
insert into Ketqua(MaBN,MaXN,Ketqua) values ('2889','40','4.8')
insert into Ketqua(MaBN,MaXN,Ketqua) values ('2890','41','')
insert into Ketqua(MaBN,MaXN,Ketqua) values ('2890','42','')
insert into Ketqua(MaBN,MaXN,Ketqua) values ('2890','1','8.7')
insert into Ketqua(MaBN,MaXN,Ketqua) values ('2890','2','4.44')
insert into Ketqua(MaBN,MaXN,Ketqua) values ('2890','3','13.3')
insert into Ketqua(MaBN,MaXN,Ketqua) values ('2890','4','40.9')
insert into Ketqua(MaBN,MaXN,Ketqua) values ('2890','5','92.1')
insert into Ketqua(MaBN,MaXN,Ketqua) values ('2890','6','30.0')
insert into Ketqua(MaBN,MaXN,Ketqua) values ('2890','7','32.5')
insert into Ketqua(MaBN,MaXN,Ketqua) values ('2890','8','296')
insert into Ketqua(MaBN,MaXN,Ketqua) values ('2890','9','25.6')
insert into Ketqua(MaBN,MaXN,Ketqua) values ('2890','10','9.0')
insert into Ketqua(MaBN,MaXN,Ketqua) values ('2890','11','65.4')
insert into Ketqua(MaBN,MaXN,Ketqua) values ('2890','12','11.7')
insert into Ketqua(MaBN,MaXN,Ketqua) values ('2890','13','0.19')
insert into Ketqua(MaBN,MaXN,Ketqua) values ('2890','14','6.4')
insert into Ketqua(MaBN,MaXN,Ketqua) values ('2890','15','16.8')
insert into Ketqua(MaBN,MaXN,Ketqua) values ('2890','16','(A)')
insert into Ketqua(MaBN,MaXN,Ketqua) values ('2890','17','(+)')
insert into Ketqua(MaBN,MaXN,Ketqua) values ('2890','18','')
insert into Ketqua(MaBN,MaXN,Ketqua) values ('2890','19','ÂM TÍNH')
insert into Ketqua(MaBN,MaXN,Ketqua) values ('2890','20','ÂM TÍNH')
insert into Ketqua(MaBN,MaXN,Ketqua) values ('2890','21','ÂM TÍNH')
insert into Ketqua(MaBN,MaXN,Ketqua) values ('2890','22','ÂM TÍNH')
insert into Ketqua(MaBN,MaXN,Ketqua) values ('2890','23','ÂM TÍNH 0.8')
insert into Ketqua(MaBN,MaXN,Ketqua) values ('2890','24','ÂM TÍNH 0.23')
insert into Ketqua(MaBN,MaXN,Ketqua) values ('2890','25','3.5')
insert into Ketqua(MaBN,MaXN,Ketqua) values ('2890','26','0.9')
insert into Ketqua(MaBN,MaXN,Ketqua) values ('2890','27','4.6')
insert into Ketqua(MaBN,MaXN,Ketqua) values ('2890','28','')
insert into Ketqua(MaBN,MaXN,Ketqua) values ('2890','29','125')
insert into Ketqua(MaBN,MaXN,Ketqua) values ('2890','40','5.2')
insert into Ketqua(MaBN,MaXN,Ketqua) values ('2891','41','')
insert into Ketqua(MaBN,MaXN,Ketqua) values ('2891','42','')
insert into Ketqua(MaBN,MaXN,Ketqua) values ('2891','1','7.6')
insert into Ketqua(MaBN,MaXN,Ketqua) values ('2891','2','5.23')
insert into Ketqua(MaBN,MaXN,Ketqua) values ('2891','3','10.8')
insert into Ketqua(MaBN,MaXN,Ketqua) values ('2891','4','36.1')
insert into Ketqua(MaBN,MaXN,Ketqua) values ('2891','5','69.0')
insert into Ketqua(MaBN,MaXN,Ketqua) values ('2891','6','20.7')
insert into Ketqua(MaBN,MaXN,Ketqua) values ('2891','7','29.9')
insert into Ketqua(MaBN,MaXN,Ketqua) values ('2891','8','309')
insert into Ketqua(MaBN,MaXN,Ketqua) values ('2891','9','39.7')
insert into Ketqua(MaBN,MaXN,Ketqua) values ('2891','10','9.5')
insert into Ketqua(MaBN,MaXN,Ketqua) values ('2891','11','50.8')
insert into Ketqua(MaBN,MaXN,Ketqua) values ('2891','12','13.9')
insert into Ketqua(MaBN,MaXN,Ketqua) values ('2891','13','0.25')
insert into Ketqua(MaBN,MaXN,Ketqua) values ('2891','14','8.2')
insert into Ketqua(MaBN,MaXN,Ketqua) values ('2891','15','15.8')
insert into Ketqua(MaBN,MaXN,Ketqua) values ('2891','16','(O)')
insert into Ketqua(MaBN,MaXN,Ketqua) values ('2891','17','(+)')
insert into Ketqua(MaBN,MaXN,Ketqua) values ('2891','18','')
insert into Ketqua(MaBN,MaXN,Ketqua) values ('2891','19','ÂM TÍNH')
insert into Ketqua(MaBN,MaXN,Ketqua) values ('2891','20','ÂM TÍNH')
insert into Ketqua(MaBN,MaXN,Ketqua) values ('2891','21','ÂM TÍNH')
insert into Ketqua(MaBN,MaXN,Ketqua) values ('2891','23','DƯƠNG TÍNH 89.0')
insert into Ketqua(MaBN,MaXN,Ketqua) values ('2891','24','ÂM TÍNH 0.14')
insert into Ketqua(MaBN,MaXN,Ketqua) values ('2891','25','')
insert into Ketqua(MaBN,MaXN,Ketqua) values ('2891','26','')
insert into Ketqua(MaBN,MaXN,Ketqua) values ('2891','39','96')
insert into Ketqua(MaBN,MaXN,Ketqua) values ('2892','40','')
insert into Ketqua(MaBN,MaXN,Ketqua) values ('2892','41','')
insert into Ketqua(MaBN,MaXN,Ketqua) values ('2892','1','9.8')
insert into Ketqua(MaBN,MaXN,Ketqua) values ('2892','2','4.31')
insert into Ketqua(MaBN,MaXN,Ketqua) values ('2892','3','12.1')
insert into Ketqua(MaBN,MaXN,Ketqua) values ('2892','4','37.4')
insert into Ketqua(MaBN,MaXN,Ketqua) values ('2892','5','86.8')
insert into Ketqua(MaBN,MaXN,Ketqua) values ('2892','6','28.1')
insert into Ketqua(MaBN,MaXN,Ketqua) values ('2892','7','32.4')
insert into Ketqua(MaBN,MaXN,Ketqua) values ('2892','8','268')
insert into Ketqua(MaBN,MaXN,Ketqua) values ('2892','9','31.8')
insert into Ketqua(MaBN,MaXN,Ketqua) values ('2892','10','2.2')
insert into Ketqua(MaBN,MaXN,Ketqua) values ('2892','11','65.0')
insert into Ketqua(MaBN,MaXN,Ketqua) values ('2892','12','10.7')
insert into Ketqua(MaBN,MaXN,Ketqua) values ('2892','13','0.2')
insert into Ketqua(MaBN,MaXN,Ketqua) values ('2892','14','7.4')
insert into Ketqua(MaBN,MaXN,Ketqua) values ('2892','15','17.1')
insert into Ketqua(MaBN,MaXN,Ketqua) values ('2892','16','( AB )')
insert into Ketqua(MaBN,MaXN,Ketqua) values ('2892','17','( + )')
insert into Ketqua(MaBN,MaXN,Ketqua) values ('2892','18','')
insert into Ketqua(MaBN,MaXN,Ketqua) values ('2892','19','ÂM TÍNH')
insert into Ketqua(MaBN,MaXN,Ketqua) values ('2892','20','ÂM TÍNH')
insert into Ketqua(MaBN,MaXN,Ketqua) values ('2892','21','ÂM TÍNH')
insert into Ketqua(MaBN,MaXN,Ketqua) values ('2892','22','ÂM TÍNH')
insert into Ketqua(MaBN,MaXN,Ketqua) values ('2892','23','')
insert into Ketqua(MaBN,MaXN,Ketqua) values ('2892','24','')
insert into Ketqua(MaBN,MaXN,Ketqua) values ('2892','39','')
insert into Ketqua(MaBN,MaXN,Ketqua) values ('2892','39','80')
insert into Ketqua(MaBN,MaXN,Ketqua) values ('2893','40','')
insert into Ketqua(MaBN,MaXN,Ketqua) values ('2893','41','340.7')
end
select * from Ketqua
select k.MaXN,x.GiaTien as tong from Ketqua k,Xetnghiem x where MaBN='2713' and k.MaXN=x.MaXN

SELECT tongtien=SUM(GiaTien) FROM  Ketqua k,Xetnghiem x where MaBN='2713' and k.MaXN=x.MaXN
SELECT SUM(GiaTien) FROM  Ketqua k,Xetnghiem x where MaBN='2717' and k.MaXN=x.MaXN
/*
select *from Ketqua
select *from BenhNhan
select * from Xetnghiem where LoaiXN=N'Miễn dịch'
select * from Xetnghiem where LoaiXN=N'Sinh hóa'
select * from Xetnghiem where LoaiXN=N'ĐMTB'
select LoaiXN from Xetnghiem
select k.MaXN,TenXN,Ketqua,Donvi,Chiso from Ketqua k,Xetnghiem x where MaBN='2713' and k.MaXN=x.MaXN
select MAX(MaBN) as MaBN  from BenhNhan
select * from BenhNhan where MaBN='2913'*/
select top 1 mabn from BenhNhan order by mabn desc 
select k.MaBN, Hoten, Namsinh, Diachi, Dienthoai, Chuandoan, BSCD, NgayXN, X.MaXN, TenXN, Ketqua from Xetnghiem X, BenhNhan B, Ketqua K where B.MaBN= K.MaBN and B.MaBN='2715' and X.MaXN = K.MaXN

select (select DISTINCT k.MaBN) AS thongtin, X.TenXN, K.Ketqua from Xetnghiem X, BenhNhan B, Ketqua K where B.MaBN= K.MaBN and B.MaBN='2715' and X.MaXN = K.MaXN 
select B.Hoten, X.TenXN, K.Ketqua from Xetnghiem X, BenhNhan B, Ketqua K where B.MaBN= K.MaBN and B.MaBN='2715' and X.MaXN = K.MaXN 


DECLARE @myVariable INT; SET @myVariable = (select sum(Giatien) as tongtien from Xetnghiem X, BenhNhan B, Ketqua K where K.MaBN=B.MaBN and K.MaXN=X.MaXN and K.MaBN='2714')
select MaBN,Hoten,NgayXN,Namsinh,BSCD,Chuandoan, Dienthoai, Diachi from BenhNhan Where MaBN like '000'
select DISTINCT MaBN,Hoten from BenhNhan Where MaBN like '271%'

select DISTINCT k.MaBN, B.Hoten, X.TenXN, K.Ketqua, B.BSCD, B.NgayXN, B.Chuandoan, X.GiaTien from Xetnghiem X, BenhNhan B, Ketqua K where B.MaBN = K.MaBN and B.MaBN = '2713' and X.MaXN = K.MaXN 

Select SUM(GiaTien) AS tongtien FROM  Ketqua k,Xetnghiem x where MaBN='2713' and k.MaXN=x.MaXN 
/*tongtien = (SELECT SUM(GiaTien) AS Tong FROM Ketqua k,Xetnghiem x where MaBN = '" + MaBN + "' and k.MaXN = x.MaXN)*/
select * from DN
update Xetnghiem set Donvi='ml' where MaXN='16'
update Xetnghiem set Donvi='ml' where MaXN='17'
update Xetnghiem set Donvi='200-400' where MaXN='18'
update Xetnghiem set Donvi='U/L' where MaXN='19'
update Xetnghiem set Donvi='pg/ml' where MaXN='20'
update Xetnghiem set Donvi='ml' where MaXN='26'
update Xetnghiem set Donvi='ml' where MaXN='27'
update Xetnghiem set Donvi='ml' where MaXN='28'
update Xetnghiem set Donvi='ml/gr' where MaXN='29'
update Xetnghiem set Donvi='20-40' where MaXN='30'
update Xetnghiem set Donvi='ml' where MaXN='31'
insert into Xetnghiem(MaXN,LoaiXN,TenXN,Chiso,Donvi,GiaTien) values ('2','TPTTB','RBC','3,5 - 6,0','10^12/l','0')
select * from Xetnghiem where MaXN='16';
update Xetnghiem set Chiso ='ÂM TÍNH' where MaXN='16'
select * from Xetnghiem order by MaXN+0 asc
select k.MaXN,TenXN,Ketqua,Donvi,Chiso from Ketqua k,Xetnghiem x where MaBN='2713' and k.MaXN=x.MaXN order by k.MaXN+0 asc
select * from Ketqua where MaBN='2716'

select DISTINCT MaBN,Hoten from BenhNhan Where MaBN like '2713%'
insert into Ketqua(MaBN,MaXN,Ketqua) values ('','','')
select * from BenhNhan
select k.MaXN,TenXN,Ketqua,Donvi,Chiso from Ketqua k,Xetnghiem x where MaBN='2714' and k.MaXN=x.MaXN order by k.MaXN+0 asc
select MaXN, TenXN,LoaiXN,Chiso,GiaTien,Donvi from Xetnghiem order by MaXN+0 asc
select top 1 MaXN from Xetnghiem
select MaXN, TenXN,LoaiXN,Chiso,GiaTien,Donvi from Xetnghiem order by MaXN+0 asc
Delete  Xetnghiem where MaXN='48'
select * from Xetnghiem where MaXN='48'
select MaTB,TenTB,Soluong,Nhasanxuat,Dongia,TenloaiTB from Thietbi, Loaithietbi
select * from Loaithietbi
select DISTINCT k.MaBN, B.Hoten, X.TenXN, B.BSCD, B.NgayXN, X.GiaTien from Xetnghiem X, BenhNhan B, Ketqua K where B.MaBN = K.MaBN and B.MaBN = '2713' and X.MaXN = K.MaXN

Select MaNV ,Hoten,Namsinh,Gioitinh,Dienthoai,Diachi,Chucvu from Nhanvien ORDER BY SUBSTRING(MaNV,5,6) ASC
SELECT SUBSTRING('BS002',3,4)
update DN set MK='admin' where TENDN='admin'
select DISTINCT MaBN,Hoten,Namsinh,Diachi,Dienthoai,Chuandoan,BSCD,NgayXN from BenhNhan where MaBN like '2713%'
select DISTINCT MaBN,Hoten from BenhNhan Where MaBN like '2713%'
select * from DN
UPDATE Ketqua SET Ketqua='15' where MaXN='1' and MaBN='2915'
select * from BenhNhan where MaBN='2915'
select MaXN from Xetnghiem Where TenXN='WBC'